profile,scheme,scale,renderer,scene,backdrop,component,pose,tinted,set,R,twin,ratio2Native,ratio2Web,levelNative,levelWeb,structureNative,structureWeb,rimPeakWeb,rimPeakNative,tintDeltaLWeb,tintChromaDeltaWeb,ssim,deP95,departure,departureNative
apple-macos-27.0-1x-dark-standard-glass0.5,dark,1,css,checkerboard-32__capsule-button__rest-tint-orange,checkerboard-32,capsule-button,active,True,probe,0.7698203547070589,2.617510648395497,9056366.298438841,9392828.017221585,0.44182332939097413,0.4272932570316635,0.025143320767586227,0.00889000067222743,2.3716457138667213e-05,0.029754831853417096,-0.02863542313684586,0.17507521370831788,0.981093046447413,0.011921539853522964,0.0011959156941382546,0.0007153103027153039
apple-macos-27.0-1x-dark-standard-glass0.5,dark,1,webgpu,checkerboard-32__capsule-button__rest-tint-orange,checkerboard-32,capsule-button,active,True,probe,0.7527259434319109,1.2298735910242846,9056366.298438841,9364272.581287907,0.44182332939097413,0.4289762446411286,0.025143320767586227,0.021591258899052793,0.02567717904598732,0.029754831853417096,-0.027823145880236044,0.17440639515592551,0.9970289022647139,0.010941226378728545,0.0006101171289092967,0.0007153103027153039
apple-macos-27.0-1x-dark-standard-glass0.5,dark,1,css,checkerboard-4__capsule-button__rest-tint-orange,checkerboard-4,capsule-button,active,True,probe,1.2465434819397017,4.104633672234677,9027217.118657338,9393076.972603375,0.4425545950405326,0.427511044379517,0.02459388143353796,0.005720453161272664,2.3716457138667213e-05,0.03232219646374673,-0.02851013829718596,0.1750639372725082,0.9869356580711437,0.013690741182409743,0.0012519544066491302,0.0007416228513064244
apple-macos-27.0-1x-dark-standard-glass0.5,dark,1,webgpu,checkerboard-4__capsule-button__rest-tint-orange,checkerboard-4,capsule-button,active,True,probe,0.7629205680538999,1.1157784864256934,9027217.118657338,9363724.83075307,0.4425545950405326,0.42897293580224266,0.02459388143353796,0.022830296027877842,0.02550955205860006,0.03232219646374673,-0.027829250021173202,0.17439120145228856,0.9980626683399438,0.011921539853522964,0.0006090847507509815,0.0007416228513064244
apple-macos-27.0-1x-dark-standard-glass0.5,dark,1,css,checkerboard-64__capsule-button__rest-tint-orange,checkerboard-64,capsule-button,active,True,probe,0.8880498918518297,3.696018430818744,7805143.078895707,8125252.571411352,0.4415659319766319,0.4272591676061129,0.033356558793452874,0.009252451103808105,2.3716457138667213e-05,0.011736918330785828,-0.06794832916049953,0.17507480321315902,0.97610346582289,0.01558887598592761,0.00031959376662825395,0.00019164367943781335
apple-macos-27.0-1x-dark-standard-glass0.5,dark,1,webgpu,checkerboard-64__capsule-button__rest-tint-orange,checkerboard-64,capsule-button,active,True,probe,0.7275377986971331,1.3024939836775586,7805143.078895707,8098634.418030333,0.4415659319766319,0.4266109777426988,0.033356558793452874,0.025274907870987264,0.003639111698884423,0.011736918330785828,-0.0684667606031939,0.17452712460860811,0.9992430819406406,0.01129048679966674,0.0004941738019887192,0.00019164367943781335
apple-macos-27.0-1x-dark-standard-glass0.5,dark,1,css,checkerboard-8__capsule-button__rest-tint-orange,checkerboard-8,capsule-button,active,True,probe,2.6097656636290933,9.499232205505061,9040701.312853593,9393243.24824382,0.4418873916188174,0.4276555439083454,0.02478566866481601,0.002720091862877893,0.0015836637844142132,0.031860422346057626,-0.028427017320371784,0.1750571946896374,0.9852108128148442,0.013393111302814186,0.0009243416677519628,0.0007197339521371155
apple-macos-27.0-1x-dark-standard-glass0.5,dark,1,webgpu,checkerboard-8__capsule-button__rest-tint-orange,checkerboard-8,capsule-button,active,True,probe,0.7518614157140616,1.0969460446026784,9040701.312853593,9363392.080297442,0.4418873916188174,0.4289750655899629,0.02478566866481601,0.023498743441303573,0.025630528509825112,0.031860422346057626,-0.02783089408472139,0.17438111251110533,0.9977813734071672,0.01129048679966674,0.0006070041709243445,0.0007197339521371155
apple-macos-27.0-1x-dark-standard-glass0.5,dark,1,css,checkerboard__capsule-button__inactive-tint-orange,checkerboard,capsule-button,inactive,True,calibration,1.602496990115791e-06,0.0002021089087537643,43832.05376743814,1.3647590158944434,0.284145978722099,0.3182340166919344,0.052885923538931054,0.008698001082987822,1.609823385706477e-15,0.007181676039276497,-0.11107935055480167,-4.140371152462213e-09,0.9756900975630245,0.01305353406447719,0.0006706333844658675,0.0016391685686718614
apple-macos-27.0-1x-dark-standard-glass0.5,dark,1,webgpu,checkerboard__capsule-button__inactive-tint-orange,checkerboard,capsule-button,inactive,True,calibration,1.4411896615200113e-06,3.086969741729989e-05,43832.05376743814,1.3574566844542617,0.284145978722099,0.31735047096163105,0.052885923538931054,0.06298231862861027,0.001239449888819355,0.007181676039276497,-0.11171178046517205,-4.163944462241932e-09,0.9829345355841433,0.020189519465707143,0.0006268985237665223,0.0016391685686718614
apple-macos-27.0-1x-dark-standard-glass0.5,dark,1,css,checkerboard__capsule-button__rest-tint-orange,checkerboard,capsule-button,active,True,calibration,1.0643435857451646,3.5753093475016193,9050816.656389693,9393006.00364113,0.4412923191036625,0.42747126438211697,0.02491484865198677,0.006610272430272848,2.3716457138667213e-05,0.030413527393806483,-0.0285330455118461,0.1750650180525946,0.9824340745636818,0.013234297720453843,0.0010264939412867173,0.0007152676514075568
apple-macos-27.0-1x-dark-standard-glass0.5,dark,1,webgpu,checkerboard__capsule-button__rest-tint-orange,checkerboard,capsule-button,active,True,calibration,0.7537833523408052,1.1408192198048708,9050816.656389693,9363855.031694239,0.4412923191036625,0.42896519553567497,0.02491484865198677,0.02271825428513438,0.025471208216996333,0.030413527393806483,-0.027832263601584084,0.17439582727729566,0.997405457108703,0.01129048679966674,0.0006082931471301476,0.0007152676514075568
apple-macos-27.0-1x-dark-standard-glass0.5,dark,1,css,dark-solid__capsule-button__inactive-tint-orange,dark-solid,capsule-button,inactive,True,calibration,0.786830017321922,0.0012465774977042192,0.8559763809491608,0.00038288603507044273,0.06838485417453809,0.04659787558311408,0.0029291212948820873,0.0008705361298885326,0,0,0.1325703854974223,-0.00382224348724571,0.995102684790093,0.0499105855991995,-5.6052074317914325e-06,2.1587126748132235e-05
apple-macos-27.0-1x-dark-standard-glass0.5,dark,1,webgpu,dark-solid__capsule-button__inactive-tint-orange,dark-solid,capsule-button,inactive,True,calibration,1.5951466728789176,0.005032268609392002,0.8559763809491608,0.0014997312962486155,0.06838485417453809,0.04660029773559412,0.0029291212948820873,0.0008457479273788543,0,0,0.13257680784494283,-0.003818352167690324,0.9951089809432704,0.0499105855991995,-5.52009174174027e-06,2.1587126748132235e-05
apple-macos-27.0-1x-dark-standard-glass0.5,dark,1,css,dark-solid__capsule-button__rest-tint-orange,dark-solid,capsule-button,active,True,calibration,0.7802323397716718,2.7299009025853747,45.16450561862492,45.78690272763353,0.43023993700202284,0.4269992699565129,0.029725194673037324,0.010909520530057464,0,0.013841516374516638,0.53762252228886,0.17126565545727812,0.9759979124682181,0.0025089060629558584,-0.0022505737510730424,-3.118040791685244e-05
apple-macos-27.0-1x-dark-standard-glass0.5,dark,1,webgpu,dark-solid__capsule-button__rest-tint-orange,dark-solid,capsule-button,active,True,calibration,0.7357115274265501,1.3281017444051,45.16450561862492,45.654252585359224,0.43023993700202284,0.4255511771239637,0.029725194673037324,0.022276406037830473,0,0.013841516374516638,0.5366905942114941,0.17082131643722198,0.9994454317990843,0.0025089060629558584,-4.0720283075286766e-05,-3.118040791685244e-05
apple-macos-27.0-1x-dark-standard-glass0.5,dark,1,css,mid-chroma-solid__capsule-button__inactive-tint-orange,mid-chroma-solid,capsule-button,inactive,True,probe,4.267336942359654,0.0029959501620792006,0.8766770507182077,0.0016464481838346396,0.2438845621252724,0.12999378516941978,0.003151190496863728,0.001738572347320197,6.38378239159465e-16,3.608224830031759e-16,-0.1337821590066709,-0.30837227146385965,0.9984263263078531,0.31153710920518995,0.000291821224114021,0.0002973045075880619
apple-macos-27.0-1x-dark-standard-glass0.5,dark,1,webgpu,mid-chroma-solid__capsule-button__inactive-tint-orange,mid-chroma-solid,capsule-button,inactive,True,probe,11.12689618406242,0.012214683006737288,0.8766770507182077,0.002653851212043757,0.2438845621252724,0.1300436962002525,0.003151190496863728,0.0010153907943575569,6.38378239159465e-16,3.608224830031759e-16,-0.13367351179085196,-0.30795365529408,0.9983981507837568,0.31153710920518995,0.00027631648954321616,0.0002973045075880619
apple-macos-27.0-1x-dark-standard-glass0.5,dark,1,css,mid-chroma-solid__capsule-button__inactive,mid-chroma-solid,capsule-button,inactive,False,probe,3.834318509908438,0.5751709642320878,1.0401619361693464,0.47316514633230333,0.2856189861005196,0.07183571667244207,0.004590919118563322,0.0014607545903937075,0.00119677324692255,1.2212453270876722e-15,-0.20643095646520726,-0.16267651618487766,0.9901556481733138,0.3230276968342249,0.0002782148478280805,0.00029191693967428183
apple-macos-27.0-1x-dark-standard-glass0.5,dark,1,webgpu,mid-chroma-solid__capsule-button__inactive,mid-chroma-solid,capsule-button,inactive,False,probe,7.1944997205621215,0.336863810769324,1.0401619361693464,0.27765719688471036,0.2856189861005196,0.07612061160349944,0.004590919118563322,0.0013170467633233018,0.001322049136229131,1.2212453270876722e-15,-0.20685239443640685,-0.2229912990652951,0.9964614647624566,0.35975178200208413,0.00027911527349236154,0.00029191693967428183
apple-macos-27.0-1x-dark-standard-glass0.5,dark,1,css,mid-chroma-solid__rrect-lg__inactive,mid-chroma-solid,rrect-lg,inactive,False,probe,4.35034813237205,0.36074872265120606,1.0310767285763638,0.4435814316992966,0.2690511744970345,0.07467073182022674,0.003412222826256978,0.0017578945436662453,0.0012813699277730017,0,-0.20250802874287727,-0.17179277980389587,0.9861175881995423,0.315127190201452,0.022314418484601646,0.002627794894058667
apple-macos-27.0-1x-dark-standard-glass0.5,dark,1,webgpu,mid-chroma-solid__rrect-lg__inactive,mid-chroma-solid,rrect-lg,inactive,False,probe,4.959981270002812,0.2561621864316599,1.0310767285763638,0.26627528659404165,0.2690511744970345,0.07701869390007499,0.003412222826256978,0.0017156058203447039,0.0024622253077018624,0,-0.20560934810191628,-0.2265260516538517,0.990209065535847,0.3483059557150456,0.023475778701110204,0.002627794894058667
apple-macos-27.0-1x-dark-standard-glass0.5,dark,1,css,mid-chroma-solid__rrect-md__inactive,mid-chroma-solid,rrect-md,inactive,False,probe,2.8369300760297924,0.3915903817809731,1.0332629586791047,0.4433159025630911,0.27268495275880966,0.07487672938589422,0.0025570304347196393,0.0011773887341515442,0.0006482276817546956,0,-0.20215600626013475,-0.17193564674686604,0.9906078251812734,0.31715953844927347,0.0018045291823644033,0.0006577071999525837
apple-macos-27.0-1x-dark-standard-glass0.5,dark,1,webgpu,mid-chroma-solid__rrect-md__inactive,mid-chroma-solid,rrect-md,inactive,False,probe,5.752173017248452,0.2694355116099649,1.0332629586791047,0.2662763099373566,0.27268495275880966,0.07699976528011501,0.0025570304347196393,0.0010102437219622021,0.0009283150448617106,0,-0.2056508783343297,-0.22658069571299794,0.9944755886749754,0.3510322275406376,0.0017386062595452923,0.0006577071999525837
apple-macos-27.0-1x-dark-standard-glass0.5,dark,1,css,photo__capsule-button__inactive-tint-orange,photo,capsule-button,inactive,True,calibration,0.7030242591553884,0.045222993568212445,0.6470477552898682,0.0031158514671644428,0.29040338804594723,0.2914828507361998,0.045064124809520156,0.003471725705979001,0,0.014313756808709888,0.06417479761438338,-0.02110477783834026,0.987855385466734,0.06978957002822749,0.0002898723162118975,0.0005028057388362152
apple-macos-27.0-1x-dark-standard-glass0.5,dark,1,webgpu,photo__capsule-button__inactive-tint-orange,photo,capsule-button,inactive,True,calibration,0.3437569638128574,0.025872019369540068,0.6470477552898682,0.0058536669612584795,0.29040338804594723,0.28964626259766735,0.045064124809520156,0.012324781529044794,0.0028725906158028613,0.014313756808709888,0.06276170736034314,-0.020967194149150204,0.987949300898694,0.0685891309735067,0.00027974584044445185,0.0005028057388362152
apple-macos-27.0-1x-dark-standard-glass0.5,dark,1,css,photo__capsule-button__inactive,photo,capsule-button,inactive,False,calibration,1.076728194230436,0.9071760663343617,0.9033809345383342,0.21635120777696043,0.20367884941186457,0.18729585895140352,0.04271030775249661,0.010743828887831305,0,0,-0.0292737564151494,-0.01271000808638435,0.9839767433110448,0.08047945358244095,0.0002976245317611721,0.0005135933890035194
apple-macos-27.0-1x-dark-standard-glass0.5,dark,1,webgpu,photo__capsule-button__inactive,photo,capsule-button,inactive,False,calibration,0.65616004077807,0.47358002787513037,0.9033809345383342,0.11702048690951247,0.20367884941186457,0.18782859675829455,0.04271030775249661,0.009852494148753393,0,0,-0.02883336731402686,-0.013618947534248896,0.9840613634388324,0.0885953706071658,0.00030102858886918714,0.0005135933890035194
apple-macos-27.0-1x-dark-standard-glass0.5,dark,1,css,photo__capsule-button__rest-tint-orange,photo,capsule-button,active,True,calibration,0.7138814449442881,2.569607283798826,1.4858622163703399,1.5441122543585017,0.4429870273876052,0.4273856910973234,0.020160267767140527,0.006790267728372392,2.3716457138667213e-05,0.02763967931973732,0.16628206623772956,0.15371214048828197,0.9831683715775447,0.011253749505664929,-0.0003907264155316747,0.0002980967441992842
apple-macos-27.0-1x-dark-standard-glass0.5,dark,1,webgpu,photo__capsule-button__rest-tint-orange,photo,capsule-button,active,True,calibration,1.3181316517488213,1.8413323842387046,1.4858622163703399,1.5403607225305351,0.4429870273876052,0.42846868230168716,0.020160267767140527,0.01094411533257043,0.018965983057721403,0.02763967931973732,0.16674422987285253,0.15310885057100893,0.9948205437695685,0.011253749505664929,0.0002547294985281952,0.0002980967441992842
apple-macos-27.0-1x-dark-standard-glass0.5,dark,1,css,photo__capsule-button__rest,photo,capsule-button,active,False,calibration,1.0615570182358944,0.7994470479007184,0.9727957697692865,0.18831255071440753,0.22544381544766576,0.17903572753827035,0.04610663216842405,0.009510245210752109,0.014987186435215488,0.08086494127692201,-0.03255268928680233,-0.022414579532920656,0.9820979315392672,0.09456399098199564,0.0008217049763731521,0.00031849013093287744
apple-macos-27.0-1x-dark-standard-glass0.5,dark,1,webgpu,photo__capsule-button__rest,photo,capsule-button,active,False,calibration,0.2944843967345451,0.19359178554385398,0.9727957697692865,0.10590693140422897,0.22544381544766576,0.17974754695129497,0.04610663216842405,0.020337332305618454,0.04183488225037499,0.08086494127692201,-0.03197740515951497,-0.023902838953702935,0.9888584281870875,0.0972784420338267,0.0002837321690762344,0.00031849013093287744
apple-macos-27.0-1x-dark-standard-glass0.5,dark,1,css,photo__rrect-md__inactive,photo,rrect-md,inactive,False,calibration,1.004146075234383,0.9908972704106777,0.9029906568927473,0.19715707533798493,0.16953943437201882,0.1596613225217112,0.03435214697770349,0.007681770313290863,0,0,-0.06431096856918261,-0.013539620698462812,0.9720334534846847,0.1409981799968388,0.0015409596136675779,0.001075263299207784
apple-macos-27.0-1x-dark-standard-glass0.5,dark,1,webgpu,photo__rrect-md__inactive,photo,rrect-md,inactive,False,calibration,0.5121066347326897,0.4052212436676781,0.9029906568927473,0.11787723941134397,0.16953943437201882,0.1619472374925037,0.03435214697770349,0.009456690639081762,0,0,-0.06208402869588314,-0.016546549997073036,0.972408009837106,0.15305944081807174,0.001650450983093601,0.001075263299207784
apple-macos-27.0-1x-dark-standard-glass0.5,dark,1,css,photo__rrect-md__rest,photo,rrect-md,active,False,calibration,0.952201275690021,0.8501549485301776,0.9178252916369178,0.19240056867811228,0.18872122321478968,0.1625481415031666,0.038915527743822495,0.008919310679253981,0,0,-0.06064361006911012,-0.015661680153606895,0.9724821336745618,0.15399281950473728,0.0025196562547367012,0.0018351996044560618
apple-macos-27.0-1x-dark-standard-glass0.5,dark,1,webgpu,photo__rrect-md__rest,photo,rrect-md,active,False,calibration,0.31472521733229597,0.23723433986644113,0.9178252916369178,0.10910400228464989,0.18872122321478968,0.16369676276590328,0.038915527743822495,0.0159967786246052,0.0115920594643463,0,-0.05969682100421947,-0.01864337431102388,0.978845115613168,0.16743691544336847,0.0016394762961024123,0.0018351996044560618
apple-macos-27.0-1x-dark-standard-glass0.5,dark,1,css,photo__rrect-ml__inactive,photo,rrect-ml,inactive,False,probe,0.9699131312145122,1.0221282511567664,0.8996822052021303,0.21042915221776345,0.16591347143295804,0.16036211543293935,0.039164494405697595,0.009704404135385657,0,0,-0.06751683148540355,-0.0025104480746559817,0.9603156351157314,0.1693612097639211,0.006400577806321388,0.002090486716538748
apple-macos-27.0-1x-dark-standard-glass0.5,dark,1,webgpu,photo__rrect-ml__inactive,photo,rrect-ml,inactive,False,probe,0.5152852170426969,0.44422710229407536,0.8996822052021303,0.1254869599197308,0.16591347143295804,0.16138339089953188,0.039164494405697595,0.011259709243745766,0,0,-0.06630549074755565,-0.003087053023646178,0.9598026717126398,0.18138429595669495,0.006918909310708525,0.002090486716538748
apple-macos-27.0-1x-light-increased-contrast-coupled-glass0.5,,,css,checkerboard__capsule-button__inactive-tint-orange,checkerboard,capsule-button,inactive,True,calibration,6.562683577268087e-06,0.021322456977084445,523.3071678897991,1.8434784214950226,0.6933535536131648,0.7831819782793062,0.05150263863217269,0.0118204389993964,0,0.0005529808524873392,0.12806591956037605,4.77352861675391e-09,0.9820778631828303,0.033536366556537155,0.0009201330876162585,0.001989641707089481
apple-macos-27.0-1x-light-increased-contrast-coupled-glass0.5,,,webgpu,checkerboard__capsule-button__inactive-tint-orange,checkerboard,capsule-button,inactive,True,calibration,1.7169634994920447e-05,0.00054050754352893,523.3071678897991,1.7555000193656187,0.6933535536131648,0.74285851173157,0.05150263863217269,0.16972752686149928,0,0.0005529808524873392,0.1119668022714223,4.173450214088274e-09,0.97197440847748,0.033536366556537155,0.0011922091065308107,0.001989641707089481
apple-macos-27.0-1x-light-increased-contrast-coupled-glass0.5,,,css,checkerboard__capsule-button__rest-tint-orange,checkerboard,capsule-button,active,True,calibration,0.993788205248029,0.22895268335705404,9256572.33004528,8925897.03748869,0.4130747456870378,0.45202790818367805,0.019265207663323684,0.11330609568644708,0.21971297587188648,0.031454230541190176,-0.015423954934136508,0.15802590658320664,0.9677772474112062,0.010292076753174837,-0.0012107508786433283,0.0014764798151221563
apple-macos-27.0-1x-light-increased-contrast-coupled-glass0.5,,,webgpu,checkerboard__capsule-button__rest-tint-orange,checkerboard,capsule-button,active,True,calibration,1.0001486782870044,0.26222631819054615,9256572.33004528,8928444.140612392,0.4130747456870378,0.45018740395839646,0.019265207663323684,0.0951788894061908,0.3505268003989981,0.031454230541190176,-0.01645158086964682,0.1607141156749745,0.9836096401720039,0.01028499879092763,0.0009651736025200247,0.0014764798151221563
apple-macos-27.0-1x-light-increased-contrast-coupled-glass0.5,,,css,photo__capsule-button__inactive-tint-orange,photo,capsule-button,inactive,True,calibration,1.712472311388598,0.23822748099195562,0.07187057891227372,0.0015883895741237645,0.6838440830609889,0.78315562240287,0.048157493004357656,0.00604776738790156,0,0.0023471265999488455,0.32291051645365587,-0.021280836402916732,0.9903251623728478,0.03917439281851961,0.00031182504846371514,0.0007380442110677699
apple-macos-27.0-1x-light-increased-contrast-coupled-glass0.5,,,webgpu,photo__capsule-button__inactive-tint-orange,photo,capsule-button,inactive,True,calibration,0.21424879526923507,0.015454456896503257,0.07187057891227372,0.007686165857940879,0.6838440830609889,0.7426379170995372,0.048157493004357656,0.1704534734390824,0,0.0023471265999488455,0.3067357220760146,-0.021309312532960003,0.9623760493534049,0.03917439281851961,0.0006021325225521961,0.0007380442110677699
apple-macos-27.0-1x-light-increased-contrast-coupled-glass0.5,,,css,photo__capsule-button__inactive,photo,capsule-button,inactive,False,calibration,0.8467331707004792,0.42623742452010827,0.09698804032598568,0.013759596146335281,0.8805475531714285,0.9595308722083601,0.05575235367581686,0.02196936576066686,0,0.0026278201059217743,0.38744674168396975,-0.020898741184333408,0.9962065875852103,0.02686082398845066,0.0003432936168421206,0.0004309205897176421
apple-macos-27.0-1x-light-increased-contrast-coupled-glass0.5,,,webgpu,photo__capsule-button__inactive,photo,capsule-button,inactive,False,calibration,0.1551687147740919,0.01561314788406968,0.09698804032598568,0.0075804074437639205,0.8805475531714285,0.9440884445771947,0.05575235367581686,0.19747573280121428,9.992007221626409e-16,0.0026278201059217743,0.3821652219026357,-0.0213025538550473,0.9739831649126091,0.03699919536471823,0.0006021325225521961,0.0004309205897176421
apple-macos-27.0-1x-light-increased-contrast-coupled-glass0.5,,,css,photo__capsule-button__rest-tint-orange,photo,capsule-button,active,True,calibration,0.9485125345800963,0.19745406157650877,1.5216836836724414,1.470336747382753,0.4106497878148677,0.44897509696526405,0.017542414180392762,0.11377967369830129,0.220180295344148,0.032614020950900435,0.17788611805400578,0.13695411802263652,0.9583745291008627,0.010293106479256733,-0.0039651662064124,0.00020375164435457733
apple-macos-27.0-1x-light-increased-contrast-coupled-glass0.5,,,webgpu,photo__capsule-button__rest-tint-orange,photo,capsule-button,active,True,calibration,0.9902720044441513,0.23077863150943795,1.5216836836724414,1.4683243633654046,0.4106497878148677,0.4476322499014223,0.017542414180392762,0.09253603901790725,0.3560211503391707,0.032614020950900435,0.17695919201936383,0.13921626153752634,0.9809139358165504,0.010293106479256733,0.0003754913099520967,0.00020375164435457733
apple-macos-27.0-1x-light-increased-contrast-coupled-glass0.5,,,css,photo__capsule-button__rest,photo,capsule-button,active,False,calibration,0.8581169289403198,1.202350722762411,0.10850673374510952,0.04313852371319159,0.8871975250594956,0.9163055321747486,0.052456351232103154,0.02176798351748663,0.03617695164401635,0.022363695260242067,0.37256140091452117,-0.02043803641633151,0.9657390363150438,0.012383571454199735,-0.006987944333679977,0.00041512308258839016
apple-macos-27.0-1x-light-increased-contrast-coupled-glass0.5,,,webgpu,photo__capsule-button__rest,photo,capsule-button,active,False,calibration,0.8146573814997191,1.022490044800583,0.10850673374510952,0.05013008958070027,0.8871975250594956,0.900855613208835,0.052456351232103154,0.02998011613111077,0.09281863314852956,0.022363695260242067,0.3670843547966808,-0.020292167134619416,0.9960001916953859,0.008481917056451207,0.00031736323749185266,0.00041512308258839016
apple-macos-27.0-1x-light-increased-contrast-coupled-glass0.5,,,css,photo__rrect-md__inactive,photo,rrect-md,inactive,False,calibration,0.37929126368227406,0.28721930380178,0.1106535898698167,0.010176381340501405,0.8853111913671499,0.9806707299725329,0.04068880028356623,0.015392271452196649,0,0.00048215357622560795,0.3919198863336052,-0.025289878338897745,0.9948173295772649,0.038436132899101826,0.0007980970266443449,0.0007829877958612611
apple-macos-27.0-1x-light-increased-contrast-coupled-glass0.5,,,webgpu,photo__rrect-md__inactive,photo,rrect-md,inactive,False,calibration,0.0874893025920819,0.007763265531177498,0.1106535898698167,0.004712280559941006,0.8853111913671499,0.9641980008781721,0.04068880028356623,0.15364224870102997,0.00023622332101191912,0.00048215357622560795,0.38623677953887614,-0.026107360685651875,0.9545425534488036,0.041179060413120944,0.0011019433584947317,0.0007829877958612611
apple-macos-27.0-1x-light-increased-contrast-coupled-glass0.5,,,css,photo__rrect-md__rest,photo,rrect-md,active,False,calibration,0.765694686613084,0.9939463053470875,0.11591756271300636,0.040847653390723916,0.8853681923114887,0.9107744794746704,0.03982040597882117,0.017882150294005632,0.039687116781388476,0.014450681231941265,0.36778642735697176,-0.024912401586410705,0.945729810888201,0.018433048403754076,-0.01360789907310083,0.001574456313030889
apple-macos-27.0-1x-light-increased-contrast-coupled-glass0.5,,,webgpu,photo__rrect-md__rest,photo,rrect-md,active,False,calibration,0.7521966395927093,0.8356101300100026,0.11591756271300636,0.052078948890182594,0.8853681923114887,0.8991640374648008,0.03982040597882117,0.02634177764105764,0.08008743040331412,0.014450681231941265,0.3636439791399695,-0.02484980692344017,0.9941792427011138,0.013386918346318576,0.0009361892834381672,0.001574456313030889
apple-macos-27.0-1x-light-increased-contrast-coupled-glass0.5,,,css,photo__toolbar-group__inactive,photo,toolbar-group,inactive,False,validation,1.1719187818754082,1.3818690053731444,0.11816813383493946,0.06321455955805821,0.8778238665273974,0.8829213244322115,0.08299870083063327,0.03637803980508151,0.00011549196296323228,0,0.3298268924072323,-0.027464666588381318,0.9948839921406355,0.011019903270183453,0.00017984645069828522,0.00045248787051580105
apple-macos-27.0-1x-light-increased-contrast-coupled-glass0.5,,,webgpu,photo__toolbar-group__inactive,photo,toolbar-group,inactive,False,validation,0.20631774716185097,0.0311364633283497,0.11816813383493946,0.016796770781431828,0.8778238665273974,0.9278781756211482,0.08299870083063327,0.22828690504983437,0,0,0.3457930464407275,-0.027909414250077886,0.9642184733454916,0.037053285785452375,0.0009015383325844736,0.00045248787051580105
apple-macos-27.0-1x-light-increased-contrast-coupled-glass0.5,,,css,photo__toolbar-group__rest,photo,toolbar-group,active,False,validation,1.1159235632595494,1.5259350137971042,0.12758421977605844,0.06245845834009127,0.8801703957695598,0.9165619363803815,0.07424248435403616,0.02967043602818933,0.021647943951661253,0.006194894371443382,0.34161998054747755,-0.026273075306680844,0.9431067643900419,0.013803450278107218,-0.012271596218237726,0.0004939493530928857
apple-macos-27.0-1x-light-increased-contrast-coupled-glass0.5,,,webgpu,photo__toolbar-group__rest,photo,toolbar-group,active,False,validation,0.9774160833096179,1.1142942561047022,0.12758421977605844,0.05822765690047662,0.8801703957695598,0.908448865633131,0.07424248435403616,0.03818521843334191,0.07155691705241896,0.006194894371443382,0.3387746046164267,-0.026596929491196505,0.99306795685758,0.011065738203115232,0.00010486676243247145,0.0004939493530928857
apple-macos-27.0-1x-light-reduced-transparency-glass0.5,,,css,photo__capsule-button__inactive-tint-orange,photo,capsule-button,inactive,True,calibration,2.8237815461977775,0.4270914868275423,0.05505081636875592,0.0017561734432011114,0.758801136270626,0.722791310975846,0.05362092742620143,0.004916327344396002,0,0.00019239448454089203,0.29859147725405666,-0.021275945166064528,0.9901914791037727,0.019141251919705986,0.00032758433670254753,0.0007308608137014712
apple-macos-27.0-1x-light-reduced-transparency-glass0.5,,,webgpu,photo__capsule-button__inactive-tint-orange,photo,capsule-button,inactive,True,calibration,1.758856759656269,0.27750234993772066,0.05505081636875592,0.00592605391125751,0.758801136270626,0.7216123587480081,0.05362092742620143,0.0228346853346611,0.0002660187423072502,0.00019239448454089203,0.2980878497970605,-0.021155283814301953,0.9922788042043084,0.018081377283772498,0.0004333725294403147,0.0007308608137014712
apple-macos-27.0-1x-light-reduced-transparency-glass0.5,,,css,photo__capsule-button__inactive,photo,capsule-button,inactive,False,calibration,1.455692585335504,1.460195117744092,0.07930560948406964,0.03554246927512542,0.9665687291335504,0.9187813517203754,0.061692947517517076,0.020905930535117113,0.0002644379726876034,0.0001521783413040989,0.37329901303620006,-0.02087611013784558,0.9962770748778145,0.018782106603132946,0.0003499975324212035,0.0004213910072958434
apple-macos-27.0-1x-light-reduced-transparency-glass0.5,,,webgpu,photo__capsule-button__inactive,photo,capsule-button,inactive,False,calibration,1.1037667398092774,0.7098334955024059,0.07930560948406964,0.02856278856794054,0.9665687291335504,0.9449659323673298,0.061692947517517076,0.03335603428931488,0.0014867316693941701,0.0001521783413040989,0.38251939817206493,-0.020919483952459104,0.9970278426289977,0.012076218882961298,0.00040234751926223445,0.0004213910072958434
apple-macos-27.0-1x-light-reduced-transparency-glass0.5,,,css,photo__capsule-button__rest-tint-orange,photo,capsule-button,active,True,calibration,5.147281156420652,11.719870880039492,1.5373205630618325,1.5246007344451575,0.4264082324160304,0.41383090101325815,0.017015659285637662,0.0014901004811952734,0.0009659185313930507,0.02687781010395318,0.15801761475694664,0.151469783078837,0.9830044576411759,0.007302269016594307,-0.0002455400137278495,0.00020127412044120734
apple-macos-27.0-1x-light-reduced-transparency-glass0.5,,,webgpu,photo__capsule-button__rest-tint-orange,photo,capsule-button,active,True,calibration,2.2821127228483165,1.2067222993949214,1.5373205630618325,1.524340716971465,0.4264082324160304,0.41132197312602947,0.017015659285637662,0.010371341283105039,0.00014099609357515197,0.02687781010395318,0.1565644826366981,0.15136343681998596,0.9942317225721912,0.008735282795011474,0.000493520966003941,0.00020127412044120734
apple-macos-27.0-1x-light-reduced-transparency-glass0.5,,,css,photo__capsule-button__rest,photo,capsule-button,active,False,calibration,2.15525978879407,3.2949180087858574,0.08396527943531075,0.07806746314673517,0.9684128332084435,0.8850482576910543,0.0542936034382566,0.0173661999874227,0.0030912975225469985,0.0036773545412071007,0.36148146876847254,-0.01960366460038937,0.9746753780506617,0.03106698816376609,-0.0028220829169956444,0.000405291730985589
apple-macos-27.0-1x-light-reduced-transparency-glass0.5,,,webgpu,photo__capsule-button__rest,photo,capsule-button,active,False,calibration,1.1192729043598635,1.1587122838902535,0.08396527943531075,0.05671180335126275,0.9684128332084435,0.8887046831924962,0.0542936034382566,0.032467713996307435,0.001664474878369293,0.0036773545412071007,0.36271807796885525,-0.020321454766806774,0.9977531075828433,0.028815759276669673,0.00040949569017312867,0.000405291730985589
apple-macos-27.0-1x-light-reduced-transparency-glass0.5,,,css,photo__rrect-md__inactive,photo,rrect-md,inactive,False,calibration,1.0160849494370654,1.1815462105535608,0.0784513906180772,0.028165801410306487,0.9683522860909252,0.9377215892877006,0.04258211255044518,0.014754065291963872,0,0,0.37719106306408823,-0.02545481133242605,0.9951555596893942,0.01625846611705837,0.0008057172913461629,0.0007756267845448831
apple-macos-27.0-1x-light-reduced-transparency-glass0.5,,,webgpu,photo__rrect-md__inactive,photo,rrect-md,inactive,False,calibration,0.6740521027592626,0.5074400213816334,0.0784513906180772,0.026647557219956226,0.9683522860909252,0.9466502962806107,0.04258211255044518,0.029764987204040208,5.8234545888269373e-05,0,0.38028257072199,-0.025439044756678166,0.996899234092896,0.014558578117789127,0.0009852545248087913,0.0007756267845448831
apple-macos-27.0-1x-light-reduced-transparency-glass0.5,,,css,photo__rrect-md__rest,photo,rrect-md,active,False,calibration,2.360167341740504,3.5225242435759534,0.08018783882962258,0.07662274329972978,0.9680131777804258,0.8909493746210281,0.03966194536231742,0.013689229739290437,0,0.0030522965612868047,0.3608087557765939,-0.02390678073663698,0.9590142684688907,0.03189655467342475,-0.005572253659927671,0.0015668744966520992
apple-macos-27.0-1x-light-reduced-transparency-glass0.5,,,webgpu,photo__rrect-md__rest,photo,rrect-md,active,False,calibration,0.905601759449439,0.9327137007758783,0.08018783882962258,0.05510734093975381,0.9680131777804258,0.8926229864302763,0.03966194536231742,0.03021699092202067,0,0.0030522965612868047,0.3613010474506989,-0.024792884276812515,0.9956721160029162,0.031811735361597725,0.0009896531987854296,0.0015668744966520992
apple-macos-27.0-1x-light-reduced-transparency-glass0.5,,,css,photo__toolbar-group__inactive,photo,toolbar-group,inactive,False,validation,2.0484081546852875,2.754066276407992,0.0988119593627122,0.10383020213303426,0.9539340154205127,0.8499158233716193,0.08868453796731961,0.037204558787831535,0.00024020050201556398,0.0008619615246451273,0.3175648579763972,-0.027070083821242923,0.9947779928389456,0.04494803162921652,0.00020065467021854454,0.0004184527331880659
apple-macos-27.0-1x-light-reduced-transparency-glass0.5,,,webgpu,photo__toolbar-group__inactive,photo,toolbar-group,inactive,False,validation,0.8294173921737735,0.5337164221325635,0.0988119593627122,0.03688349808988553,0.9539340154205127,0.9384068038850771,0.08868453796731961,0.06450682954021365,3.089262213640254e-05,0.0008619615246451273,0.34940753814161396,-0.02740564368323866,0.9970208960617051,0.013623826656064156,0.0003468337151391311,0.0004184527331880659
apple-macos-27.0-1x-light-reduced-transparency-glass0.5,,,css,photo__toolbar-group__rest,photo,toolbar-group,active,False,validation,2.2799422788673493,3.3085792572249466,0.10247316825672446,0.11576407671032098,0.9562891004274306,0.871167347788485,0.07902247380286088,0.030785643587430526,0,0.0020742305812340156,0.32521042114876464,-0.025512035054517254,0.9604097012173209,0.03775146975022964,-0.004848139402524844,0.0004576511015601166
apple-macos-27.0-1x-light-reduced-transparency-glass0.5,,,webgpu,photo__toolbar-group__rest,photo,toolbar-group,active,False,validation,0.9096438617973385,0.8659936476713287,0.10247316825672446,0.06979875344105185,0.9562891004274306,0.8853227565308511,0.07902247380286088,0.06226666199126907,0,0.0020742305812340156,0.3304581250538604,-0.026377265296795693,0.9968538087756562,0.028022788956601687,0.0003677786714598504,0.0004576511015601166
apple-macos-27.0-1x-light-standard-glass0.5,light,1,css,checkerboard-32__capsule-button__rest-tint-orange,checkerboard-32,capsule-button,active,True,probe,2.4861745733441394,4.688473829538438,8872553.024843434,8808972.47383597,0.35802157022855075,0.35083314861868387,0.035369764389724105,0.0059525998213501,0,0.04840770578299797,-0.07722715294482851,0.16418916738150424,0.9790010651637643,0.02059225338171082,0.0018541734824053327,0.0014157347623358174
apple-macos-27.0-1x-light-standard-glass0.5,light,1,webgpu,checkerboard-32__capsule-button__rest-tint-orange,checkerboard-32,capsule-button,active,True,probe,1.1023780552571034,0.7754293503507026,8872553.024843434,8797551.678060645,0.35802157022855075,0.35456655542827337,0.035369764389724105,0.042134411738254475,0.020471341926853404,0.04840770578299797,-0.07481177438198017,0.1641149513786731,0.9854164848532646,0.009111671754357027,0.0008978270564627041,0.0014157347623358174
apple-macos-27.0-1x-light-standard-glass0.5,light,1,css,checkerboard-4__capsule-button__rest-tint-orange,checkerboard-4,capsule-button,active,True,probe,3.444645280104267,6.466219891392464,8841510.704834517,8809228.393545618,0.3532154496380721,0.35116273844246193,0.02738596472083809,0.0042909761876392715,0.002335224730223018,0.050105772206828936,-0.07701095087103549,0.16416374930942582,0.9804316776657457,0.012264083240382882,0.0019251980915166395,0.001503808718039441
apple-macos-27.0-1x-light-standard-glass0.5,light,1,webgpu,checkerboard-4__capsule-button__rest-tint-orange,checkerboard-4,capsule-button,active,True,probe,1.3435369676581543,1.0349931978980365,8841510.704834517,8808109.074754551,0.3532154496380721,0.35438006151044993,0.02738596472083809,0.022362448828729408,0.0208659710344129,0.050105772206828936,-0.07492722384193229,0.16412429518409294,0.9888912159210839,0.008931096839232105,0.0008962135741654886,0.001503808718039441
apple-macos-27.0-1x-light-standard-glass0.5,light,1,css,checkerboard-64__capsule-button__rest-tint-orange,checkerboard-64,capsule-button,active,True,probe,2.5371472091590728,7.898953960774272,7682716.21445981,7567279.206702429,0.3614657554399183,0.34463487123102005,0.05751519657524474,0.005816741160869918,1.4988010832439613e-15,0.005696277122600402,-0.12081195803440092,0.16304839120559703,0.9753927189413474,0.03672979993816956,0.0010501215780650724,0.0012349126819823507
apple-macos-27.0-1x-light-standard-glass0.5,light,1,webgpu,checkerboard-64__capsule-button__rest-tint-orange,checkerboard-64,capsule-button,active,True,probe,1.0772880795568174,1.0525562357379303,7682716.21445981,7659492.714647016,0.3614657554399183,0.3600763399300579,0.05751519657524474,0.050209486651741166,0.007611697603013223,0.005696277122600402,-0.11033777181390203,0.165442265957019,0.9832512639147813,0.006072665969925436,0.0007650259572746312,0.0012349126819823507
apple-macos-27.0-1x-light-standard-glass0.5,light,1,css,checkerboard-8__capsule-button__rest-tint-orange,checkerboard-8,capsule-button,active,True,probe,3.0476748519578147,6.828658255892706,8863242.651801785,8809293.71870277,0.35609758304047456,0.35132141959114854,0.029031473910944086,0.004919374950889997,0.004721319040102034,0.048918801075123974,-0.07690695808555514,0.16414940181098553,0.9790096407148806,0.013508560318055739,0.0015975385909232482,0.001451420069388874
apple-macos-27.0-1x-light-standard-glass0.5,light,1,webgpu,checkerboard-8__capsule-button__rest-tint-orange,checkerboard-8,capsule-button,active,True,probe,1.1758259721780453,0.8616513703246896,8863242.651801785,8807919.07949791,0.35609758304047456,0.35436786466276515,0.029031473910944086,0.029704084472918217,0.021141689992627388,0.048918801075123974,-0.07492185786831385,0.16417151759494852,0.9879658882238265,0.008792813987600514,0.000893662534336556,0.001451420069388874
apple-macos-27.0-1x-light-standard-glass0.5,light,1,css,checkerboard__capsule-button__inactive-tint-blue,checkerboard,capsule-button,inactive,True,validation,1.3574166678443778e-06,0.00032385846903142557,24291.95465427634,1.4879474783148083,0.3849011127446747,0.4126452305615674,0.04674428607468031,0.010669422664054197,0.0015421066388273674,0.00016711960937587644,-0.049373375317816603,-1.8403429994377442e-09,0.9830175016103341,0.025723380469409158,0.0008257452431247094,0.001538624818430132
apple-macos-27.0-1x-light-standard-glass0.5,light,1,webgpu,checkerboard__capsule-button__inactive-tint-blue,checkerboard,capsule-button,inactive,True,validation,1.3534330092249093e-06,4.47759937864683e-05,24291.95465427634,1.4828575796218473,0.3849011127446747,0.4133423770092679,0.04674428607468031,0.0771328166741699,0,0.00016711960937587644,-0.048954349809847586,-1.8247240126367054e-09,0.9792809097174396,0.024958710564807786,0.0008752494753369601,0.001538624818430132
apple-macos-27.0-1x-light-standard-glass0.5,light,1,css,checkerboard__capsule-button__inactive-tint-orange,checkerboard,capsule-button,inactive,True,calibration,1.3574166678443778e-06,0.00032385846903142557,24291.95465427634,1.4879474783148083,0.3849011127446747,0.4126452305615674,0.04674428607468031,0.010669422664054197,0.0015421066388273674,0.00016711960937587644,-0.049373375317816603,-1.8403429994377442e-09,0.9830175016103341,0.025723380469409158,0.0008257452431247094,0.001538624818430132
apple-macos-27.0-1x-light-standard-glass0.5,light,1,webgpu,checkerboard__capsule-button__inactive-tint-orange,checkerboard,capsule-button,inactive,True,calibration,1.3534330092249093e-06,4.47759937864683e-05,24291.95465427634,1.4828575796218473,0.3849011127446747,0.4133423770092679,0.04674428607468031,0.0771328166741699,0,0.00016711960937587644,-0.048954349809847586,-1.8247240126367054e-09,0.9792809097174396,0.024958710564807786,0.0008752494753369601,0.001538624818430132
apple-macos-27.0-1x-light-standard-glass0.5,light,1,css,checkerboard__capsule-button__rest-tint-blue,checkerboard,capsule-button,active,True,validation,2.5077058770281853,4.498537570669095,10507943.58874126,10361240.13929371,0.20108686052987787,0.19457071354577463,0.022973098043529722,0.005469821398517846,0.004780902492191458,0.05224995963619056,-0.20976414115390907,0.19308909230505372,0.9797892521727912,0.01384867729056045,0.0025859660638077615,0.001968640973791165
apple-macos-27.0-1x-light-standard-glass0.5,light,1,webgpu,checkerboard__capsule-button__rest-tint-blue,checkerboard,capsule-button,active,True,validation,1.365335456967762,0.8413849579187602,10507943.58874126,10358980.204556223,0.20108686052987787,0.19990635772476067,0.022973098043529722,0.024486782765332803,0.03238065260987971,0.05224995963619056,-0.20466122961298383,0.1931524759393005,0.9868575065740554,0.009296307067049264,0.0009291003166579164,0.001968640973791165
apple-macos-27.0-1x-light-standard-glass0.5,light,1,css,checkerboard__capsule-button__rest-tint-orange,checkerboard,capsule-button,active,True,calibration,2.556952918084745,4.883897345022864,8877321.432882356,8809107.051602481,0.35830647466602916,0.35109139814147594,0.030104695470266146,0.0057730936735934345,0.0012624779820625265,0.048339229506326964,-0.07705781480054086,0.16416543406520845,0.9786099745106137,0.013508560318055739,0.001704689180655989,0.001426960263243036
apple-macos-27.0-1x-light-standard-glass0.5,light,1,webgpu,checkerboard__capsule-button__rest-tint-orange,checkerboard,capsule-button,active,True,calibration,1.109553236537305,0.7402231897922764,8877321.432882356,8806748.135424035,0.35830647466602916,0.3541402483428329,0.030104695470266146,0.03666996961300803,0.021398416029611456,0.048339229506326964,-0.07505273678554791,0.1642194708773342,0.9868374931858708,0.010349739131891104,0.0008938948586928508,0.001426960263243036
apple-macos-27.0-1x-light-standard-glass0.5,light,1,css,dark-solid__capsule-button__inactive-tint-orange,dark-solid,capsule-button,inactive,True,calibration,1.6132699745776007,0.00949318993440006,0.3971391265062155,0.0006491912093896705,0.18602538628381093,0.23427070532644195,0.014588335531491763,0.0036846092185514397,1.1102230246251565e-16,0,0.3891815548954678,-0.0038209986031987426,0.9937280112885175,0.043728658907408784,-5.0784903840545424e-05,5.097292232303134e-05
apple-macos-27.0-1x-light-standard-glass0.5,light,1,webgpu,dark-solid__capsule-button__inactive-tint-orange,dark-solid,capsule-button,inactive,True,calibration,1.3074596080398697,0.012764396106368448,0.3971391265062155,0.0023410156292194336,0.18602538628381093,0.23376845169449803,0.014588335531491763,0.008807457368815148,1.1102230246251565e-16,0,0.3887408993181378,-0.003816760138611047,0.9954673390730435,0.043728658907408784,-2.393796374451187e-05,5.097292232303134e-05
apple-macos-27.0-1x-light-standard-glass0.5,light,1,css,dark-solid__capsule-button__rest-tint-orange,dark-solid,capsule-button,active,True,calibration,3.1901618181724105,4.460386967338272,40.37514929983177,39.93583082887089,0.2813028245827485,0.28563900452067964,0.025660119835420738,0.004400069481462636,0.00034558435076575966,0.06221027685841962,0.44157046758064994,0.14887894155721124,0.9787077624673698,0.009742581253199224,-0.0015661284649674601,-0.0005703839062633899
apple-macos-27.0-1x-light-standard-glass0.5,light,1,webgpu,dark-solid__capsule-button__rest-tint-orange,dark-solid,capsule-button,active,True,calibration,1.4113144396261394,0.9963863454474092,40.37514929983177,40.245042911333364,0.2813028245827485,0.29219308314599474,0.025660119835420738,0.02166527244737493,0.04042729734516476,0.06221027685841962,0.4466867435227459,0.15018366187218443,0.990293783061396,0.009742581253199224,-3.136549098492404e-05,-0.0005703839062633899
apple-macos-27.0-1x-light-standard-glass0.5,light,1,css,impulse__capsule-button__inactive-tint-orange,impulse,capsule-button,inactive,True,calibration,6.670463041091486e-07,0.00012407852334949765,11743853.473279791,180.381809323553,0.14665484084362485,0.21204368402168147,0.012297756991630987,0.0025432101776155305,0,0,0.44734664166003074,1.667439669295659e-08,0.9932793198686073,0.06838315183081921,-3.814091575254367e-05,-1.6550506994169177e-06
apple-macos-27.0-1x-light-standard-glass0.5,light,1,webgpu,impulse__capsule-button__inactive-tint-orange,impulse,capsule-button,inactive,True,calibration,6.701243414739932e-07,2.9772731704029352e-05,11743853.473279791,180.5072692577512,0.14665484084362485,0.21267096675582733,0.012297756991630987,0.010557539127417491,0.00201611937845253,0,0.4479340824336709,1.669629295170632e-08,0.995134009826912,0.06838315183081921,-1.481043735383154e-05,-1.6550506994169177e-06
apple-macos-27.0-1x-light-standard-glass0.5,light,1,css,impulse__capsule-button__rest-tint-orange,impulse,capsule-button,active,True,calibration,2.6115197746589,3.8614375043669416,1235673070.2789783,1231630101.7726438,0.2647031516749761,0.2723039472134623,0.02670554667051593,0.005197146855821426,2.9153088144884265e-05,0.0644640702563275,0.5097705822014399,0.15078152116788157,0.974806217054026,0.01140033108781837,-0.0015334599287532087,-0.0005417157217590896
apple-macos-27.0-1x-light-standard-glass0.5,light,1,webgpu,impulse__capsule-button__rest-tint-orange,impulse,capsule-button,active,True,calibration,1.2804171145103913,0.9071948609567095,1235673070.2789783,1242524994.7943203,0.2647031516749761,0.280256707639477,0.02670554667051593,0.024589307167244816,0.046842017567592986,0.0644640702563275,0.5161200011286975,0.15225615695096822,0.9854259763311746,0.01140033108781837,-2.141191012576731e-05,-0.0005417157217590896
apple-macos-27.0-1x-light-standard-glass0.5,light,1,css,light-solid__capsule-button__inactive-tint-orange,light-solid,capsule-button,inactive,True,calibration,1.8581493744494817,0.020814479605444438,0.41716030398229065,0.004523716565481828,0.6436612865455721,0.6383279804042018,0.012439436500214762,0.0070408252998643275,0.010993674168228385,0,-0.10154831234929362,-0.0066153335094496675,0.9692377410485729,0.004570126300077241,0.0016825125055779388,0.002096188220910486
apple-macos-27.0-1x-light-standard-glass0.5,light,1,webgpu,light-solid__capsule-button__inactive-tint-orange,light-solid,capsule-button,inactive,True,calibration,1.5587503548968042,0.017996819072446917,0.41716030398229065,0.004188170532707321,0.6436612865455721,0.6383528772038793,0.012439436500214762,0.007554268357841981,0.01136804826707416,0,-0.10153723265462533,-0.0066177071936418365,0.9691847696176575,0.004570126300077241,0.001636056340088354,0.002096188220910486
apple-macos-27.0-1x-light-standard-glass0.5,light,1,css,light-solid__capsule-button__rest-tint-orange,light-solid,capsule-button,active,True,calibration,1.0594373064161386,2.664743819108871,26.064153187557057,26.17103582566572,0.4184390300134781,0.4209819380620276,0.016261698202239657,0.00652280046272874,0.005373933082803373,0.045622318022662645,-0.20134189770255306,0.16728601754113837,0.9776953521683991,0.0060396923410685815,0.004357295427628896,0.0028889831105281746
apple-macos-27.0-1x-light-standard-glass0.5,light,1,webgpu,light-solid__capsule-button__rest-tint-orange,light-solid,capsule-button,active,True,calibration,1.1839490681017142,1.4744761843414116,26.064153187557057,26.174410194749942,0.4184390300134781,0.42232093651310876,0.016261698202239657,0.011757149925878662,0.012598281241129772,0.045622318022662645,-0.20052051323415998,0.16721600153067598,0.9754044426878818,0.0060396923410685815,0.001709257848499985,0.0028889831105281746
apple-macos-27.0-1x-light-standard-glass0.5,light,1,css,mid-chroma-solid__capsule-button__inactive-tint-orange,mid-chroma-solid,capsule-button,inactive,True,probe,5.0874122095245475,0.02838052638238976,0.6111013700183738,0.004505456360431099,0.2270029313020101,0.3043998948709424,0.011117374567725926,0.005567417424267763,1.609823385706477e-15,3.608224830031759e-16,0.03243377359216204,-0.3074833254161415,0.9908788911515057,0.19175822114189361,0.0003309950783032135,0.0007196433806184669
apple-macos-27.0-1x-light-standard-glass0.5,light,1,webgpu,mid-chroma-solid__capsule-button__inactive-tint-orange,mid-chroma-solid,capsule-button,inactive,True,probe,3.4222790922276123,0.015509146844708638,0.6111013700183738,0.005445830253523716,0.2270029313020101,0.3038809336184896,0.011117374567725926,0.00978776644660012,1.609823385706477e-15,3.608224830031759e-16,0.03206565198187061,-0.3072997511432295,0.9918974074092779,0.19175822114189361,0.0003738513320387373,0.0007196433806184669
apple-macos-27.0-1x-light-standard-glass0.5,light,1,css,mid-chroma-solid__capsule-button__inactive,mid-chroma-solid,capsule-button,inactive,False,probe,1.4698690047073038,1.917672687294369,0.8198758760771573,0.7239858772659132,0.3761596151518803,0.3288507510405202,0.011521094063002033,0.0052245370469250155,0.0004019314634658988,3.3306690738754696e-16,0.07813060786743886,-0.08528095265146163,0.9985677752461208,0.0483309123360149,0.0003143415982593382,0.0002693477981914861
apple-macos-27.0-1x-light-standard-glass0.5,light,1,webgpu,mid-chroma-solid__capsule-button__inactive,mid-chroma-solid,capsule-button,inactive,False,probe,1.5801440503941313,0.6716692619007714,0.8198758760771573,0.4710376251733923,0.3761596151518803,0.3753686630731049,0.011521094063002033,0.010272225999634737,0,3.3306690738754696e-16,0.09745627335194051,-0.16348090795389342,0.9980060043298657,0.11552519545224117,0.0003492051490809341,0.0002693477981914861
apple-macos-27.0-1x-light-standard-glass0.5,light,1,css,mid-chroma-solid__capsule-button__rest-tint-orange,mid-chroma-solid,capsule-button,active,True,probe,14.734683483523908,17.882459126554547,0.5003400289474381,0.5317612225310673,0.28378401334636794,0.3510258805670806,0.02575705431328,0.0018861470114648427,0.00027728778930347087,0.07083827172345558,0.07622011501647352,-0.144698279990335,0.9797947313877406,0.05540614465083372,-0.0003886274469538614,0.0003176110773370416
apple-macos-27.0-1x-light-standard-glass0.5,light,1,webgpu,mid-chroma-solid__capsule-button__rest-tint-orange,mid-chroma-solid,capsule-button,active,True,probe,5.929824980238191,2.1909659884470405,0.5003400289474381,0.5338928635952704,0.28378401334636794,0.35366798307832403,0.02575705431328,0.013322141473613984,0.01988927569921073,0.07083827172345558,0.07808119146754633,-0.1444126084678904,0.9914797127029534,0.05540614465083372,0.0003618019902430794,0.0003176110773370416
apple-macos-27.0-1x-light-standard-glass0.5,light,1,css,mid-chroma-solid__capsule-button__rest,mid-chroma-solid,capsule-button,active,False,probe,0.7148104650621113,1.0175859760337271,0.8015680316231363,0.48442002887347996,0.385102584346362,0.5620957365733632,0.0126422649751077,0.008759480864716245,0,0.00621188143853485,0.20295501174922126,-0.1592863158789167,0.9725325195748039,0.1293258210588759,-0.001514097256281551,0.0002855288407074652
apple-macos-27.0-1x-light-standard-glass0.5,light,1,webgpu,mid-chroma-solid__capsule-button__rest,mid-chroma-solid,capsule-button,active,False,probe,0.744460043036053,0.27854115083813585,0.8015680316231363,0.3519955333881664,0.385102584346362,0.5964450980839212,0.0126422649751077,0.023700825920420478,0.01803539619342831,0.00621188143853485,0.21313509193288793,-0.20037044353655714,0.9916914337699227,0.17028361981499604,0.00032619894382715937,0.0002855288407074652
apple-macos-27.0-1x-light-standard-glass0.5,light,1,css,mid-chroma-solid__rrect-lg__inactive,mid-chroma-solid,rrect-lg,inactive,False,probe,1.2795798017825928,1.8812394075899248,0.8178923720181611,0.6892547444326985,0.37738111281934067,0.3370331423111583,0.007152916630943264,0.0034410757143853547,0.00025292414431232757,0,0.08219414845356665,-0.09599431725788332,0.9935439979744153,0.054670745758463396,0.01592543332953471,0.0025253870476872656
apple-macos-27.0-1x-light-standard-glass0.5,light,1,webgpu,mid-chroma-solid__rrect-lg__inactive,mid-chroma-solid,rrect-lg,inactive,False,probe,1.7098177434603734,0.6232752239365437,0.8178923720181611,0.45132598040159183,0.37738111281934067,0.37590058504807417,0.007152916630943264,0.006908789896146549,0,0,0.09709264452078603,-0.16952068546905635,0.9920980523665132,0.1201198228058279,0.01623462758845337,0.0025253870476872656
apple-macos-27.0-1x-light-standard-glass0.5,light,1,css,mid-chroma-solid__rrect-lg__rest,mid-chroma-solid,rrect-lg,active,False,probe,0.7665372600060805,1.5055551549709287,0.7792120692310751,0.4685766549792022,0.3957440909605329,0.5742567547812094,0.008874027014898598,0.00507090827408834,0,0.0037390067444422748,0.20824287427964594,-0.1641591473687919,0.9071027396531274,0.13109679653884115,3.978020259845586e-05,0.016743749245596195
apple-macos-27.0-1x-light-standard-glass0.5,light,1,webgpu,mid-chroma-solid__rrect-lg__rest,mid-chroma-solid,rrect-lg,active,False,probe,0.8909313475351014,0.3114878512943274,0.7792120692310751,0.33152273871390014,0.3957440909605329,0.6133757636583029,0.008874027014898598,0.015866283439018716,0.015141323762971837,0.0037390067444422748,0.22027664412798098,-0.20657978762350473,0.9574569621663642,0.17296542093550743,0.01614628293477283,0.016743749245596195
apple-macos-27.0-1x-light-standard-glass0.5,light,1,css,mid-chroma-solid__rrect-md__inactive,mid-chroma-solid,rrect-md,inactive,False,probe,1.4083992795417355,1.8243086503711217,0.8182655709670984,0.6888658337124425,0.377191207522657,0.33658161417418625,0.007406500367379848,0.0034047465812582197,0,0,0.08185791777171103,-0.09611496523519142,0.9977063108717382,0.054670745758463396,0.0013446061494655688,0.0006340033347405895
apple-macos-27.0-1x-light-standard-glass0.5,light,1,webgpu,mid-chroma-solid__rrect-md__inactive,mid-chroma-solid,rrect-md,inactive,False,probe,1.6270954792313002,0.5413535078908451,0.8182655709670984,0.4518872648217402,0.377191207522657,0.37569141900868547,0.007406500367379848,0.00783901424981186,0,0,0.09697951864322074,-0.16935879510157983,0.9968598727170439,0.1201198228058279,0.0013469077461583238,0.0006340033347405895
apple-macos-27.0-1x-light-standard-glass0.5,light,1,css,mid-chroma-solid__rrect-md__rest,mid-chroma-solid,rrect-md,active,False,probe,0.7115339563107883,1.1962440066128373,0.7934659422084257,0.46397920928086245,0.3889824544407345,0.5781376809404255,0.008677353008788259,0.005153213011015314,0,0.0035011286860782143,0.20993404539841587,-0.16558055286860687,0.9509575722434528,0.13645774807370267,-0.002369100576820323,0.0014272705364826233
apple-macos-27.0-1x-light-standard-glass0.5,light,1,webgpu,mid-chroma-solid__rrect-md__rest,mid-chroma-solid,rrect-md,active,False,probe,0.7599146555128578,0.23720606686984533,0.7934659422084257,0.33151887423046456,0.3889824544407345,0.6128233072419546,0.008677353008788259,0.018196584030056983,0.01519996877573615,0.0035011286860782143,0.22001264460920533,-0.20660804452886597,0.9811208443065862,0.17811606813188433,0.0013303506689920106,0.0014272705364826233
apple-macos-27.0-1x-light-standard-glass0.5,light,1,css,photo__capsule-button__inactive-tint-blue,photo,capsule-button,inactive,True,calibration,0.9395852484064886,0.09539322102667022,0.5425588783199494,0.004766191028749574,0.3540018245293758,0.3965811438424661,0.038353157802323935,0.00365090557301379,1.2212453270876722e-15,0.00975677902371902,0.135837261628322,-0.021127217582991735,0.9842540923569282,0.06491002447642648,0.00033888123747505673,0.000745225603832375
apple-macos-27.0-1x-light-standard-glass0.5,light,1,webgpu,photo__capsule-button__inactive-tint-blue,photo,capsule-button,inactive,True,calibration,0.160031472519611,0.015826361182305983,0.5425588783199494,0.006019682333421378,0.3540018245293758,0.3935092727493861,0.038353157802323935,0.026098766039925628,0.00666034916698216,0.00975677902371902,0.13392945070201168,-0.02108221172883603,0.9862290700025058,0.060164208665286635,0.0003879536547904513,0.000745225603832375
apple-macos-27.0-1x-light-standard-glass0.5,light,1,css,photo__capsule-button__inactive-tint-orange-half,photo,capsule-button,inactive,True,calibration,1.1616028378230405,1.3886160889342987,0.6468135247491478,0.22674826899007827,0.4208505522927185,0.444588234829198,0.04335933645809056,0.014192843518026882,0.0024132957018648815,0.011833728763844531,0.16492492810083936,-0.01682364087270893,0.9899383183784984,0.04861284327520354,0.00033070917718492856,0.0006006340691930221
apple-macos-27.0-1x-light-standard-glass0.5,light,1,webgpu,photo__capsule-button__inactive-tint-orange-half,photo,capsule-button,inactive,True,calibration,0.3305958064304354,0.3012164622150578,0.6468135247491478,0.14020913303177643,0.4208505522927185,0.4439252743540898,0.04335933645809056,0.030403276999218836,0.007921595966916162,0.011833728763844531,0.16441821942875479,-0.017963789686960007,0.9911166213110985,0.05436282518030521,0.00037811169694549083,0.0006006340691930221
apple-macos-27.0-1x-light-standard-glass0.5,light,1,css,photo__capsule-button__inactive-tint-orange,photo,capsule-button,inactive,True,calibration,0.9395852484064886,0.09539322102667022,0.5425588783199494,0.004766191028749574,0.3540018245293758,0.3965811438424661,0.038353157802323935,0.00365090557301379,1.2212453270876722e-15,0.00975677902371902,0.135837261628322,-0.021127217582991735,0.9842540923569282,0.06491002447642648,0.00033888123747505673,0.000745225603832375
apple-macos-27.0-1x-light-standard-glass0.5,light,1,webgpu,photo__capsule-button__inactive-tint-orange,photo,capsule-button,inactive,True,calibration,0.160031472519611,0.015826361182305983,0.5425588783199494,0.006019682333421378,0.3540018245293758,0.3935092727493861,0.038353157802323935,0.026098766039925628,0.00666034916698216,0.00975677902371902,0.13392945070201168,-0.02108221172883603,0.9862290700025058,0.060164208665286635,0.0003879536547904513,0.000745225603832375
apple-macos-27.0-1x-light-standard-glass0.5,light,1,css,photo__capsule-button__inactive,photo,capsule-button,inactive,False,calibration,1.0228974006603158,1.1857583701117713,0.7477934015089454,0.4407563194220993,0.49751120411971195,0.4940455184346893,0.04960472920856448,0.030346597386440202,0.0069176346549473244,0.014229382948478864,0.19290947092082178,-0.011755393278713685,0.9944971438855467,0.035231128481332814,0.0003250629768846504,0.00043281066715518385
apple-macos-27.0-1x-light-standard-glass0.5,light,1,webgpu,photo__capsule-button__inactive,photo,capsule-button,inactive,False,calibration,0.5119466195560564,0.4898965546650068,0.7477934015089454,0.2724460776315866,0.49751120411971195,0.49858724339857163,0.04960472920856448,0.03594194320615711,0.009614859791658603,0.014229382948478864,0.19505285595870014,-0.014092376498490815,0.9950120781798623,0.0502293122322232,0.00036827443549017347,0.00043281066715518385
apple-macos-27.0-1x-light-standard-glass0.5,light,1,css,photo__capsule-button__rest-tint-blue,photo,capsule-button,active,True,calibration,3.9462832477553405,8.741271545257437,1.7070118840598774,1.6804323621550281,0.18930147347640955,0.18753588641541521,0.020099461377991908,0.0021077772703780445,0.004771626211135055,0.05681886741661357,-0.022056356469202676,0.16913685739242468,0.978195317036796,0.0084092414269314,0.0010206118431250104,0.0006583944362969575
apple-macos-27.0-1x-light-standard-glass0.5,light,1,webgpu,photo__capsule-button__rest-tint-blue,photo,capsule-button,active,True,calibration,3.683876867088871,1.4260362564731952,1.7070118840598774,1.686982859104888,0.18930147347640955,0.19344912075133303,0.020099461377991908,0.012842662975544945,0.03633418674160027,0.05681886741661357,-0.016220015193027293,0.16985760517881732,0.9813177607178059,0.007831225826228234,0.0004274884251296309,0.0006583944362969575
apple-macos-27.0-1x-light-standard-glass0.5,light,1,css,photo__capsule-button__rest-tint-orange-half,photo,capsule-button,active,True,calibration,1.7922724158030119,3.0960656840429883,0.9685754154926998,0.9252485466373,0.40858444465099336,0.41057390217593515,0.033132073999750045,0.011890215014875895,0.0025825303424784063,0.047770960784134286,0.14866851239318057,0.07959949915063959,0.9800047212279491,0.020386073448489504,-0.00029737298678731995,0.0003983501146950992
apple-macos-27.0-1x-light-standard-glass0.5,light,1,webgpu,photo__capsule-button__rest-tint-orange-half,photo,capsule-button,active,True,calibration,0.591788850788678,1.418553216791981,0.9685754154926998,0.9098687106091141,0.40858444465099336,0.4161292236203375,0.033132073999750045,0.02173555238004612,0.024291735613983845,0.047770960784134286,0.1518728675655544,0.08040882455514875,0.9954442057965969,0.029366173337500072,0.0003829802589912758,0.0003983501146950992
apple-macos-27.0-1x-light-standard-glass0.5,light,1,css,photo__capsule-button__rest-tint-orange,photo,capsule-button,active,True,calibration,9.971199009984892,8.552702739435952,1.4352180416892049,1.4278401073682325,0.33770870755766097,0.33874275945312193,0.0235931292138087,0.0021983507359495174,0.00016349090524958587,0.060991638241744084,0.10921196627704544,0.14050878838327663,0.9856267517956989,0.0092273750506665,0.0001867193258377283,0.00021360697397797043
apple-macos-27.0-1x-light-standard-glass0.5,light,1,webgpu,photo__capsule-button__rest-tint-orange,photo,capsule-button,active,True,calibration,4.251474401170434,1.5354620347909718,1.4352180416892049,1.4325305408545785,0.33770870755766097,0.3422392695334253,0.0235931292138087,0.013933175874498127,0.024630250207312687,0.060991638241744084,0.11161953500717325,0.14093326154721608,0.9937837021463977,0.006157308538102787,0.0004050120438045074,0.00021360697397797043
apple-macos-27.0-1x-light-standard-glass0.5,light,1,css,photo__capsule-button__rest,photo,capsule-button,active,False,calibration,1.0446646064098497,1.145210274908421,0.7849767231114888,0.4679418810161966,0.5353243748780897,0.5337096919752666,0.05865452194002336,0.03582801548656067,0.009106572379621647,0.03328687923175189,0.21359990817404573,-0.011998318592185368,0.9758534312848763,0.0379304329972985,-0.0010879342841308944,0.0004386652820783027
apple-macos-27.0-1x-light-standard-glass0.5,light,1,webgpu,photo__capsule-button__rest,photo,capsule-button,active,False,calibration,0.5196805567250637,0.47332163223801454,0.7849767231114888,0.2672546192440584,0.5353243748780897,0.5388155772742442,0.05865452194002336,0.03960363910570759,0.02538754078581562,0.03328687923175189,0.21582796402722382,-0.014914111863814045,0.9960353922432046,0.05586637522240339,0.00035766061048369787,0.0004386652820783027
apple-macos-27.0-1x-light-standard-glass0.5,light,1,css,photo__rrect-md__inactive-tint-orange,photo,rrect-md,inactive,True,validation,0.6314939699656752,0.0317066656661073,0.581684473811731,0.0009812099248569489,0.3500173887366835,0.381226863008743,0.04970221509682577,0.002266386586091617,0,0.007732901280338433,0.12340210522309203,-0.026164643913806424,0.9758734943904391,0.11973259090143437,0.001201423656941257,0.001384585705738782
apple-macos-27.0-1x-light-standard-glass0.5,light,1,webgpu,photo__rrect-md__inactive-tint-orange,photo,rrect-md,inactive,True,validation,0.09431893952642859,0.00596748928723202,0.581684473811731,0.002613727613880642,0.3500173887366835,0.38363823943370334,0.04970221509682577,0.03244477104803727,0.005781622636142403,0.007732901280338433,0.12492683353920264,-0.026161521582053905,0.979942872156764,0.11606864333316054,0.0013117388225998617,0.001384585705738782
apple-macos-27.0-1x-light-standard-glass0.5,light,1,css,photo__rrect-md__inactive,photo,rrect-md,inactive,False,calibration,1.080968033733772,1.122965859234972,0.7949617845240078,0.44081683368958186,0.49548423751158155,0.47959295424053044,0.06440934406703132,0.03368215050131914,0,0.009468530700307065,0.18242822699924055,-0.01394739417786907,0.9907538166341655,0.07167528307809225,0.0011985156413811576,0.0008362871804370321
apple-macos-27.0-1x-light-standard-glass0.5,light,1,webgpu,photo__rrect-md__inactive,photo,rrect-md,inactive,False,calibration,0.5117812752626794,0.42761884503843717,0.7949617845240078,0.27230181799656594,0.49548423751158155,0.48522579505793983,0.06440934406703132,0.04438009279727724,0.007967306324275447,0.009468530700307065,0.18475419819218586,-0.020296970358998287,0.9922669816225679,0.09978065566066965,0.0012997523864350595,0.0008362871804370321
apple-macos-27.0-1x-light-standard-glass0.5,light,1,css,photo__rrect-md__rest-tint-orange,photo,rrect-md,active,True,validation,6.35119989982433,12.459740168639746,1.1601611201234605,1.1616351408256822,0.33526869793953235,0.34041594494977734,0.019971112984985637,0.0014643011758873332,0.0007322146729700219,0.049693066692546695,0.1076741217256072,0.136580927421957,0.9749138078921069,0.016611211529212962,0.0004897853219920492,0.0008757644367867324
apple-macos-27.0-1x-light-standard-glass0.5,light,1,webgpu,photo__rrect-md__rest-tint-orange,photo,rrect-md,active,True,validation,3.0388273262189722,1.394686353947798,1.1601611201234605,1.162802116249506,0.33526869793953235,0.34425623830212826,0.019971112984985637,0.013557664301710038,0.024923991650423916,0.049693066692546695,0.11021113108773084,0.13671211948957546,0.9890002354017002,0.01356427151181713,0.0013178156400559266,0.0008757644367867324
apple-macos-27.0-1x-light-standard-glass0.5,light,1,css,photo__rrect-md__rest,photo,rrect-md,active,False,calibration,1.11838624884373,1.1581218133032343,0.7890796250676348,0.4428668886188351,0.5455657378361688,0.5482472193251706,0.07785380551164332,0.040666862998066024,0,0.014630281921981125,0.2179680536405475,-0.0155568012791461,0.9591755358464343,0.07194621241403246,-0.001925499655722068,0.0015950819037804768
apple-macos-27.0-1x-light-standard-glass0.5,light,1,webgpu,photo__rrect-md__rest,photo,rrect-md,active,False,calibration,0.5444357896843997,0.46605404431628294,0.7890796250676348,0.257431292354141,0.5455657378361688,0.5591978912780661,0.07785380551164332,0.04860129916844631,0.027900561557671844,0.014630281921981125,0.22270901276430843,-0.02134995103125674,0.9916702812226549,0.10329492355156188,0.001290775624812545,0.0015950819037804768
apple-macos-27.0-1x-light-standard-glass0.5,light,1,css,photo__rrect-ml__inactive,photo,rrect-ml,inactive,False,probe,1.1718865630444661,1.183096295388267,0.8235846687294018,0.4723227916585875,0.5001318216910539,0.47445999778381387,0.07927628787964539,0.039668235802352535,0.0008703212296788942,0.01765979394656153,0.17475385436223667,-0.003975709569279066,0.9852100747318384,0.09139034919651766,0.0046592398764245,0.0015923291457444308
apple-macos-27.0-1x-light-standard-glass0.5,light,1,webgpu,photo__rrect-ml__inactive,photo,rrect-ml,inactive,False,probe,0.5424305996318253,0.4401967767036832,0.8235846687294018,0.2896657338523843,0.5001318216910539,0.48293556930548615,0.07927628787964539,0.0527227709610557,0.015540369449482061,0.01765979394656153,0.1793910975245785,-0.004320075631782614,0.9888663166023333,0.13305862691307171,0.005062337963331846,0.0015923291457444308
apple-macos-27.0-1x-light-standard-glass0.5,light,1,css,photo__rrect-ml__rest,photo,rrect-ml,active,False,calibration,1.1948375839678123,1.2332449873761437,0.8025378732152068,0.44439259733243697,0.5639080838096826,0.5505069838583486,0.09152257207224211,0.043842322610517154,0.004235777894650905,0.024984142615749327,0.2143406056721453,-0.0037274355878952523,0.9399892709311234,0.09583188637453646,-0.0011293128179204,0.005466480214480737
apple-macos-27.0-1x-light-standard-glass0.5,light,1,webgpu,photo__rrect-ml__rest,photo,rrect-ml,active,False,calibration,0.5705518546045785,0.48105885457016273,0.8025378732152068,0.2675590761791428,0.5639080838096826,0.5614860341930161,0.09152257207224211,0.05529322287954205,0.037445322221893895,0.024984142615749327,0.2197730209548372,-0.004329643912473082,0.987689122178944,0.13476314224957273,0.005035536995294958,0.005466480214480737
apple-macos-27.0-1x-light-standard-glass0.5,light,1,css,photo__rrect-sm__inactive,photo,rrect-sm,inactive,False,validation,1.1257623851248582,1.3441211610170716,0.7160607357464237,0.41634617621530723,0.46573550337401565,0.47074619611153057,0.026761377891451815,0.014394973641655298,0.005067196594347623,0.00573758044981415,0.22132218667079695,-0.03596236781817119,0.9969848540458375,0.00299627695918269,0.00016260522777205926,0.0002524521758122265
apple-macos-27.0-1x-light-standard-glass0.5,light,1,webgpu,photo__rrect-sm__inactive,photo,rrect-sm,inactive,False,validation,0.652492511730546,0.6102157222358842,0.7160607357464237,0.25263173873247485,0.46573550337401565,0.4746355838732309,0.026761377891451815,0.01867218118188696,0.0048039000709462765,0.00573758044981415,0.22150909002689978,-0.05186486419033275,0.9972031591903351,0.003237992363393175,0.00017515874505898138,0.0002524521758122265
apple-macos-27.0-1x-light-standard-glass0.5,light,1,css,photo__rrect-sm__rest,photo,rrect-sm,active,False,validation,1.4132690929908238,1.6582825819738634,0.7212245509218045,0.4199188344858438,0.5088629421733211,0.5148123878570936,0.040086020704404424,0.016175537213288176,0.010455029112724556,0.05501124345903219,0.24462109859943304,-0.03902968181648169,0.9848565868321869,0.005768256445289439,-0.0008107902505088601,0.00025596716628529436
apple-macos-27.0-1x-light-standard-glass0.5,light,1,webgpu,photo__rrect-sm__rest,photo,rrect-sm,active,False,validation,0.6147204999048591,0.6065710677609604,0.7212245509218045,0.25061727658147953,0.5088629421733211,0.5179714507221547,0.040086020704404424,0.023445955450685042,0.028043892424097105,0.05501124345903219,0.24461147705998532,-0.05253809990347444,0.9975781391277759,0.0032279657124256096,0.00017405011212102416,0.00025596716628529436
apple-macos-27.0-1x-light-standard-glass0.5,light,1,css,photo__toolbar-group__inactive,photo,toolbar-group,inactive,False,validation,1.1999821647581757,1.2708397339440338,0.8163814328204825,0.611965475711872,0.5214711061448992,0.49392956563009627,0.0909763250574643,0.05858173853597953,0.0012278666877988953,0.00204825867631786,0.1589998280689483,-0.00963003256977455,0.9922300772661371,0.03019716966576099,0.0003092898725400039,0.0005703602722782828
apple-macos-27.0-1x-light-standard-glass0.5,light,1,webgpu,photo__toolbar-group__inactive,photo,toolbar-group,inactive,False,validation,0.5505128963693936,0.4985097640829358,0.8163814328204825,0.31963904284053574,0.5214711061448992,0.5151783164226575,0.0909763250574643,0.06551392268437238,0.0017137260294624035,0.00204825867631786,0.17132241427562855,-0.01878447006126399,0.9938694336554917,0.05172793646531818,0.00038322156069985736,0.0005703602722782828
apple-macos-27.0-1x-light-standard-glass0.5,light,1,css,photo__toolbar-group__rest,photo,toolbar-group,active,False,validation,1.117323732287918,1.1750264148594793,0.832862292901823,0.578223172345947,0.5540077940374729,0.5469035225399266,0.09621215941383285,0.0627638729307705,0,0.0024150414779439133,0.18624368620056098,-0.010464297917783381,0.9621264808769455,0.036722359055167506,-0.002099452718416493,0.0006106905913567466
apple-macos-27.0-1x-light-standard-glass0.5,light,1,webgpu,photo__toolbar-group__rest,photo,toolbar-group,active,False,validation,0.5127778754153548,0.45196019779358504,0.832862292901823,0.31212372739605004,0.5540077940374729,0.5611453915538072,0.09621215941383285,0.07246841106870175,0.014923554146224816,0.0024150414779439133,0.19422737383385769,-0.01807369530658256,0.9942665351889375,0.05785671252031662,0.000352935836806982,0.0006106905913567466
apple-macos-27.0-2x-dark-standard-glass0.5,dark,2,css,checkerboard-32__capsule-button__rest-tint-orange,checkerboard-32,capsule-button,active,True,probe,0.7826106877044794,3.8842836078630474,9065633.830295315,9394848.200731155,0.4427364888607144,0.42757316445014204,0.025811837327981358,0.005904612709834704,0.003621597902977225,0.050962612276550856,-0.02851899167146421,0.17513566177618398,0.9852876831063364,0.011921539853522964,0.001122948846739435,0.0004586896383693377
apple-macos-27.0-2x-dark-standard-glass0.5,dark,2,webgpu,checkerboard-32__capsule-button__rest-tint-orange,checkerboard-32,capsule-button,active,True,probe,0.8054616668925257,1.8012398093325004,9065633.830295315,9377977.9347948,0.4427364888607144,0.4281206863095194,0.025811837327981358,0.01475131439154419,0.03128892042833814,0.050962612276550856,-0.028293876263397633,0.1747470117956165,0.9975342131848604,0.00894451090152038,0.000580653986645829,0.0004586896383693377
apple-macos-27.0-2x-dark-standard-glass0.5,dark,2,css,checkerboard-4__capsule-button__rest-tint-orange,checkerboard-4,capsule-button,active,True,probe,1.16510612366295,5.712211247470053,9050536.407827865,9394918.900786936,0.44273601918167194,0.42765633269784215,0.025624400474434494,0.00412979894668107,0.003621597902977225,0.0520613446036412,-0.028471305621283638,0.17513160632213262,0.989154335803635,0.013270790567874861,0.001170301600923781,0.00046446134468132964
apple-macos-27.0-2x-dark-standard-glass0.5,dark,2,webgpu,checkerboard-4__capsule-button__rest-tint-orange,checkerboard-4,capsule-button,active,True,probe,0.8183649876975988,1.6784221369950842,9050536.407827865,9377637.598591859,0.44273601918167194,0.4281647549414021,0.025624400474434494,0.015550756536207376,0.03198360744074613,0.0520613446036412,-0.02827237239975211,0.1747359558292686,0.998062393277964,0.01129048679966674,0.0005799731489743936,0.00046446134468132964
apple-macos-27.0-2x-dark-standard-glass0.5,dark,2,css,checkerboard-64__capsule-button__rest-tint-orange,checkerboard-64,capsule-button,active,True,probe,0.841394582632065,5.145468494101962,7802406.650691756,8115383.747854759,0.44303929046774104,0.42756438244440603,0.03070362570013862,0.006080715108315143,0.003603921788932818,0.04917486049133374,-0.06821938622510038,0.17513565477839016,0.98344265572477,0.01558887598592761,0.0002811495889443557,0.00020740111660587355
apple-macos-27.0-2x-dark-standard-glass0.5,dark,2,webgpu,checkerboard-64__capsule-button__rest-tint-orange,checkerboard-64,capsule-button,active,True,probe,0.730154004825672,1.8008140798925372,7802406.650691756,8100278.194060322,0.44303929046774104,0.4270287012566147,0.03070362570013862,0.01688834275816816,0.008762316460227348,0.04917486049133374,-0.0686110938751362,0.174808457070293,0.9987382780413724,0.010939475705689532,0.0005011112215651008,0.00020740111660587355
apple-macos-27.0-2x-dark-standard-glass0.5,dark,2,css,checkerboard-8__capsule-button__rest-tint-orange,checkerboard-8,capsule-button,active,True,probe,1.6400431239719748,8.283103613346093,9058659.09100293,9394984.88416765,0.44232455056454006,0.4277150553411722,0.025657834381721364,0.0029256981488690295,0.003621597902977225,0.05210735809817291,-0.028437530275582712,0.17512883787930572,0.9864841998556871,0.013234297720453843,0.0008167268815033257,0.00045763647587322167
apple-macos-27.0-2x-dark-standard-glass0.5,dark,2,webgpu,checkerboard-8__capsule-button__rest-tint-orange,checkerboard-8,capsule-button,active,True,probe,0.8006185846757746,1.6202693272683442,9058659.09100293,9377429.985109258,0.44232455056454006,0.42812038870530383,0.025657834381721364,0.01610934842096988,0.031221463524007675,0.05210735809817291,-0.028298639728102648,0.17473053038296008,0.997844577513071,0.01129048679966674,0.0005791370144634904,0.00045763647587322167
apple-macos-27.0-2x-dark-standard-glass0.5,dark,2,css,checkerboard__capsule-button__inactive-tint-orange,checkerboard,capsule-button,inactive,True,calibration,1.387287963446545e-06,0.00023057681213292888,43357.40134405978,1.3650005411330026,0.29205119504751326,0.31840572750653146,0.0442265616920067,0.006270863271462901,4.996003610813204e-16,0.004635610868500006,-0.11097028758963157,-4.13630595025354e-09,0.9900702982681718,0.00979592916268291,0.0006127698395533332,0.0007724894518094509
apple-macos-27.0-2x-dark-standard-glass0.5,dark,2,webgpu,checkerboard__capsule-button__inactive-tint-orange,checkerboard,capsule-button,inactive,True,calibration,1.2353729477873678e-06,2.3799451186387e-05,43357.40134405978,1.3567101716593708,0.29205119504751326,0.317527103510151,0.0442265616920067,0.06781079238446527,0.0031495215527124754,0.004635610868500006,-0.11159896490344945,-4.159739260154985e-09,0.9835005864361084,0.026494966441674393,0.0005923687661359687,0.0007724894518094509
apple-macos-27.0-2x-dark-standard-glass0.5,dark,2,css,checkerboard__capsule-button__rest-tint-orange,checkerboard,capsule-button,active,True,calibration,1.293868609255069,6.526020714351246,9063445.39391899,9395000.672099322,0.44199863369164255,0.4276930993729398,0.02568360325855628,0.0036671124441415197,0.003621597902977225,0.0519280401753231,-0.028449993567496557,0.17513030002296687,0.985588511619821,0.011921539853522964,0.0009459267482312274,0.0004571222723477688
apple-macos-27.0-2x-dark-standard-glass0.5,dark,2,webgpu,checkerboard__capsule-button__rest-tint-orange,checkerboard,capsule-button,active,True,calibration,0.8011803487095934,1.6566378669345074,9063445.39391899,9377612.396999966,0.44199863369164255,0.42812138437833397,0.02568360325855628,0.015740409258543128,0.031282404749559845,0.0519280401753231,-0.028296363666061586,0.17473669768729858,0.997603635395389,0.00894451090152038,0.0005799929587662367,0.0004571222723477688
apple-macos-27.0-2x-dark-standard-glass0.5,dark,2,css,dark-solid__capsule-button__inactive-tint-orange,dark-solid,capsule-button,inactive,True,calibration,1.4993565859068723,0.0012513768565161018,0.8600380516711339,0.0002852013322910688,0.06854927603564588,0.0466380241197302,0.0022766577909802944,0.0005095446551467774,0,0,0.13267369331744758,-0.003822473115087625,0.9965628024338393,0.0499105855991995,-3.0093541722973354e-06,9.67683674394507e-06
apple-macos-27.0-2x-dark-standard-glass0.5,dark,2,webgpu,dark-solid__capsule-button__inactive-tint-orange,dark-solid,capsule-button,inactive,True,calibration,2.4394703914052225,0.0033035551407746117,0.8600380516711339,0.0007503363414853637,0.06854927603564588,0.04663812664657019,0.0022766577909802944,0.000508200969239586,0,0,0.13267403487848964,-0.003820858268384782,0.9965603004055872,0.0499105855991995,-3.0496959072431957e-06,9.67683674394507e-06
apple-macos-27.0-2x-dark-standard-glass0.5,dark,2,css,dark-solid__capsule-button__rest-tint-orange,dark-solid,capsule-button,active,True,calibration,0.7222917433015086,3.8837030276120243,45.21488733271685,45.807960519431575,0.43172352565146044,0.4273664015928458,0.027580055050145488,0.006999134311661918,0.0012676969497935064,0.04739376401111178,0.5378441816213662,0.1713290397439832,0.9835520650633995,0.0025089060629558584,-0.002299344991602079,-1.996991356929796e-05
apple-macos-27.0-2x-dark-standard-glass0.5,dark,2,webgpu,dark-solid__capsule-button__rest-tint-orange,dark-solid,capsule-button,active,True,calibration,0.6935279293402674,1.8580519085332217,45.21488733271685,45.73138596430357,0.43172352565146044,0.4263002145800132,0.027580055050145488,0.014580311620029675,0.0020920728718619164,0.04739376401111178,0.5371745564299044,0.1710614069695191,0.9989883272119848,0.0025089060629558584,-2.3898035981959617e-05,-1.996991356929796e-05
apple-macos-27.0-2x-dark-standard-glass0.5,dark,2,css,mid-chroma-solid__capsule-button__inactive-tint-orange,mid-chroma-solid,capsule-button,inactive,True,probe,4.396067618791278,0.0026337787963878322,0.8765841178830768,0.0008930545321385404,0.24395636740908,0.13005382560146428,0.0035611841740366204,0.001260450684588812,4.163336342344337e-16,1.7486012637846216e-15,-0.13372872278349857,-0.30860982212706234,0.9988638027262354,0.31153710920518995,0.00026337712593571316,0.00014123718429463514
apple-macos-27.0-2x-dark-standard-glass0.5,dark,2,webgpu,mid-chroma-solid__capsule-button__inactive-tint-orange,mid-chroma-solid,capsule-button,inactive,True,probe,10.59425459423938,0.00967577363036735,0.8765841178830768,0.001476505268949198,0.24395636740908,0.13008164046141915,0.0035611841740366204,0.0008057788834979634,4.163336342344337e-16,1.7486012637846216e-15,-0.13366821662274198,-0.30837742866729795,0.9988504449600306,0.31153710920518995,0.00025544817624389954,0.00014123718429463514
apple-macos-27.0-2x-dark-standard-glass0.5,dark,2,css,mid-chroma-solid__capsule-button__inactive,mid-chroma-solid,capsule-button,inactive,False,probe,4.121570171527489,0.6540404167635441,1.0401708607951576,0.4738612741092053,0.28570863549630265,0.07168936521991541,0.005187550801502664,0.0014921377252107772,0.0015467417924725085,5.551115123125783e-16,-0.2066798751093183,-0.16245950877957085,0.9948362279049298,0.3221547984547813,0.0002570051591777239,0.0001379409563619053
apple-macos-27.0-2x-dark-standard-glass0.5,dark,2,webgpu,mid-chroma-solid__capsule-button__inactive,mid-chroma-solid,capsule-button,inactive,False,probe,8.186943056268342,0.5351438839538044,1.0401708607951576,0.2771145549051432,0.28570863549630265,0.0760817618513017,0.005187550801502664,0.0009766816501241046,0.0014749323970992129,5.551115123125783e-16,-0.20695352533199451,-0.2232128674070575,0.9981510247016127,0.35975178200208413,0.0002571161849358426,0.0001379409563619053
apple-macos-27.0-2x-dark-standard-glass0.5,dark,2,css,mid-chroma-solid__rrect-lg__inactive,mid-chroma-solid,rrect-lg,inactive,False,probe,3.7728533834855456,0.23248161370329753,1.0310508730963537,0.4421180457999578,0.2690419618380778,0.0745536148207199,0.003975198826561232,0.0034228840069403543,0.0033945300276401608,0,-0.20276907446743414,-0.17207851064131405,0.9910641310041507,0.315127190201452,0.02222525172094867,0.00120521518174229
apple-macos-27.0-2x-dark-standard-glass0.5,dark,2,webgpu,mid-chroma-solid__rrect-lg__inactive,mid-chroma-solid,rrect-lg,inactive,False,probe,4.323324730379292,0.23143272116490288,1.0310508730963537,0.26642347610103,0.2690419618380778,0.07704655872191687,0.003975198826561232,0.0024331961317815864,0.007303756684115106,0,-0.20554457572224122,-0.2264189189156387,0.9944299947036958,0.3483059557150456,0.023370275989855627,0.00120521518174229
apple-macos-27.0-2x-dark-standard-glass0.5,dark,2,css,mid-chroma-solid__rrect-md__inactive,mid-chroma-solid,rrect-md,inactive,False,probe,3.5309380990145836,0.21366376395962322,1.03322375346614,0.44300694321489353,0.2726737652110187,0.07471776064728294,0.003688816691775566,0.0033722259061077014,0.003479635101498374,0,-0.20242316108153835,-0.17182025544958013,0.9949612146098066,0.3180855091168165,0.001763130809619163,0.0003122936647387599
apple-macos-27.0-2x-dark-standard-glass0.5,dark,2,webgpu,mid-chroma-solid__rrect-md__inactive,mid-chroma-solid,rrect-md,inactive,False,probe,4.109528301229236,0.22336930271787583,1.03322375346614,0.26639653269099167,0.2726737652110187,0.07703965585408697,0.003688816691775566,0.002271596520467601,0.004066365457505272,0,-0.20556118926990813,-0.2264507459884929,0.9971948681084866,0.3510322275406376,0.0017170537980716978,0.0003122936647387599
apple-macos-27.0-2x-dark-standard-glass0.5,dark,2,css,photo__capsule-button__inactive-tint-orange,photo,capsule-button,inactive,True,calibration,0.6985281092827037,0.03216815336856001,0.6475385067722627,0.0016120237046605844,0.29142764205019533,0.2916193947720095,0.04539515916543385,0.002531044922571266,0,0.0104301877186333,0.06357956705868395,-0.0203326159378673,0.9935094376789816,0.068871716484483,0.0002799321368711322,0.00024099741882990737
apple-macos-27.0-2x-dark-standard-glass0.5,dark,2,webgpu,photo__capsule-button__inactive-tint-orange,photo,capsule-button,inactive,True,calibration,0.24777748495392676,0.013305276187964595,0.6475385067722627,0.002942797662366545,0.29142764205019533,0.2901490479240306,0.04539515916543385,0.012014628129787475,0.001348968815017726,0.0104301877186333,0.06245469252861047,-0.02026627869273521,0.9934079071058564,0.06765042133128257,0.0002750383810228368,0.00024099741882990737
apple-macos-27.0-2x-dark-standard-glass0.5,dark,2,css,photo__capsule-button__inactive,photo,capsule-button,inactive,False,calibration,1.0555650505349958,0.8761347997172032,0.9051189185518475,0.2283684252837484,0.2045825742116378,0.1877015727865924,0.04290656198755946,0.011513065220182783,0.0002928427126254185,0.005136536691939919,-0.02954342567629642,-0.011878490378362857,0.991773864178893,0.07885268734453335,0.000285075118625094,0.00024803484633417245
apple-macos-27.0-2x-dark-standard-glass0.5,dark,2,webgpu,photo__capsule-button__inactive,photo,capsule-button,inactive,False,calibration,0.6582954203224999,0.48818804753045375,0.9051189185518475,0.11444071093424998,0.2045825742116378,0.1879836183997335,0.04290656198755946,0.009188730998895308,0,0.005136536691939919,-0.029346017372430366,-0.012674878580084238,0.9917749567282089,0.08776957548797028,0.00028680196875344085,0.00024803484633417245
apple-macos-27.0-2x-dark-standard-glass0.5,dark,2,css,photo__capsule-button__rest-tint-orange,photo,capsule-button,active,True,calibration,0.8132929679980104,3.8522265262810165,1.483984916330976,1.5415050390548135,0.4439144367505408,0.42754484648917473,0.0206785825562901,0.004440468753106161,0.002475205881600717,0.051293113361928655,0.1656754579228079,0.15468629326237535,0.9882878094426948,0.011253749505664929,-0.0004181063862076913,0.00019711391876270652
apple-macos-27.0-2x-dark-standard-glass0.5,dark,2,webgpu,photo__capsule-button__rest-tint-orange,photo,capsule-button,active,True,calibration,1.3734188088523724,2.509727780320616,1.483984916330976,1.5391575677123768,0.4439144367505408,0.42783728942190896,0.0206785825562901,0.008194156797870607,0.02414474820578144,0.051293113361928655,0.1657491663196594,0.15432560439211102,0.9965405539749126,0.011253749505664929,0.0002597967117387543,0.00019711391876270652
apple-macos-27.0-2x-dark-standard-glass0.5,dark,2,css,photo__capsule-button__rest,photo,capsule-button,active,False,calibration,0.9842759825020384,0.7226670189561519,0.9731724896496379,0.21895059262985908,0.22619569424873018,0.1783758912768478,0.04759626925505541,0.012549586039199718,0.013744775592363562,0.07119525587016534,-0.03396529344211241,-0.020926711604921953,0.9877388281893557,0.09184903109132865,0.0007866787653225191,0.00021056257467569087
apple-macos-27.0-2x-dark-standard-glass0.5,dark,2,webgpu,photo__capsule-button__rest,photo,capsule-button,active,False,calibration,0.3516538628176922,0.24230676041570828,0.9731724896496379,0.10704531856868692,0.22619569424873018,0.1768672806343813,0.04759626925505541,0.016789804575301936,0.03852850738914332,0.07119525587016534,-0.035757997653542706,-0.02280824374670358,0.9924729898790476,0.09743638267949732,0.0002763311958750438,0.00021056257467569087
apple-macos-27.0-2x-dark-standard-glass0.5,dark,2,css,photo__rrect-md__inactive,photo,rrect-md,inactive,False,calibration,0.9340647814255166,0.8578574486600533,0.9060300626649113,0.23500277641609807,0.16970309971385808,0.16021138422475775,0.03509309150935081,0.010339589417280718,0,0,-0.06497099273423723,-0.012616534344925009,0.9857173896069394,0.129383234772162,0.0015073079987314834,0.0005072312003625373
apple-macos-27.0-2x-dark-standard-glass0.5,dark,2,webgpu,photo__rrect-md__inactive,photo,rrect-md,inactive,False,calibration,0.4950975081557862,0.38972170352157914,0.9060300626649113,0.12266420252052643,0.16970309971385808,0.16248226620145081,0.03509309150935081,0.010441754653474815,0,0,-0.06273550573307896,-0.015413765383369736,0.985662092682428,0.1521690049343197,0.0016336973418057002,0.0005072312003625373
apple-macos-27.0-2x-dark-standard-glass0.5,dark,2,css,photo__rrect-md__rest,photo,rrect-md,active,False,calibration,0.9561740016751488,0.8410306760394041,0.9172763883608089,0.21244737791139545,0.1889593513628035,0.16276830051716037,0.03957446808784108,0.010159811704491966,0.003936285927172739,0.01233419263276131,-0.061425764952875106,-0.014784628587644531,0.9812937464633129,0.14777000099935222,0.002461011167893035,0.001487811149636915
apple-macos-27.0-2x-dark-standard-glass0.5,dark,2,webgpu,photo__rrect-md__rest,photo,rrect-md,active,False,calibration,0.3614583008992846,0.27519468897631133,0.9172763883608089,0.11367354587648934,0.1889593513628035,0.16268085024902454,0.03957446808784108,0.014754598893968561,0.01895628009213876,0.01233419263276131,-0.06186392124460971,-0.01786899981268533,0.9888983782208123,0.16607490301054634,0.0016264246592262678,0.001487811149636915
apple-macos-27.0-2x-dark-standard-glass0.5,dark,2,css,photo__rrect-ml__inactive,photo,rrect-ml,inactive,False,probe,0.9200721044968394,0.9235811172335356,0.9016567752636258,0.2395979061049024,0.1660516331357581,0.16074240728765962,0.03948042087447463,0.011948289244978412,0,0,-0.06792793001828923,-0.003032420878624238,0.9790803339374275,0.16005690211908624,0.006233219544262379,0.0009251768056681545
apple-macos-27.0-2x-dark-standard-glass0.5,dark,2,webgpu,photo__rrect-ml__inactive,photo,rrect-ml,inactive,False,probe,0.4925811298340655,0.42152740048561577,0.9016567752636258,0.1301013634450115,0.1660516331357581,0.1616165170664943,0.03948042087447463,0.012370463216226407,0.00014007260495785268,0,-0.06684429469431352,-0.004019081137295286,0.9784111166654627,0.17963027299334489,0.006877294017620167,0.0009251768056681545
apple-macos-27.0-2x-light-standard-glass0.5,light,2,css,checkerboard-32__capsule-button__rest-tint-orange,checkerboard-32,capsule-button,active,True,probe,2.351001838542362,6.929818330604486,8877857.925971791,8812321.434453722,0.3592253441130958,0.35097381898642666,0.03613027030794188,0.004103882341719078,0.0017227739443189671,0.0642488845339988,-0.07712599420262689,0.1642433693430789,0.9824095441926336,0.02059225338171082,0.0018404429007671493,0.0008027284286227607
apple-macos-27.0-2x-light-standard-glass0.5,light,2,webgpu,checkerboard-32__capsule-button__rest-tint-orange,checkerboard-32,capsule-button,active,True,probe,1.0379382782157511,1.0987167084094582,8877857.925971791,8817509.962183535,0.3592253441130958,0.3547478980672593,0.03613027030794188,0.030627129068056414,0.026600341463340726,0.0642488845339988,-0.07464887482605131,0.1644190385224576,0.9913526167221199,0.005144079824778606,0.0008599406130049297,0.0008027284286227607
apple-macos-27.0-2x-light-standard-glass0.5,light,2,css,checkerboard-4__capsule-button__rest-tint-orange,checkerboard-4,capsule-button,active,True,probe,3.322563345254603,10.562784891201975,8868759.865449438,8812489.688486798,0.3574225594706818,0.35113493760100056,0.030414797672342175,0.002863197973223626,0.0023695237464003704,0.06419311024849172,-0.07702027227300723,0.16423315546108277,0.981658932193119,0.013508560318055739,0.0018911992623268238,0.0008284949102975903
apple-macos-27.0-2x-light-standard-glass0.5,light,2,webgpu,checkerboard-4__capsule-button__rest-tint-orange,checkerboard-4,capsule-button,active,True,probe,1.1701222458939362,1.4562665356911546,8868759.865449438,8856865.870670997,0.3574225594706818,0.3590065657781412,0.030414797672342175,0.018447529119426136,0.024361527236525127,0.06419311024849172,-0.07178615359077345,0.16506431349306536,0.9900702093474846,0.010349739131891104,0.0008594508635249201,0.0008284949102975903
apple-macos-27.0-2x-light-standard-glass0.5,light,2,css,checkerboard-64__capsule-button__rest-tint-orange,checkerboard-64,capsule-button,active,True,probe,2.4096215358388156,10.972591151477896,7679827.800354335,7562429.161203745,0.3626385310297501,0.344796627301762,0.05717202161706134,0.0041555658661151604,0.0017241089852720881,0.052121322880252396,-0.12098082198449056,0.16310265814553843,0.9808042098874811,0.03595436280200415,0.0010395551110673194,0.000752214777890424
apple-macos-27.0-2x-light-standard-glass0.5,light,2,webgpu,checkerboard-64__capsule-button__rest-tint-orange,checkerboard-64,capsule-button,active,True,probe,1.0228787025606167,1.2261274326588139,7679827.800354335,7668869.154166688,0.3626385310297501,0.3614740428153986,0.05717202161706134,0.04435875232270956,0.024757033843338938,0.052121322880252396,-0.10967597776139848,0.16570343666701534,0.9907186291558522,0.006049071151121356,0.0007688214862663535,0.000752214777890424
apple-macos-27.0-2x-light-standard-glass0.5,light,2,css,checkerboard-8__capsule-button__rest-tint-orange,checkerboard-8,capsule-button,active,True,probe,2.5830416044241042,9.232644732389918,8880188.037078878,8812519.332414208,0.35895789261152644,0.35120742523266985,0.031183282428002654,0.0037525449979467435,0.004533924380357268,0.06345983948181066,-0.07697277293726257,0.16422630728668242,0.9805247621628931,0.013508560318055739,0.0015410200562602705,0.0008107308142121313
apple-macos-27.0-2x-light-standard-glass0.5,light,2,webgpu,checkerboard-8__capsule-button__rest-tint-orange,checkerboard-8,capsule-button,active,True,probe,1.104503397099455,1.334440541134623,8880188.037078878,8836878.882409776,0.35895789261152644,0.35665557386009566,0.031183282428002654,0.020938686121738107,0.025405929570811836,0.06345983948181066,-0.0733651254185248,0.16470357538222144,0.9898881450531808,0.008811896288532836,0.0008582659252447845,0.0008107308142121313
apple-macos-27.0-2x-light-standard-glass0.5,light,2,css,checkerboard__capsule-button__inactive-tint-blue,checkerboard,capsule-button,inactive,True,validation,1.0129335377532652e-06,0.00024917783049518093,30126.90223580199,1.4876902578868387,0.37988019525488426,0.41259171394418226,0.036927245346820986,0.008676541969723724,0.0014649559069239149,0.0025147345623545148,-0.04944653613318939,-1.8430701570202955e-09,0.9924776958910643,0.02550300813121666,0.0007972464821472536,0.0007685815135173853
apple-macos-27.0-2x-light-standard-glass0.5,light,2,webgpu,checkerboard__capsule-button__inactive-tint-blue,checkerboard,capsule-button,inactive,True,validation,9.879710548691218e-07,2.2173321187169562e-05,30126.90223580199,1.4786954302640685,0.37988019525488426,0.41330642278608576,0.036927245346820986,0.09936381633363976,0.0018400260093828225,0.0025147345623545148,-0.04901692357904308,-1.8270568172786238e-09,0.9799773891713358,0.039116159075059526,0.0008496273313518427,0.0007685815135173853
apple-macos-27.0-2x-light-standard-glass0.5,light,2,css,checkerboard__capsule-button__inactive-tint-orange,checkerboard,capsule-button,inactive,True,calibration,1.0129335377532652e-06,0.00024917783049518093,30126.90223580199,1.4876902578868387,0.37988019525488426,0.41259171394418226,0.036927245346820986,0.008676541969723724,0.0014649559069239149,0.0025147345623545148,-0.04944653613318939,-1.8430701570202955e-09,0.9924776958910643,0.02550300813121666,0.0007972464821472536,0.0007685815135173853
apple-macos-27.0-2x-light-standard-glass0.5,light,2,webgpu,checkerboard__capsule-button__inactive-tint-orange,checkerboard,capsule-button,inactive,True,calibration,9.879710548691218e-07,2.2173321187169562e-05,30126.90223580199,1.4786954302640685,0.37988019525488426,0.41330642278608576,0.036927245346820986,0.09936381633363976,0.0018400260093828225,0.0025147345623545148,-0.04901692357904308,-1.8270568172786238e-09,0.9799773891713358,0.039116159075059526,0.0008496273313518427,0.0007685815135173853
apple-macos-27.0-2x-light-standard-glass0.5,light,2,css,checkerboard__capsule-button__rest-tint-blue,checkerboard,capsule-button,active,True,validation,2.1624920000312815,6.5244689894334735,10512771.309723783,10366606.546417443,0.20239789991736037,0.1945245816737001,0.02508682992583124,0.004108593849909165,0.005522658045151063,0.06439371970766405,-0.20980075990013303,0.19319224379443317,0.9819726649727378,0.014930112339472178,0.002553631216264401,0.0010682263609522252
apple-macos-27.0-2x-light-standard-glass0.5,light,2,webgpu,checkerboard__capsule-button__rest-tint-blue,checkerboard,capsule-button,active,True,validation,1.2459923461248432,1.3401395768821176,10512771.309723783,10383898.141273871,0.20239789991736037,0.19982941880610547,0.02508682992583124,0.016812543101640744,0.03489718198105757,0.06439371970766405,-0.2047017316314409,0.19355963939119702,0.9914756232289806,0.007240305524772109,0.0008776756826322286,0.0010682263609522252
apple-macos-27.0-2x-light-standard-glass0.5,light,2,css,checkerboard__capsule-button__rest-tint-orange,checkerboard,capsule-button,active,True,calibration,2.3504786522230625,7.716200328922222,8888504.297761297,8812443.319049202,0.360233809201503,0.3511338412572987,0.03179489607839911,0.004044495158943062,0.0023367881341470054,0.0640456951943279,-0.07702105077197752,0.16423070417255026,0.9814106360692516,0.014930112339472178,0.0016760347044318974,0.0008053896407330154
apple-macos-27.0-2x-light-standard-glass0.5,light,2,webgpu,checkerboard__capsule-button__rest-tint-orange,checkerboard,capsule-button,active,True,calibration,1.0634057276237265,1.2504240697704005,8888504.297761297,8825213.77550037,0.360233809201503,0.3553266468853968,0.03179489607839911,0.02292146411767789,0.026660804464789245,0.0640456951943279,-0.0742606143355452,0.16449937835120873,0.9911479425104072,0.00735224135046017,0.0008588826855677081,0.0008053896407330154
apple-macos-27.0-2x-light-standard-glass0.5,light,2,css,dark-solid__capsule-button__inactive-tint-orange,dark-solid,capsule-button,inactive,True,calibration,2.3338577767845825,0.009349252724241636,0.3960898791713148,0.0005736289028345728,0.1870196846628854,0.23442042436660757,0.010659880974913542,0.0024292315999969003,0,0,0.38931283092466695,-0.0038214118957959524,0.9959872492124991,0.043728658907408784,-2.811845802737903e-05,2.454856798077612e-05
apple-macos-27.0-2x-light-standard-glass0.5,light,2,webgpu,dark-solid__capsule-button__inactive-tint-orange,dark-solid,capsule-button,inactive,True,calibration,1.2826401428994527,0.005777847639590455,0.3960898791713148,0.0009225676764402584,0.1870196846628854,0.23420393786468988,0.010659880974913542,0.005692344240160168,0,0,0.38912299519550164,-0.0038207913470795648,0.9968314151951841,0.043728658907408784,-1.3875567934770202e-05,2.454856798077612e-05
apple-macos-27.0-2x-light-standard-glass0.5,light,2,css,dark-solid__capsule-button__rest-tint-orange,dark-solid,capsule-button,active,True,calibration,3.0609611349942356,6.668124826592566,40.38193125116314,39.95057753161167,0.2819946896394449,0.2857680112032875,0.02748919200591703,0.0032319898933249698,0.004143922786908616,0.08286152222623272,0.4416749748357437,0.14892803912868205,0.9834311466878177,0.009742581253199224,-0.001572147672246962,-0.00026497480818546724
apple-macos-27.0-2x-light-standard-glass0.5,light,2,webgpu,dark-solid__capsule-button__rest-tint-orange,dark-solid,capsule-button,active,True,calibration,1.2990420075871234,1.2530844078922327,40.38193125116314,40.270679617525666,0.2819946896394449,0.2924454717545546,0.02748919200591703,0.01936529996939658,0.053984731343537096,0.08286152222623272,0.4468813264149166,0.1502396308075574,0.995437170634809,0.009742581253199224,-1.8331948638529595e-05,-0.00026497480818546724
apple-macos-27.0-2x-light-standard-glass0.5,light,2,css,impulse__capsule-button__inactive-tint-orange,impulse,capsule-button,inactive,True,calibration,5.603881431920674e-07,0.00010378269786469877,11855435.957343383,180.58666618789005,0.14731494194239556,0.21210727787532424,0.009534842485146256,0.0023015931427545107,9.71445146547012e-16,0.0003730133018378379,0.4474575111184189,1.6678529341085085e-08,0.9954427998869373,0.06838315183081921,-2.1417385769024057e-05,-8.940207691157419e-07
apple-macos-27.0-2x-light-standard-glass0.5,light,2,webgpu,impulse__capsule-button__inactive-tint-orange,impulse,capsule-button,inactive,True,calibration,4.859734152833911e-07,2.2693849833140682e-05,11855435.957343383,180.88826760812202,0.14731494194239556,0.2133738814504913,0.009534842485146256,0.012157561148215878,0.003319346645605792,0.0003730133018378379,0.44864224262781816,1.672268906518953e-08,0.9958752715000818,0.06838315183081921,-8.639845319103355e-06,-8.940207691157419e-07
apple-macos-27.0-2x-light-standard-glass0.5,light,2,css,impulse__capsule-button__rest-tint-orange,impulse,capsule-button,active,True,calibration,2.6110281237701907,5.8478286786572236,1234700661.6140063,1230848846.7529993,0.2653976584844419,0.27246321920434596,0.028243999917427952,0.003732022755879399,0.004589357999606913,0.08242007321495415,0.5098513559974434,0.15083134214099692,0.9816239592689289,0.01140033108781837,-0.0015528370823810317,-0.00024720755336924777
apple-macos-27.0-2x-light-standard-glass0.5,light,2,webgpu,impulse__capsule-button__rest-tint-orange,impulse,capsule-button,active,True,calibration,1.2417578235266715,1.159563711896809,1234700661.6140063,1242112020.9782884,0.2653976584844419,0.2804532318601563,0.028243999917427952,0.021565310588085303,0.05991365539702903,0.08242007321495415,0.5162304820572701,0.1523135070686629,0.9931161118663421,0.01140033108781837,-1.3039979824578402e-05,-0.00024720755336924777
apple-macos-27.0-2x-light-standard-glass0.5,light,2,css,light-solid__capsule-button__inactive-tint-orange,light-solid,capsule-button,inactive,True,calibration,1.9545349196930477,0.012882682757287427,0.41416954517384613,0.0022468471219958515,0.6443347870711633,0.6379587422941349,0.010588398312356835,0.004879228379152422,0.0108049878335158,0,-0.10171514520107061,-0.006631576129911834,0.9860141472556253,0.004570126300077241,0.00166506659721258,0.001004575139049309
apple-macos-27.0-2x-light-standard-glass0.5,light,2,webgpu,light-solid__capsule-button__inactive-tint-orange,light-solid,capsule-button,inactive,True,calibration,1.4734106881281355,0.009665176164490993,0.41416954517384613,0.0018468014569368103,0.6443347870711633,0.6379908846422016,0.010588398312356835,0.0053704200087517934,0.011764722852184106,0,-0.10170081989123103,-0.006634316023928171,0.9859227484713844,0.004570126300077241,0.0016039161659885304,0.001004575139049309
apple-macos-27.0-2x-light-standard-glass0.5,light,2,css,light-solid__capsule-button__rest-tint-orange,light-solid,capsule-button,active,True,calibration,1.0505254824784882,4.238906398445394,26.062720513582846,26.1801898705405,0.4190229479528267,0.42079392080119027,0.018081368417596395,0.004508067059624342,0.005056977987022371,0.05730590522670592,-0.20144254927626337,0.1673655543704427,0.9829794892281734,0.0060396923410685815,0.004348328421654714,0.0015960368069897438
apple-macos-27.0-2x-light-standard-glass0.5,light,2,webgpu,light-solid__capsule-button__rest-tint-orange,light-solid,capsule-button,active,True,calibration,1.1630371741751286,2.262163061489378,26.062720513582846,26.211143059930496,0.4190229479528267,0.4217129052272187,0.018081368417596395,0.00834330711846235,0.014005941098075736,0.05730590522670592,-0.20083749472091772,0.16752585001594456,0.987941036627971,0.0060396923410685815,0.0016437506892719,0.0015960368069897438
apple-macos-27.0-2x-light-standard-glass0.5,light,2,css,mid-chroma-solid__capsule-button__inactive-tint-orange,mid-chroma-solid,capsule-button,inactive,True,probe,5.264388264704723,0.017970253038867977,0.610103554889946,0.0022540807040387196,0.22758624669609284,0.3046808640133725,0.009815217474233084,0.0040401687245644035,0,0,0.0325647618424032,-0.3081885126121563,0.9939464166415365,0.19175822114189361,0.00033184087396383194,0.00034493173557688226
apple-macos-27.0-2x-light-standard-glass0.5,light,2,webgpu,mid-chroma-solid__capsule-button__inactive-tint-orange,mid-chroma-solid,capsule-button,inactive,True,probe,3.658294255086734,0.01036573507081858,0.610103554889946,0.002710275105162795,0.22758624669609284,0.30443694161704693,0.009815217474233084,0.006839059605887951,0,0,0.03239241987787944,-0.3080968857439715,0.9944391806083303,0.19175822114189361,0.00036366847109045505,0.00034493173557688226
apple-macos-27.0-2x-light-standard-glass0.5,light,2,css,mid-chroma-solid__capsule-button__inactive,mid-chroma-solid,capsule-button,inactive,False,probe,1.4825559984595293,2.0881935249058867,0.8187339546511091,0.7223410199052331,0.37676370179384056,0.3293578047636618,0.010731553855117253,0.004859587375447707,0,0,0.0784085955924021,-0.08578411360956095,0.9986886835523751,0.0483309123360149,0.0003230420612030375,0.00012705334580316916
apple-macos-27.0-2x-light-standard-glass0.5,light,2,webgpu,mid-chroma-solid__capsule-button__inactive,mid-chroma-solid,capsule-button,inactive,False,probe,1.8254943235684595,0.9612659311362846,0.8187339546511091,0.46968449127180034,0.37676370179384056,0.3759133724323097,0.010731553855117253,0.007346290649170074,1.7208456881689926e-15,0,0.0977547909763512,-0.16385496716654466,0.9982616596837649,0.11552519545224117,0.0003504574168519016,0.00012705334580316916
apple-macos-27.0-2x-light-standard-glass0.5,light,2,css,mid-chroma-solid__capsule-button__rest-tint-orange,mid-chroma-solid,capsule-button,active,True,probe,13.564957879403416,26.205609749401994,0.5003682842897144,0.5318224125491634,0.2843622651887236,0.35107932232267663,0.027520284952847442,0.0013343512594416612,0.0017227739443189671,0.0833559159366577,0.07624936410513905,-0.14464549854064318,0.9840880330405006,0.05540614465083372,-0.00039271755193916056,0.00021087726394626536
apple-macos-27.0-2x-light-standard-glass0.5,light,2,webgpu,mid-chroma-solid__capsule-button__rest-tint-orange,mid-chroma-solid,capsule-button,active,True,probe,4.894856776121294,2.8512887325948877,0.5003682842897144,0.5334604363130545,0.2843622651887236,0.3537933859985511,0.027520284952847442,0.010794110714757076,0.02774680546340008,0.0833559159366577,0.07811516441842914,-0.14431987603588808,0.9957018908991493,0.05540614465083372,0.0003568835831058581,0.00021087726394626536
apple-macos-27.0-2x-light-standard-glass0.5,light,2,css,mid-chroma-solid__capsule-button__rest,mid-chroma-solid,capsule-button,active,False,probe,0.6093822062278781,0.8672755413683189,0.7999808165994156,0.4882900394441804,0.3858560093496759,0.5594949175117395,0.012508915804345192,0.011029715633521418,0,0.02266635817371171,0.2018360652990222,-0.15809931704722394,0.9810638116607154,0.1281088044157292,-0.0014917856599434532,0.00018227460025351972
apple-macos-27.0-2x-light-standard-glass0.5,light,2,webgpu,mid-chroma-solid__capsule-button__rest,mid-chroma-solid,capsule-button,active,False,probe,0.7623317600413857,0.39662295293726724,0.7999808165994156,0.350151384558787,0.3858560093496759,0.5975552468489348,0.012508915804345192,0.017001061816257965,0.024319624842035092,0.02266635817371171,0.2135961835879422,-0.20083533783016053,0.9937771164222935,0.17028361981499604,0.000336861049006874,0.00018227460025351972
apple-macos-27.0-2x-light-standard-glass0.5,light,2,css,mid-chroma-solid__rrect-lg__inactive,mid-chroma-solid,rrect-lg,inactive,False,probe,1.2545525819053476,1.6165867606279023,0.817644836573791,0.6888446087944421,0.3774671399166424,0.33754523602034037,0.007730220979530835,0.004634134596980753,0,6.050715484207103e-15,0.08253041178777032,-0.09612548198208279,0.9933547520121921,0.054670745758463396,0.016182970828833642,0.0011678278121834108
apple-macos-27.0-2x-light-standard-glass0.5,light,2,webgpu,mid-chroma-solid__rrect-lg__inactive,mid-chroma-solid,rrect-lg,inactive,False,probe,2.1503901001697745,0.7739916273797023,0.817644836573791,0.4510843749653777,0.3774671399166424,0.37601034744439604,0.007730220979530835,0.006378463370751449,0,6.050715484207103e-15,0.09715346357757704,-0.16959072570035338,0.9933966744564805,0.1201198228058279,0.016284183114917642,0.0011678278121834108
apple-macos-27.0-2x-light-standard-glass0.5,light,2,css,mid-chroma-solid__rrect-lg__rest,mid-chroma-solid,rrect-lg,active,False,probe,0.7883724532958362,1.1613611184544441,0.7788329691662035,0.46911326964854594,0.39584824754247155,0.5741049129891268,0.009937011115371588,0.00814599273073237,0.001343804038027585,0.015956911156425946,0.20819209808851213,-0.1640039527913473,0.9323406034485433,0.1312508419860969,0.0006423758262906697,0.015622132925730649
apple-macos-27.0-2x-light-standard-glass0.5,light,2,webgpu,mid-chroma-solid__rrect-lg__rest,mid-chroma-solid,rrect-lg,active,False,probe,1.0758136614156422,0.3865528950491292,0.7788329691662035,0.3312137135589906,0.39584824754247155,0.6135770454976569,0.009937011115371588,0.014835626970639114,0.023884761066406468,0.015956911156425946,0.2203603145714308,-0.2066674368015257,0.9638150987869009,0.17296542093550743,0.01624598367230131,0.015622132925730649
apple-macos-27.0-2x-light-standard-glass0.5,light,2,css,mid-chroma-solid__rrect-md__inactive,mid-chroma-solid,rrect-md,inactive,False,probe,1.1492044617808477,1.4242390941018779,0.817778729567456,0.6891764410024361,0.37744564758757665,0.337340467006763,0.006889577257724806,0.004482136586299719,0,0,0.0824041421906676,-0.09602235651626781,0.9977298632463772,0.05318709725902976,0.0013623803926162126,0.0002995591035098741
apple-macos-27.0-2x-light-standard-glass0.5,light,2,webgpu,mid-chroma-solid__rrect-md__inactive,mid-chroma-solid,rrect-md,inactive,False,probe,2.0118835949891065,0.7771199127834868,0.817778729567456,0.4511535496227925,0.37744564758757665,0.3759898159471926,0.006889577257724806,0.005666117664215732,0,0,0.0971440006545573,-0.16956056985000237,0.9976251112334252,0.1201198228058279,0.0013376458326291667,0.0002995591035098741
apple-macos-27.0-2x-light-standard-glass0.5,light,2,css,mid-chroma-solid__rrect-md__rest,mid-chroma-solid,rrect-md,active,False,probe,0.626789496214449,0.9585123942888475,0.7928161081838934,0.4639736337060501,0.38925443060269016,0.5776109087020239,0.008831213607172416,0.007639781311485233,0,0.017299604069326513,0.20967331237377962,-0.1655892465048734,0.9655655311328599,0.1370710273668537,-0.0023490569202929256,0.0011295362605562962
apple-macos-27.0-2x-light-standard-glass0.5,light,2,webgpu,mid-chroma-solid__rrect-md__rest,mid-chroma-solid,rrect-md,active,False,probe,0.8651219666641795,0.33979396461554806,0.7928161081838934,0.3306389136386514,0.38925443060269016,0.6134352059438012,0.008831213607172416,0.014002355291879109,0.025973175745321098,0.017299604069326513,0.22027196653910097,-0.20683130948454104,0.9851258878203003,0.1779985096504118,0.0013261072821244854,0.0011295362605562962
apple-macos-27.0-2x-light-standard-glass0.5,light,2,css,photo__capsule-button__inactive-tint-blue,photo,capsule-button,inactive,True,calibration,0.950432409253531,0.06819149134366398,0.5436562244171538,0.0026353416998417165,0.3549509945108321,0.3966705428471195,0.03778567401714341,0.0027450173356186394,4.440892098500626e-16,0.006258141259563532,0.13518711594271893,-0.02031512567351362,0.9913305128346096,0.06325204521052072,0.0003570689905560068,0.0003598865852923726
apple-macos-27.0-2x-light-standard-glass0.5,light,2,webgpu,photo__capsule-button__inactive-tint-blue,photo,capsule-button,inactive,True,calibration,0.10152370865518456,0.00710263682197619,0.5436562244171538,0.003001610860843232,0.3549509945108321,0.3943391023542932,0.03778567401714341,0.028275771474931908,0.0025331362434627414,0.006258141259563532,0.13374383388081745,-0.020309179831336364,0.99214167891014,0.05901988295099635,0.0003933022781393623,0.0003598865852923726
apple-macos-27.0-2x-light-standard-glass0.5,light,2,css,photo__capsule-button__inactive-tint-orange-half,photo,capsule-button,inactive,True,calibration,1.155303371122399,1.3806195854493395,0.6479683211853763,0.27760527804380947,0.421824583875594,0.4441914093121145,0.04311667580033038,0.017392409999514975,0.0016025590207180973,0.007064390641851881,0.16399784656207128,-0.015871506983928918,0.9941447197813471,0.043786133332211416,0.0003527757253849715,0.00028905637995784046
apple-macos-27.0-2x-light-standard-glass0.5,light,2,webgpu,photo__capsule-button__inactive-tint-orange-half,photo,capsule-button,inactive,True,calibration,0.30367567297230347,0.2821936314669827,0.6479683211853763,0.14384020452493035,0.421824583875594,0.4447544022571542,0.04311667580033038,0.03296428959449787,0.003337303832041838,0.007064390641851881,0.1641414122430188,-0.017443756896144767,0.9945671902729265,0.05348309233455434,0.00038793091741502425,0.00028905637995784046
apple-macos-27.0-2x-light-standard-glass0.5,light,2,css,photo__capsule-button__inactive-tint-orange,photo,capsule-button,inactive,True,calibration,0.950432409253531,0.06819149134366398,0.5436562244171538,0.0026353416998417165,0.3549509945108321,0.3966705428471195,0.03778567401714341,0.0027450173356186394,4.440892098500626e-16,0.006258141259563532,0.13518711594271893,-0.02031512567351362,0.9913305128346096,0.06325204521052072,0.0003570689905560068,0.0003598865852923726
apple-macos-27.0-2x-light-standard-glass0.5,light,2,webgpu,photo__capsule-button__inactive-tint-orange,photo,capsule-button,inactive,True,calibration,0.10152370865518456,0.00710263682197619,0.5436562244171538,0.003001610860843232,0.3549509945108321,0.3943391023542932,0.03778567401714341,0.028275771474931908,0.0025331362434627414,0.006258141259563532,0.13374383388081745,-0.020309179831336364,0.99214167891014,0.05901988295099635,0.0003933022781393623,0.0003598865852923726
apple-macos-27.0-2x-light-standard-glass0.5,light,2,css,photo__capsule-button__inactive,photo,capsule-button,inactive,False,calibration,0.9702968841725127,1.0747720939307983,0.7492173674787963,0.5396549945806575,0.4987280425290393,0.4948798842551912,0.04929191371061753,0.03926247661823202,0.005322414465170011,0.008536839447113032,0.19271541000525982,-0.010412168784096558,0.9964627091517532,0.026364189100431663,0.00034896738584067115,0.000208365395478112
apple-macos-27.0-2x-light-standard-glass0.5,light,2,webgpu,photo__capsule-button__inactive,photo,capsule-button,inactive,False,calibration,0.48898045518745986,0.46708208112941824,0.7492173674787963,0.2822626412123863,0.4987280425290393,0.49973235986075093,0.04929191371061753,0.038806346566297785,0.003534925906784836,0.008536839447113032,0.19487801765543444,-0.013925724085825777,0.9966124821430495,0.05102946513726624,0.0003823680855087141,0.000208365395478112
apple-macos-27.0-2x-light-standard-glass0.5,light,2,css,photo__capsule-button__rest-tint-blue,photo,capsule-button,active,True,calibration,2.849852824526835,10.857561588931588,1.702434728539827,1.6768872752403623,0.18981857481335035,0.18749938897404728,0.022298601391153385,0.0018433759428092822,0.005101054661011684,0.06870403788493507,-0.022807854919987935,0.17007866866074672,0.98467973415952,0.008191068459246812,0.0010393408984677166,0.00038120011576868294
apple-macos-27.0-2x-light-standard-glass0.5,light,2,webgpu,photo__capsule-button__rest-tint-blue,photo,capsule-button,active,True,calibration,2.5523615857745017,1.6215074424023561,1.702434728539827,1.6846155892099426,0.18981857481335035,0.19277703736731833,0.022298601391153385,0.012067575332992594,0.039380558679445093,0.06870403788493507,-0.0175620584279621,0.1709767597275585,0.9893030863274079,0.007240305524772109,0.0004151206445108111,0.00038120011576868294
apple-macos-27.0-2x-light-standard-glass0.5,light,2,css,photo__capsule-button__rest-tint-orange-half,photo,capsule-button,active,True,calibration,1.923690077559045,3.105951071179053,0.9688156449631485,0.9280075874691599,0.4100140148084191,0.409595064464788,0.035086641719322874,0.012470202870016045,0.0024750909133813837,0.0782104462912031,0.14736878370071926,0.08058721705772429,0.9866144036419116,0.017922697932976888,-0.00027243533647925257,0.00024958933971919075
apple-macos-27.0-2x-light-standard-glass0.5,light,2,webgpu,photo__capsule-button__rest-tint-orange-half,photo,capsule-button,active,True,calibration,0.6231284219699759,1.641019866110336,0.9688156449631485,0.908140731882567,0.4100140148084191,0.4160419952408177,0.035086641719322874,0.020153676992628537,0.02969785731261415,0.0782104462912031,0.1511157713748542,0.08150996154886239,0.9967081205828076,0.027529610409734236,0.0003903467542629253,0.00024958933971919075
apple-macos-27.0-2x-light-standard-glass0.5,light,2,css,photo__capsule-button__rest-tint-orange,photo,capsule-button,active,True,calibration,8.320541481109647,12.538697170417178,1.4320082978866113,1.425250652282933,0.3383262903492719,0.3387928166960481,0.02533006463457918,0.0016161327408833284,0.0017557082806520241,0.07229676309189548,0.10853664123631335,0.14149234304854658,0.9887399282863586,0.0092273750506665,0.0002036754913868765,0.0001709968891231407
apple-macos-27.0-2x-light-standard-glass0.5,light,2,webgpu,photo__capsule-button__rest-tint-orange,photo,capsule-button,active,True,calibration,2.8879741729314907,1.7912184216692282,1.4320082978866113,1.4300718828047552,0.3383262903492719,0.3421932685496029,0.02533006463457918,0.012946143057886843,0.03154375607811427,0.07229676309189548,0.11089555570775034,0.14199629667356617,0.9959408404980153,0.006153496831415911,0.0004020657569422562,0.0001709968891231407
apple-macos-27.0-2x-light-standard-glass0.5,light,2,css,photo__capsule-button__rest,photo,capsule-button,active,False,calibration,1.0774411244537918,1.1831016364923015,0.7842602113826642,0.5003719162114948,0.5375127058781475,0.5318982676503606,0.05975691064195424,0.037783937203016614,0.0049173998221340165,0.07607439933185511,0.2118661617277443,-0.010845188168786078,0.9842803561568756,0.03347215078501868,-0.0010727790336062019,0.0002644292624253473
apple-macos-27.0-2x-light-standard-glass0.5,light,2,webgpu,photo__capsule-button__rest,photo,capsule-button,active,False,calibration,0.5441805676518219,0.5097951892372554,0.7842602113826642,0.2599279744775429,0.5375127058781475,0.538996663098681,0.05975691064195424,0.03699818234368014,0.027266398920753998,0.07607439933185511,0.2150841425721386,-0.013870529535922663,0.9971026829890512,0.05245754376766267,0.0003764109173600296,0.0002644292624253473
apple-macos-27.0-2x-light-standard-glass0.5,light,2,css,photo__rrect-md__inactive-tint-orange,photo,rrect-md,inactive,True,validation,0.6885585760730921,0.023977938775960096,0.5841393244383281,0.00039076491382855833,0.35205495425801553,0.381288659781716,0.0504108080870172,0.0012320955183101894,0,0.00933977395249147,0.122960964859548,-0.025481990446528064,0.986413006981864,0.1179472492558137,0.0012275382405848895,0.000657745778517937
apple-macos-27.0-2x-light-standard-glass0.5,light,2,webgpu,photo__rrect-md__inactive-tint-orange,photo,rrect-md,inactive,True,validation,0.08441340131946069,0.0037930467328133647,0.5841393244383281,0.001790479735495266,0.35205495425801553,0.3850432977391257,0.0504108080870172,0.03546277141934126,0.0033946744118729666,0.00933977395249147,0.12533274396908978,-0.025479965963761658,0.9891263726935592,0.1149170730580697,0.001314692319201006,0.000657745778517937
apple-macos-27.0-2x-light-standard-glass0.5,light,2,css,photo__rrect-md__inactive,photo,rrect-md,inactive,False,calibration,0.9768915767301813,0.9303546648309515,0.7979024136694781,0.5237384071587449,0.498228626451473,0.47985959510883913,0.06529273859359758,0.04600746610795633,0,0.011031587716622493,0.1819820267131722,-0.014158573418265272,0.9939021544297417,0.05386159687151039,0.0012257237346856042,0.00038999056042259385
apple-macos-27.0-2x-light-standard-glass0.5,light,2,webgpu,photo__rrect-md__inactive,photo,rrect-md,inactive,False,calibration,0.49845766865848756,0.4096563468331491,0.7979024136694781,0.2833604537119549,0.498228626451473,0.48719272500058003,0.06529273859359758,0.048358344703363636,0.00470156447580794,0.011031587716622493,0.18520104273972005,-0.02068134240265483,0.9955989706923916,0.09700029755396954,0.0013065692303812295,0.00038999056042259385
apple-macos-27.0-2x-light-standard-glass0.5,light,2,css,photo__rrect-md__rest-tint-orange,photo,rrect-md,active,True,validation,5.359179158276186,21.946640878536925,1.1594063087124622,1.1608652186262356,0.3356117621636169,0.3404416557253483,0.020353420906102104,0.0008658909348947115,0.001971822098239595,0.05478766038013827,0.10720854526172052,0.13728031313773162,0.9820024944314176,0.016611211529212962,0.0004775062505309594,0.0008529864235101139
apple-macos-27.0-2x-light-standard-glass0.5,light,2,webgpu,photo__rrect-md__rest-tint-orange,photo,rrect-md,active,True,validation,3.140541390411803,1.4606462360035415,1.1594063087124622,1.16208266377665,0.3356117621636169,0.3439977377345919,0.020353420906102104,0.013057346827960094,0.03293467263414085,0.05478766038013827,0.10956185729091938,0.13739654699862874,0.9942067708801476,0.012314603081630515,0.0013187216966476355,0.0008529864235101139
apple-macos-27.0-2x-light-standard-glass0.5,light,2,css,photo__rrect-md__rest,photo,rrect-md,active,False,calibration,1.0610013360109185,1.0688207814626076,0.7890386738454823,0.47581985182762415,0.5474056850303965,0.5493364253399787,0.07799071672822987,0.04656059347306397,0.00017568599935713358,0.048584021409839195,0.21796033802831727,-0.015369278001937103,0.9739426092663399,0.06359354097251428,-0.0019193104002405276,0.0011832246535390834
apple-macos-27.0-2x-light-standard-glass0.5,light,2,webgpu,photo__rrect-md__rest,photo,rrect-md,active,False,calibration,0.5566947814006358,0.48206967824575253,0.7890386738454823,0.2527130998670974,0.5474056850303965,0.5588792115339213,0.07799071672822987,0.04640075700573945,0.031801094412875486,0.048584021409839195,0.22205670259972143,-0.02068273521475838,0.9954287703086333,0.10265295612355,0.0013009686754292336,0.0011832246535390834
apple-macos-27.0-2x-light-standard-glass0.5,light,2,css,photo__rrect-ml__inactive,photo,rrect-ml,inactive,False,probe,1.1121200510790352,1.0712650278533309,0.8256492628250889,0.5381619777745634,0.5014631399601623,0.47454707998889456,0.07999437918068183,0.04879195562810804,1.62566806524711e-05,0.015107741484625903,0.17443540170338334,-0.0028917091298604203,0.9899992342612195,0.07278209974294463,0.0047084235241869376,0.0007152478910560956
apple-macos-27.0-2x-light-standard-glass0.5,light,2,webgpu,photo__rrect-ml__inactive,photo,rrect-ml,inactive,False,probe,0.5255652566720274,0.4233987690043173,0.8256492628250889,0.2993903297555752,0.5014631399601623,0.483577165177026,0.07999437918068183,0.05701936137232716,0.01635933849362592,0.015107741484625903,0.17940508204871874,-0.003934146628305448,0.9936435711110359,0.1304693453954424,0.005141417518991583,0.0007152478910560956
apple-macos-27.0-2x-light-standard-glass0.5,light,2,css,photo__rrect-ml__rest,photo,rrect-ml,active,False,calibration,1.1654406990862152,1.1847225791691167,0.8023908627277364,0.4823008307472159,0.5640904471708079,0.550200177262815,0.09187031209554637,0.04932474193812071,0.002652000724484016,0.054864481402493115,0.21387409060627183,-0.003040845739297064,0.9621432779117435,0.08561288421126619,-0.00084473906761199,0.004696035430293287
apple-macos-27.0-2x-light-standard-glass0.5,light,2,webgpu,photo__rrect-ml__rest,photo,rrect-ml,active,False,calibration,0.5755905850462205,0.48722275566353584,0.8023908627277364,0.26664556352696367,0.5640904471708079,0.5609649161096611,0.09187031209554637,0.05480790094860157,0.04570699816398616,0.054864481402493115,0.21923052546435629,-0.004036132934242558,0.9933477017331821,0.13549243764950508,0.005132954482711887,0.004696035430293287
apple-macos-27.0-2x-light-standard-glass0.5,light,2,css,photo__rrect-sm__inactive,photo,rrect-sm,inactive,False,validation,1.0444092067055766,1.1328702306781404,0.7088730688052898,0.47425904986213546,0.46713449500253074,0.4721100847816562,0.021929257654370597,0.018272368799468353,0.0045596994367467225,0.0011943300092206455,0.22174775383517076,-0.03582151137648356,0.9983159656619046,0.0024374070419313915,0.0001650163418363077,0.00012247506246203463
apple-macos-27.0-2x-light-standard-glass0.5,light,2,webgpu,photo__rrect-sm__inactive,photo,rrect-sm,inactive,False,validation,0.602542063447433,0.5937479885089265,0.7088730688052898,0.2702115665627707,0.46713449500253074,0.4731549383775394,0.021929257654370597,0.017517925876061755,0.0008404194454750269,0.0011943300092206455,0.22059857801171745,-0.05013303805123383,0.998481305471077,0.0028557030047416687,0.00017421928737391677,0.00012247506246203463
apple-macos-27.0-2x-light-standard-glass0.5,light,2,css,photo__rrect-sm__rest,photo,rrect-sm,active,False,validation,1.5737065969164727,1.7579900486475786,0.7180324470448842,0.43032056092779797,0.5110700281549726,0.5136756740623888,0.0395556052903782,0.015247389000033059,0.008542182682628185,0.07039401080088348,0.24370535132928162,-0.03858799672293572,0.990407162384663,0.00514648378710283,-0.000823179018423688,0.00014408657846235248
apple-macos-27.0-2x-light-standard-glass0.5,light,2,webgpu,photo__rrect-sm__rest,photo,rrect-sm,active,False,validation,0.6533225276488772,0.6567992447885344,0.7180324470448842,0.2385235943293173,0.5110700281549726,0.5186444110483234,0.0395556052903782,0.019807895065761444,0.0305039845713877,0.07039401080088348,0.24459544589937732,-0.052333838216413034,0.9986176558051019,0.0028525824497811587,0.00017320046470164078,0.00014408657846235248
apple-macos-27.0-2x-light-standard-glass0.5,light,2,css,photo__toolbar-group__inactive,photo,toolbar-group,inactive,False,validation,1.1323819236676234,1.10916772379152,0.8144895226674562,0.6333484765899408,0.5256901208287584,0.5002765578130424,0.08621610081825366,0.061922283094153846,0,0.0012842576384984872,0.16139484637150758,-0.00915191885190567,0.9959889564954144,0.02730217390747389,0.0003874563354800864,0.00027682035769019224
apple-macos-27.0-2x-light-standard-glass0.5,light,2,webgpu,photo__toolbar-group__inactive,photo,toolbar-group,inactive,False,validation,0.5154025024106754,0.4445949484288952,0.8144895226674562,0.33035103061322296,0.5256901208287584,0.5214260707052575,0.08621610081825366,0.06918975077811848,0.0009403920220569795,0.0012842576384984872,0.17345294681325596,-0.017153243185745445,0.996680877231507,0.04979218708780923,0.00044543081268829613,0.00027682035769019224
apple-macos-27.0-2x-light-standard-glass0.5,light,2,css,photo__toolbar-group__rest,photo,toolbar-group,active,False,validation,1.0697931402245064,1.0558992253774262,0.8315240503962308,0.580394146417686,0.5595791460540113,0.5408916507828785,0.09314224832504195,0.06355483845570566,0,0.0280550953609201,0.1825146205995546,-0.011083973620222537,0.9755069718257956,0.037417344358893836,-0.0020085361264038323,0.000348899063108483
apple-macos-27.0-2x-light-standard-glass0.5,light,2,webgpu,photo__toolbar-group__rest,photo,toolbar-group,active,False,validation,0.5094589546479789,0.439295334098551,0.8315240503962308,0.30294490894918563,0.5595791460540113,0.5622371042421148,0.09314224832504195,0.06795920397958381,0.025036536077823968,0.0280550953609201,0.19409639723599847,-0.019256860950093397,0.9970185117428573,0.05591068822734916,0.00042882099058585434,0.000348899063108483
