generation,profile,tier,scene,set,partition,stratum,pose,spanClass,readMetric,readNative,readWeb,readRatio,readSignedCodes,readFidelity,readLogError,native,candidate,ratio,code,bar,barFloorAssumed
dark 0.25,apple-macos-27.0-1x-dark-standard-glass0.25,css,checkerboard-32__capsule-button__rest,probe,gate,C,rest,thin,t1InteriorStdDev,0.132125,0.0283278,0.214402,-31.1526,miss,1.45361,0.132125,0.0283278,0.214402,0.00333189,0.00166594,False
dark 0.25,apple-macos-27.0-1x-dark-standard-glass0.25,css,checkerboard-32__capsule-button__rest-tint-orange,probe,gate,C,rest,thin,t1InteriorStdDev,0.0258008,0.00887163,0.343851,-3.06226,miss,0.777322,0.0258008,0.00887163,0.343851,0.00552833,0.00276417,False
dark 0.25,apple-macos-27.0-1x-dark-standard-glass0.25,css,checkerboard-32__rrect-lg__inactive,probe,gate,C,inactive,thick,t1InteriorStdDev,0.0381736,0.00975276,0.255484,-9.57518,miss,1.17377,0.0381736,0.00975276,0.255484,0.00296818,0.00148409,False
dark 0.25,apple-macos-27.0-1x-dark-standard-glass0.25,css,checkerboard-32__rrect-lg__rest,probe,gate,C,rest,thick,t1InteriorStdDev,0.0584075,0.0133857,0.229178,-14.952,miss,1.32063,0.0584075,0.0133857,0.229178,0.00301109,0.00150555,False
dark 0.25,apple-macos-27.0-1x-dark-standard-glass0.25,css,checkerboard-32__rrect-md__rest,probe,gate,C,rest,mid,t1InteriorStdDev,0.0773314,0.0189334,0.244835,-19.4452,miss,1.29804,0.0773314,0.0189334,0.244835,0.00300321,0.00150161,False
dark 0.25,apple-macos-27.0-1x-dark-standard-glass0.25,css,checkerboard-32__rrect-ml__rest,probe,gate,C,rest,thick,t1InteriorStdDev,0.0678895,0.017309,0.254958,-17.0721,miss,1.25137,0.0678895,0.017309,0.254958,0.00296276,0.00148138,False
dark 0.25,apple-macos-27.0-1x-dark-standard-glass0.25,css,checkerboard-32__rrect-sm__rest,probe,gate,C,rest,thin,t1InteriorStdDev,0.13242,0.0311097,0.234932,-30.3276,miss,1.37138,0.13242,0.0311097,0.234932,0.00334054,0.00167027,False
dark 0.25,apple-macos-27.0-1x-dark-standard-glass0.25,css,checkerboard-64__capsule-button__rest,probe,gate,C,rest,thin,t1InteriorStdDev,0.182364,0.0361658,0.198316,-36.5134,miss,1.53461,0.182364,0.0361658,0.198316,0.00400397,0.00200199,False
dark 0.25,apple-macos-27.0-1x-dark-standard-glass0.25,css,checkerboard-64__capsule-button__rest-tint-orange,probe,gate,C,rest,thin,t1InteriorStdDev,0.0339062,0.00923437,0.27235,-4.45926,miss,0.982353,0.0339062,0.00923437,0.27235,0.00553272,0.00276636,False
dark 0.25,apple-macos-27.0-1x-dark-standard-glass0.25,css,checkerboard-64__rrect-lg__inactive,probe,gate,C,inactive,thick,t1InteriorStdDev,0.0732896,0.0141997,0.193748,-19.7592,miss,1.49007,0.0732896,0.0141997,0.193748,0.0029905,0.00149525,False
dark 0.25,apple-macos-27.0-1x-dark-standard-glass0.25,css,checkerboard-64__rrect-lg__rest,probe,gate,C,rest,thick,t1InteriorStdDev,0.0856479,0.0201888,0.235718,-21.9017,miss,1.34136,0.0856479,0.0201888,0.235718,0.00298876,0.00149438,False
dark 0.25,apple-macos-27.0-1x-dark-standard-glass0.25,css,checkerboard-64__rrect-md__inactive,probe,gate,C,inactive,mid,t1InteriorStdDev,0.0783256,0.0178463,0.227847,-20.6579,miss,1.36387,0.0783256,0.0178463,0.227847,0.00292765,0.00146383,False
dark 0.25,apple-macos-27.0-1x-dark-standard-glass0.25,css,checkerboard-64__rrect-md__rest,probe,gate,C,rest,mid,t1InteriorStdDev,0.100996,0.0243329,0.24093,-27.1187,miss,1.34094,0.100996,0.0243329,0.24093,0.00282693,0.00141347,False
dark 0.25,apple-macos-27.0-1x-dark-standard-glass0.25,css,checkerboard-64__rrect-ml__rest,probe,gate,C,rest,thick,t1InteriorStdDev,0.0855205,0.0210415,0.24604,-22.3895,miss,1.30711,0.0855205,0.0210415,0.24604,0.00287987,0.00143994,False
dark 0.25,apple-macos-27.0-1x-dark-standard-glass0.25,css,checkerboard-64__rrect-sm__rest,probe,gate,C,rest,thin,t1InteriorStdDev,0.0638557,0.0134995,0.211406,-9.41256,miss,1.3006,0.0638557,0.0134995,0.211406,0.00534989,0.00267495,False
dark 0.25,apple-macos-27.0-1x-dark-standard-glass0.25,css,checkerboard-lc16__capsule-button__inactive,probe,gate,C,inactive,thin,t1InteriorStdDev,0.0259826,0.0165674,0.637635,-2.07738,miss,0.368956,0.0259826,0.0165674,0.637635,0.00453223,0.00226612,False
dark 0.25,apple-macos-27.0-1x-dark-standard-glass0.25,css,checkerboard-lc16__capsule-button__rest,probe,gate,C,rest,thin,t1InteriorStdDev,0.0547055,0.0138661,0.253468,-8.77349,miss,1.16472,0.0547055,0.0138661,0.253468,0.00465486,0.00232743,False
dark 0.25,apple-macos-27.0-1x-dark-standard-glass0.25,css,checkerboard-lc16__rrect-lg__rest,probe,gate,C,rest,thick,t1InteriorStdDev,0.0164834,0.00706912,0.428862,-2.42966,miss,0.620703,0.0164834,0.00706912,0.428862,0.00387475,0.00193737,False
dark 0.25,apple-macos-27.0-1x-dark-standard-glass0.25,css,checkerboard-lc16__rrect-md__inactive,probe,gate,C,inactive,mid,t1InteriorStdDev,0.00576688,0.00705501,1.22337,0.333776,within,0.125589,0.00576688,0.00705501,1.22337,0.00385928,0.00192964,False
dark 0.25,apple-macos-27.0-1x-dark-standard-glass0.25,css,checkerboard-lc16__rrect-md__rest,probe,gate,C,rest,mid,t1InteriorStdDev,0.0216537,0.00896173,0.413866,-3.12584,miss,0.680392,0.0216537,0.00896173,0.413866,0.00406033,0.00203017,False
dark 0.25,apple-macos-27.0-1x-dark-standard-glass0.25,css,checkerboard-lc16__rrect-ml__rest,probe,gate,C,rest,thick,t1InteriorStdDev,0.0181519,0.00733422,0.404048,-2.77998,miss,0.674814,0.0181519,0.00733422,0.404048,0.00389127,0.00194564,False
dark 0.25,apple-macos-27.0-1x-dark-standard-glass0.25,css,checkerboard-lc16__rrect-sm__rest,probe,gate,C,rest,thin,t1InteriorStdDev,0.0577498,0.0171711,0.297337,-8.73043,miss,1.05074,0.0577498,0.0171711,0.297337,0.00464796,0.00232398,False
dark 0.25,apple-macos-27.0-1x-dark-standard-glass0.25,css,checkerboard__capsule-button__inactive,calibration,gate,C,inactive,thin,t1InteriorStdDev,0.0595308,0.0287352,0.482694,-9.33688,miss,0.673638,0.0595308,0.0287352,0.482694,0.00329828,0.00164914,False
dark 0.25,apple-macos-27.0-1x-dark-standard-glass0.25,css,checkerboard__capsule-button__inactive-tint-orange,calibration,gate,C,inactive,thin,t1InteriorStdDev,0.0777193,0.00880735,0.113323,-16.4089,miss,1.84024,0.0777193,0.00880735,0.113323,0.00419968,0.00209984,False
dark 0.25,apple-macos-27.0-1x-dark-standard-glass0.25,css,checkerboard__capsule-button__rest,calibration,gate,C,rest,thin,t1InteriorStdDev,0.110687,0.0193041,0.174402,-27.8866,miss,1.61877,0.110687,0.0193041,0.174402,0.00327696,0.00163848,False
dark 0.25,apple-macos-27.0-1x-dark-standard-glass0.25,css,checkerboard__capsule-button__rest-tint-orange,calibration,gate,C,rest,thin,t1InteriorStdDev,0.0254792,0.00657557,0.258076,-3.4178,miss,0.940572,0.0254792,0.00657557,0.258076,0.00553094,0.00276547,False
dark 0.25,apple-macos-27.0-1x-dark-standard-glass0.25,css,checkerboard__glass-over-glass__inactive,holdout,holdout,C,inactive,thick,t1InteriorStdDev,0.0136361,0.00850796,0.62393,-1.64053,miss,0.365194,0.0136361,0.00850796,0.62393,0.00312589,0.00156295,False
dark 0.25,apple-macos-27.0-1x-dark-standard-glass0.25,css,checkerboard__glass-over-glass__rest,holdout,holdout,C,rest,thick,t1InteriorStdDev,0.0444872,0.0124178,0.279132,-10.0759,miss,1.11699,0.0444872,0.0124178,0.279132,0.00318278,0.00159139,False
dark 0.25,apple-macos-27.0-1x-dark-standard-glass0.25,css,checkerboard__rrect-md__inactive,calibration,gate,C,inactive,mid,t1InteriorStdDev,0.0149849,0.0107473,0.71721,-1.33926,miss,0.265905,0.0149849,0.0107473,0.71721,0.00316412,0.00158206,False
dark 0.25,apple-macos-27.0-1x-dark-standard-glass0.25,css,checkerboard__rrect-md__rest,calibration,gate,C,rest,mid,t1InteriorStdDev,0.0615936,0.0138878,0.225474,-15.4628,miss,1.33781,0.0615936,0.0138878,0.225474,0.0030852,0.0015426,False
dark 0.25,apple-macos-27.0-1x-dark-standard-glass0.25,css,checkerboard__rrect-ml__inactive,probe,gate,C,inactive,thick,t1InteriorStdDev,0.00974043,0.00917654,0.942108,-0.181775,within,0.0449012,0.00974043,0.00917654,0.942108,0.00310215,0.00155107,False
dark 0.25,apple-macos-27.0-1x-dark-standard-glass0.25,css,hc-text-28__rrect-lg__rest,probe,gate,C,rest,thick,t1InteriorStdDev,0.0460043,0.0206667,0.449235,-7.10963,miss,0.715734,0.0460043,0.0206667,0.449235,0.00356383,0.00178192,False
dark 0.25,apple-macos-27.0-1x-dark-standard-glass0.25,css,hc-text-28__rrect-md__inactive,probe,gate,C,inactive,mid,t1InteriorStdDev,0.0354763,0.0172052,0.484976,-5.21834,miss,0.63254,0.0354763,0.0172052,0.484976,0.00350134,0.00175067,False
dark 0.25,apple-macos-27.0-1x-dark-standard-glass0.25,css,hc-text-28__rrect-md__rest,probe,gate,C,rest,mid,t1InteriorStdDev,0.084956,0.0203196,0.239177,-19.4462,miss,1.31743,0.084956,0.0203196,0.239177,0.00332387,0.00166193,False
dark 0.25,apple-macos-27.0-1x-dark-standard-glass0.25,css,hc-text-28__rrect-sm__rest,probe,gate,C,rest,thin,t1InteriorStdDev,0.120395,0.0290896,0.241618,-25.6917,miss,1.33422,0.120395,0.0290896,0.241618,0.00355389,0.00177694,False
dark 0.25,apple-macos-27.0-1x-dark-standard-glass0.25,css,hc-text__rrect-lg__inactive,probe,gate,C,inactive,thick,t1InteriorStdDev,0.0163969,0.0217215,1.32473,1.5132,miss,0.236935,0.0163969,0.0217215,1.32473,0.00351879,0.00175939,False
dark 0.25,apple-macos-27.0-1x-dark-standard-glass0.25,css,hc-text__rrect-lg__rest,probe,gate,C,rest,thick,t1InteriorStdDev,0.0248503,0.0190565,0.766852,-1.55704,miss,0.226629,0.0248503,0.0190565,0.766852,0.00372103,0.00186051,False
dark 0.25,apple-macos-27.0-1x-dark-standard-glass0.25,css,hc-text__rrect-sm__inactive,probe,gate,C,inactive,thin,t1InteriorStdDev,0.0309173,0.0231846,0.749889,-2.05817,miss,0.252328,0.0309173,0.0231846,0.749889,0.0037571,0.00187855,False
dark 0.25,apple-macos-27.0-1x-dark-standard-glass0.25,css,hc-text__rrect-sm__rest,probe,gate,C,rest,thin,t1InteriorStdDev,0.0964606,0.0171928,0.178237,-19.2983,miss,1.55211,0.0964606,0.0171928,0.178237,0.00410749,0.00205374,False
dark 0.25,apple-macos-27.0-1x-dark-standard-glass0.25,css,impulse__capsule-button__inactive,validation,gate,C,inactive,thin,t1InteriorStdDev,0.000811076,3.29272e-10,4.0597e-07,-1.1013,miss,0.742554,0.000811076,3.29272e-10,4.0597e-07,0.000736474,0.000368237,False
dark 0.25,apple-macos-27.0-1x-dark-standard-glass0.25,css,impulse__capsule-button__rest,validation,gate,C,rest,thin,t1InteriorStdDev,0.0197656,0.00510674,0.258366,-10.8929,miss,1.18535,0.0197656,0.00510674,0.258366,0.00134573,0.000672864,False
dark 0.25,apple-macos-27.0-1x-dark-standard-glass0.25,css,impulse__rrect-lg__inactive,probe,gate,C,inactive,thick,t1InteriorStdDev,0.000555694,0.00741615,13.3458,11.9033,miss,1.95448,0.000555694,0.00741615,13.3458,0.000576351,0.000288176,False
dark 0.25,apple-macos-27.0-1x-dark-standard-glass0.25,css,impulse__rrect-lg__rest,probe,gate,C,rest,thick,t1InteriorStdDev,0.0188827,0.00455194,0.241064,-11.6218,miss,1.24623,0.0188827,0.00455194,0.241064,0.00123309,0.000616543,False
dark 0.25,apple-macos-27.0-1x-dark-standard-glass0.25,css,impulse__rrect-ml__inactive,probe,gate,C,inactive,thick,t1InteriorStdDev,0.000555433,0.000226814,0.408355,-0.591262,within,0.350589,0.000555433,0.000226814,0.408355,0.000555792,0.000277896,False
dark 0.25,apple-macos-27.0-1x-dark-standard-glass0.25,css,impulse__rrect-ml__rest,probe,gate,C,rest,thick,t1InteriorStdDev,0.0186828,0.00521389,0.279074,-10.5167,miss,1.12293,0.0186828,0.00521389,0.279074,0.00128071,0.000640356,False
dark 0.25,apple-macos-27.0-1x-dark-standard-glass0.25,css,impulse__rrect-sm__rest,probe,gate,C,rest,thin,t1InteriorStdDev,0.0224284,0.00529965,0.236291,-12.1036,miss,1.2672,0.0224284,0.00529965,0.236291,0.00141518,0.00070759,False
dark 0.25,apple-macos-27.0-1x-dark-standard-glass0.25,css,checkerboard-4__capsule-button__rest,probe,gate,F,rest,thin,t1InteriorStdDev,0.0880653,0.00952062,0.108109,-22.6045,miss,1.95218,0.0880653,0.00952062,0.108109,0.00347474,0.00173737,False
dark 0.25,apple-macos-27.0-1x-dark-standard-glass0.25,css,checkerboard-4__capsule-button__rest-tint-orange,probe,gate,F,rest,thin,t1InteriorStdDev,0.0248066,0.00571361,0.230326,-3.44622,miss,0.991981,0.0248066,0.00571361,0.230326,0.00554028,0.00277014,False
dark 0.25,apple-macos-27.0-1x-dark-standard-glass0.25,css,checkerboard-4__rrect-lg__rest,probe,gate,F,rest,thick,t1InteriorStdDev,0.0157673,0.00483634,0.306733,-3.31926,miss,0.852114,0.0157673,0.00483634,0.306733,0.00329318,0.00164659,False
dark 0.25,apple-macos-27.0-1x-dark-standard-glass0.25,css,checkerboard-4__rrect-md__inactive,probe,gate,F,inactive,mid,t1InteriorStdDev,0.00893287,0.0062143,0.695667,-0.842111,within,0.253017,0.00893287,0.0062143,0.695667,0.00322828,0.00161414,False
dark 0.25,apple-macos-27.0-1x-dark-standard-glass0.25,css,checkerboard-4__rrect-md__rest,probe,gate,F,rest,mid,t1InteriorStdDev,0.0393511,0.00554143,0.14082,-10.2824,miss,1.57467,0.0393511,0.00554143,0.14082,0.00328811,0.00164406,False
dark 0.25,apple-macos-27.0-1x-dark-standard-glass0.25,css,checkerboard-4__rrect-ml__rest,probe,gate,F,rest,thick,t1InteriorStdDev,0.023256,0.00514731,0.221333,-5.54417,miss,1.14814,0.023256,0.00514731,0.221333,0.00326626,0.00163313,False
dark 0.25,apple-macos-27.0-1x-dark-standard-glass0.25,css,checkerboard-4__rrect-sm__rest,probe,gate,F,rest,thin,t1InteriorStdDev,0.0875393,0.0108682,0.124152,-21.9373,miss,1.84657,0.0875393,0.0108682,0.124152,0.00349502,0.00174751,False
dark 0.25,apple-macos-27.0-1x-dark-standard-glass0.25,css,checkerboard-8__capsule-button__rest,probe,gate,F,rest,thin,t1InteriorStdDev,0.102247,0.0113533,0.111038,-27.0176,miss,1.97073,0.102247,0.0113533,0.111038,0.00336425,0.00168213,False
dark 0.25,apple-macos-27.0-1x-dark-standard-glass0.25,css,checkerboard-8__capsule-button__rest-tint-orange,probe,gate,F,rest,thin,t1InteriorStdDev,0.0253461,0.00270507,0.106726,-4.09073,miss,1.32116,0.0253461,0.00270507,0.106726,0.00553471,0.00276736,False
dark 0.25,apple-macos-27.0-1x-dark-standard-glass0.25,css,checkerboard-8__rrect-lg__inactive,probe,gate,F,inactive,thick,t1InteriorStdDev,0.00707772,0.00668282,0.944206,-0.126063,within,0.0394443,0.00707772,0.00668282,0.944206,0.00313255,0.00156627,False
dark 0.25,apple-macos-27.0-1x-dark-standard-glass0.25,css,checkerboard-8__rrect-lg__rest,probe,gate,F,rest,thick,t1InteriorStdDev,0.0151587,0.00547153,0.36095,-2.93701,miss,0.744125,0.0151587,0.00547153,0.36095,0.0032983,0.00164915,False
dark 0.25,apple-macos-27.0-1x-dark-standard-glass0.25,css,checkerboard-8__rrect-md__inactive,probe,gate,F,inactive,mid,t1InteriorStdDev,0.00901494,0.00660661,0.732851,-0.748646,within,0.219264,0.00901494,0.00660661,0.732851,0.00321691,0.00160846,False
dark 0.25,apple-macos-27.0-1x-dark-standard-glass0.25,css,checkerboard-8__rrect-md__rest,probe,gate,F,rest,mid,t1InteriorStdDev,0.0413634,0.00700315,0.169308,-10.5853,miss,1.47075,0.0413634,0.00700315,0.169308,0.00324604,0.00162302,False
dark 0.25,apple-macos-27.0-1x-dark-standard-glass0.25,css,checkerboard-8__rrect-ml__rest,probe,gate,F,rest,thick,t1InteriorStdDev,0.0185292,0.00588989,0.317871,-3.8238,miss,0.864802,0.0185292,0.00588989,0.317871,0.00330543,0.00165271,False
dark 0.25,apple-macos-27.0-1x-dark-standard-glass0.25,css,checkerboard-8__rrect-sm__rest,probe,gate,F,rest,thin,t1InteriorStdDev,0.105345,0.0116811,0.110884,-28.008,miss,1.97876,0.105345,0.0116811,0.110884,0.0033442,0.0016721,False
dark 0.25,apple-macos-27.0-1x-dark-standard-glass0.25,css,photo__capsule-button__inactive,calibration,gate,P,inactive,thin,t1InteriorStdDev,0.0454292,0.010991,0.241936,-9.77705,miss,1.21577,0.0454292,0.010991,0.241936,0.00352236,0.00176118,False
dark 0.25,apple-macos-27.0-1x-dark-standard-glass0.25,css,photo__capsule-button__inactive-pressed,recorded,gate,P,inactive,thin,t1InteriorStdDev,0.0454292,0.0759369,1.67154,8.66114,miss,0.484412,0.0454292,0.0759369,1.67154,0.00352236,0.00176118,False
dark 0.25,apple-macos-27.0-1x-dark-standard-glass0.25,css,photo__capsule-button__inactive-tint-orange,calibration,gate,P,inactive,thin,t1InteriorStdDev,0.0473932,0.00337773,0.0712703,-10.1826,miss,1.9045,0.0473932,0.00337773,0.0712703,0.00432261,0.00216131,False
dark 0.25,apple-macos-27.0-1x-dark-standard-glass0.25,css,photo__capsule-button__pressed,recorded,gate,P,rest,thin,t1InteriorStdDev,0.0488243,0.0740541,1.51674,6.74613,miss,0.392028,0.0488243,0.0740541,1.51674,0.00373988,0.00186994,False
dark 0.25,apple-macos-27.0-1x-dark-standard-glass0.25,css,photo__capsule-button__rest,calibration,gate,P,rest,thin,t1InteriorStdDev,0.0488243,0.00956142,0.195833,-10.4984,miss,1.37417,0.0488243,0.00956142,0.195833,0.00373988,0.00186994,False
dark 0.25,apple-macos-27.0-1x-dark-standard-glass0.25,css,photo__capsule-button__rest-tint-orange,calibration,gate,P,rest,thin,t1InteriorStdDev,0.0201329,0.00674682,0.335114,-2.41312,miss,0.736603,0.0201329,0.00674682,0.335114,0.00554721,0.00277361,False
dark 0.25,apple-macos-27.0-1x-dark-standard-glass0.25,css,photo__glass-over-glass__inactive,holdout,holdout,P,inactive,thick,t1InteriorStdDev,0.0435424,0.0098864,0.227052,-10.3361,miss,1.27,0.0435424,0.0098864,0.227052,0.00325615,0.00162807,False
dark 0.25,apple-macos-27.0-1x-dark-standard-glass0.25,css,photo__rrect-lg__inactive,holdout,holdout,P,inactive,thick,t1InteriorStdDev,0.046386,0.00891984,0.192296,-11.3896,miss,1.40331,0.046386,0.00891984,0.192296,0.00328952,0.00164476,False
dark 0.25,apple-macos-27.0-1x-dark-standard-glass0.25,css,photo__rrect-lg__rest,holdout,holdout,P,rest,thick,t1InteriorStdDev,0.0486768,0.00927603,0.190564,-11.5958,miss,1.41314,0.0486768,0.00927603,0.190564,0.00339784,0.00169892,False
dark 0.25,apple-macos-27.0-1x-dark-standard-glass0.25,css,photo__rrect-md__inactive,calibration,gate,P,inactive,mid,t1InteriorStdDev,0.0391758,0.00784335,0.200209,-9.6126,miss,1.34078,0.0391758,0.00784335,0.200209,0.00325952,0.00162976,False
dark 0.25,apple-macos-27.0-1x-dark-standard-glass0.25,css,photo__rrect-md__rest,calibration,gate,P,rest,mid,t1InteriorStdDev,0.044232,0.00908415,0.205375,-10.1803,miss,1.33595,0.044232,0.00908415,0.205375,0.00345254,0.00172627,False
dark 0.25,apple-macos-27.0-1x-dark-standard-glass0.25,css,photo__rrect-ml__inactive,probe,gate,P,inactive,thick,t1InteriorStdDev,0.0455385,0.00970005,0.213008,-11.0658,miss,1.32704,0.0455385,0.00970005,0.213008,0.00323867,0.00161933,False
dark 0.25,apple-macos-27.0-1x-dark-standard-glass0.25,css,hc-text-7__rrect-lg__rest,probe,gate,T,rest,thick,t1FineStdDev,0.00951109,0.00756078,0.794944,-0.519782,within,0.15905,0.0234849,0.0184373,0.785073,0.00375217,0.00187608,False
dark 0.25,apple-macos-27.0-1x-dark-standard-glass0.25,css,hc-text-7__rrect-md__inactive,probe,gate,T,inactive,mid,t1FineStdDev,0.00988249,0.0176506,1.78604,2.15073,miss,0.454671,0.0193031,0.0108679,0.563016,0.00361184,0.00180592,False
dark 0.25,apple-macos-27.0-1x-dark-standard-glass0.25,css,hc-text-7__rrect-md__rest,probe,gate,T,rest,mid,t1FineStdDev,0.0305668,0.0134903,0.441338,-4.62033,miss,0.68995,0.040255,0.0105274,0.261517,0.00369596,0.00184798,False
dark 0.25,apple-macos-27.0-1x-dark-standard-glass0.25,css,hc-text-7__rrect-sm__rest,probe,gate,T,rest,thin,t1FineStdDev,0.0793213,0.0108277,0.136504,-17.0158,miss,1.72481,0.0958012,0.0172741,0.180312,0.0040253,0.00201265,False
dark 0.25,apple-macos-27.0-1x-dark-standard-glass0.25,webgpu,checkerboard-32__capsule-button__rest,probe,gate,C,rest,thin,t1InteriorStdDev,0.132125,0.0466742,0.353258,-25.6463,miss,0.996507,0.132125,0.0466742,0.353258,0.00333189,0.00166594,False
dark 0.25,apple-macos-27.0-1x-dark-standard-glass0.25,webgpu,checkerboard-32__capsule-button__rest-tint-orange,probe,gate,C,rest,thin,t1InteriorStdDev,0.0258008,0.0217217,0.841902,-0.737848,within,0.139492,0.0258008,0.0217217,0.841902,0.00552833,0.00276417,False
dark 0.25,apple-macos-27.0-1x-dark-standard-glass0.25,webgpu,checkerboard-32__rrect-lg__inactive,probe,gate,C,inactive,thick,t1InteriorStdDev,0.0381736,0.0236922,0.620644,-4.87888,miss,0.433845,0.0381736,0.0236922,0.620644,0.00296818,0.00148409,False
dark 0.25,apple-macos-27.0-1x-dark-standard-glass0.25,webgpu,checkerboard-32__rrect-lg__rest,probe,gate,C,rest,thick,t1InteriorStdDev,0.0584075,0.0292369,0.500567,-9.68772,miss,0.644258,0.0584075,0.0292369,0.500567,0.00301109,0.00150555,False
dark 0.25,apple-macos-27.0-1x-dark-standard-glass0.25,webgpu,checkerboard-32__rrect-md__rest,probe,gate,C,rest,mid,t1InteriorStdDev,0.0773314,0.0357573,0.462391,-13.8432,miss,0.728798,0.0773314,0.0357573,0.462391,0.00300321,0.00150161,False
dark 0.25,apple-macos-27.0-1x-dark-standard-glass0.25,webgpu,checkerboard-32__rrect-ml__rest,probe,gate,C,rest,thick,t1InteriorStdDev,0.0678895,0.0338426,0.498496,-11.4916,miss,0.654952,0.0678895,0.0338426,0.498496,0.00296276,0.00148138,False
dark 0.25,apple-macos-27.0-1x-dark-standard-glass0.25,webgpu,checkerboard-32__rrect-sm__rest,probe,gate,C,rest,thin,t1InteriorStdDev,0.13242,0.0557433,0.420958,-22.9534,miss,0.831937,0.13242,0.0557433,0.420958,0.00334054,0.00167027,False
dark 0.25,apple-macos-27.0-1x-dark-standard-glass0.25,webgpu,checkerboard-64__capsule-button__rest,probe,gate,C,rest,thin,t1InteriorStdDev,0.182364,0.0463697,0.25427,-33.9649,miss,1.30826,0.182364,0.0463697,0.25427,0.00400397,0.00200199,False
dark 0.25,apple-macos-27.0-1x-dark-standard-glass0.25,webgpu,checkerboard-64__capsule-button__rest-tint-orange,probe,gate,C,rest,thin,t1InteriorStdDev,0.0339062,0.025263,0.745083,-1.56221,miss,0.24738,0.0339062,0.025263,0.745083,0.00553272,0.00276636,False
dark 0.25,apple-macos-27.0-1x-dark-standard-glass0.25,webgpu,checkerboard-64__rrect-lg__inactive,probe,gate,C,inactive,thick,t1InteriorStdDev,0.0732896,0.0286819,0.391351,-14.9164,miss,0.878966,0.0732896,0.0286819,0.391351,0.0029905,0.00149525,False
dark 0.25,apple-macos-27.0-1x-dark-standard-glass0.25,webgpu,checkerboard-64__rrect-lg__rest,probe,gate,C,rest,thick,t1InteriorStdDev,0.0856479,0.0337913,0.394538,-17.3505,miss,0.879589,0.0856479,0.0337913,0.394538,0.00298876,0.00149438,False
dark 0.25,apple-macos-27.0-1x-dark-standard-glass0.25,webgpu,checkerboard-64__rrect-md__inactive,probe,gate,C,inactive,mid,t1InteriorStdDev,0.0783256,0.0337393,0.430757,-15.2293,miss,0.795694,0.0783256,0.0337393,0.430757,0.00292765,0.00146383,False
dark 0.25,apple-macos-27.0-1x-dark-standard-glass0.25,webgpu,checkerboard-64__rrect-md__rest,probe,gate,C,rest,mid,t1InteriorStdDev,0.100996,0.041036,0.406314,-21.2102,miss,0.861615,0.100996,0.041036,0.406314,0.00282693,0.00141347,False
dark 0.25,apple-macos-27.0-1x-dark-standard-glass0.25,webgpu,checkerboard-64__rrect-ml__rest,probe,gate,C,rest,thick,t1InteriorStdDev,0.0855205,0.0343609,0.401786,-17.7645,miss,0.864471,0.0855205,0.0343609,0.401786,0.00287987,0.00143994,False
dark 0.25,apple-macos-27.0-1x-dark-standard-glass0.25,webgpu,checkerboard-64__rrect-sm__rest,probe,gate,C,rest,thin,t1InteriorStdDev,0.0638557,0.0446989,0.699998,-3.58078,miss,0.324084,0.0638557,0.0446989,0.699998,0.00534989,0.00267495,False
dark 0.25,apple-macos-27.0-1x-dark-standard-glass0.25,webgpu,checkerboard-lc16__capsule-button__inactive,probe,gate,C,inactive,thin,t1InteriorStdDev,0.0259826,0.0261378,1.00597,0.0342511,within,0.00507427,0.0259826,0.0261378,1.00597,0.00453223,0.00226612,False
dark 0.25,apple-macos-27.0-1x-dark-standard-glass0.25,webgpu,checkerboard-lc16__capsule-button__rest,probe,gate,C,rest,thin,t1InteriorStdDev,0.0547055,0.0342309,0.62573,-4.39854,miss,0.422999,0.0547055,0.0342309,0.62573,0.00465486,0.00232743,False
dark 0.25,apple-macos-27.0-1x-dark-standard-glass0.25,webgpu,checkerboard-lc16__rrect-lg__rest,probe,gate,C,rest,thick,t1InteriorStdDev,0.0164834,0.0191277,1.16042,0.682431,within,0.122117,0.0164834,0.0191277,1.16042,0.00387475,0.00193737,False
dark 0.25,apple-macos-27.0-1x-dark-standard-glass0.25,webgpu,checkerboard-lc16__rrect-md__inactive,probe,gate,C,inactive,mid,t1InteriorStdDev,0.00576688,0.0142438,2.46994,2.19651,miss,0.631599,0.00576688,0.0142438,2.46994,0.00385928,0.00192964,False
dark 0.25,apple-macos-27.0-1x-dark-standard-glass0.25,webgpu,checkerboard-lc16__rrect-md__rest,probe,gate,C,rest,mid,t1InteriorStdDev,0.0216537,0.0239527,1.10617,0.566205,within,0.0856323,0.0216537,0.0239527,1.10617,0.00406033,0.00203017,False
dark 0.25,apple-macos-27.0-1x-dark-standard-glass0.25,webgpu,checkerboard-lc16__rrect-ml__rest,probe,gate,C,rest,thick,t1InteriorStdDev,0.0181519,0.0204161,1.12474,0.58187,within,0.0977775,0.0181519,0.0204161,1.12474,0.00389127,0.00194564,False
dark 0.25,apple-macos-27.0-1x-dark-standard-glass0.25,webgpu,checkerboard-lc16__rrect-sm__rest,probe,gate,C,rest,thin,t1InteriorStdDev,0.0577498,0.0407516,0.705658,-3.65713,miss,0.318026,0.0577498,0.0407516,0.705658,0.00464796,0.00232398,False
dark 0.25,apple-macos-27.0-1x-dark-standard-glass0.25,webgpu,checkerboard__capsule-button__inactive,calibration,gate,C,inactive,thin,t1InteriorStdDev,0.0595308,0.0450876,0.757382,-4.37901,miss,0.26121,0.0595308,0.0450876,0.757382,0.00329828,0.00164914,False
dark 0.25,apple-macos-27.0-1x-dark-standard-glass0.25,webgpu,checkerboard__capsule-button__inactive-tint-orange,calibration,gate,C,inactive,thin,t1InteriorStdDev,0.0777193,0.0630726,0.811544,-3.48757,miss,0.196982,0.0777193,0.0630726,0.811544,0.00419968,0.00209984,False
dark 0.25,apple-macos-27.0-1x-dark-standard-glass0.25,webgpu,checkerboard__capsule-button__rest,calibration,gate,C,rest,thin,t1InteriorStdDev,0.110687,0.0479141,0.432878,-19.1559,miss,0.80032,0.110687,0.0479141,0.432878,0.00327696,0.00163848,False
dark 0.25,apple-macos-27.0-1x-dark-standard-glass0.25,webgpu,checkerboard__capsule-button__rest-tint-orange,calibration,gate,C,rest,thin,t1InteriorStdDev,0.0254792,0.0228355,0.896242,-0.477978,within,0.0891064,0.0254792,0.0228355,0.896242,0.00553094,0.00276547,False
dark 0.25,apple-macos-27.0-1x-dark-standard-glass0.25,webgpu,checkerboard__glass-over-glass__inactive,holdout,holdout,C,inactive,thick,t1InteriorStdDev,0.0136361,0.0237708,1.74323,3.2422,miss,0.472892,0.0136361,0.0237708,1.74323,0.00312589,0.00156295,False
dark 0.25,apple-macos-27.0-1x-dark-standard-glass0.25,webgpu,checkerboard__glass-over-glass__rest,holdout,holdout,C,rest,thick,t1InteriorStdDev,0.0444872,0.0323863,0.727993,-3.80195,miss,0.292823,0.0444872,0.0323863,0.727993,0.00318278,0.00159139,False
dark 0.25,apple-macos-27.0-1x-dark-standard-glass0.25,webgpu,checkerboard__rrect-md__inactive,calibration,gate,C,inactive,mid,t1InteriorStdDev,0.0149849,0.0279212,1.8633,4.08847,miss,0.538123,0.0149849,0.0279212,1.8633,0.00316412,0.00158206,False
dark 0.25,apple-macos-27.0-1x-dark-standard-glass0.25,webgpu,checkerboard__rrect-md__rest,calibration,gate,C,rest,mid,t1InteriorStdDev,0.0615936,0.037566,0.609901,-7.788,miss,0.464404,0.0615936,0.037566,0.609901,0.0030852,0.0015426,False
dark 0.25,apple-macos-27.0-1x-dark-standard-glass0.25,webgpu,checkerboard__rrect-ml__inactive,probe,gate,C,inactive,thick,t1InteriorStdDev,0.00974043,0.025873,2.65625,5.20046,miss,0.813673,0.00974043,0.025873,2.65625,0.00310215,0.00155107,False
dark 0.25,apple-macos-27.0-1x-dark-standard-glass0.25,webgpu,hc-text-28__rrect-lg__rest,probe,gate,C,rest,thick,t1InteriorStdDev,0.0460043,0.031122,0.676502,-4.17592,miss,0.357017,0.0460043,0.031122,0.676502,0.00356383,0.00178192,False
dark 0.25,apple-macos-27.0-1x-dark-standard-glass0.25,webgpu,hc-text-28__rrect-md__inactive,probe,gate,C,inactive,mid,t1InteriorStdDev,0.0354763,0.025511,0.719098,-2.84616,miss,0.295269,0.0354763,0.025511,0.719098,0.00350134,0.00175067,False
dark 0.25,apple-macos-27.0-1x-dark-standard-glass0.25,webgpu,hc-text-28__rrect-md__rest,probe,gate,C,rest,mid,t1InteriorStdDev,0.084956,0.0355173,0.418067,-14.8738,miss,0.821031,0.084956,0.0355173,0.418067,0.00332387,0.00166193,False
dark 0.25,apple-macos-27.0-1x-dark-standard-glass0.25,webgpu,hc-text-28__rrect-sm__rest,probe,gate,C,rest,thin,t1InteriorStdDev,0.120395,0.0503403,0.418127,-19.7121,miss,0.832846,0.120395,0.0503403,0.418127,0.00355389,0.00177694,False
dark 0.25,apple-macos-27.0-1x-dark-standard-glass0.25,webgpu,hc-text__rrect-lg__inactive,probe,gate,C,inactive,thick,t1InteriorStdDev,0.0163969,0.0274265,1.67267,3.1345,miss,0.440715,0.0163969,0.0274265,1.67267,0.00351879,0.00175939,False
dark 0.25,apple-macos-27.0-1x-dark-standard-glass0.25,webgpu,hc-text__rrect-lg__rest,probe,gate,C,rest,thick,t1InteriorStdDev,0.0248503,0.0303998,1.22332,1.49138,miss,0.177504,0.0248503,0.0303998,1.22332,0.00372103,0.00186051,False
dark 0.25,apple-macos-27.0-1x-dark-standard-glass0.25,webgpu,hc-text__rrect-sm__inactive,probe,gate,C,inactive,thin,t1InteriorStdDev,0.0309173,0.0416441,1.34695,2.85508,miss,0.269537,0.0309173,0.0416441,1.34695,0.0037571,0.00187855,False
dark 0.25,apple-macos-27.0-1x-dark-standard-glass0.25,webgpu,hc-text__rrect-sm__rest,probe,gate,C,rest,thin,t1InteriorStdDev,0.0964606,0.0431775,0.447618,-12.9722,miss,0.754642,0.0964606,0.0431775,0.447618,0.00410749,0.00205374,False
dark 0.25,apple-macos-27.0-1x-dark-standard-glass0.25,webgpu,impulse__capsule-button__inactive,validation,gate,C,inactive,thin,t1InteriorStdDev,0.000811076,0.0052754,6.5042,6.06175,miss,1.35706,0.000811076,0.0052754,6.5042,0.000736474,0.000368237,False
dark 0.25,apple-macos-27.0-1x-dark-standard-glass0.25,webgpu,impulse__capsule-button__rest,validation,gate,C,rest,thin,t1InteriorStdDev,0.0197656,0.0172529,0.872877,-1.86713,miss,0.12672,0.0197656,0.0172529,0.872877,0.00134573,0.000672864,False
dark 0.25,apple-macos-27.0-1x-dark-standard-glass0.25,webgpu,impulse__rrect-lg__inactive,probe,gate,C,inactive,thick,t1InteriorStdDev,0.000555694,0.00319476,5.74914,4.57893,miss,1.20334,0.000555694,0.00319476,5.74914,0.000576351,0.000288176,False
dark 0.25,apple-macos-27.0-1x-dark-standard-glass0.25,webgpu,impulse__rrect-lg__rest,probe,gate,C,rest,thick,t1InteriorStdDev,0.0188827,0.0169657,0.898482,-1.55459,miss,0.100147,0.0188827,0.0169657,0.898482,0.00123309,0.000616543,False
dark 0.25,apple-macos-27.0-1x-dark-standard-glass0.25,webgpu,impulse__rrect-ml__inactive,probe,gate,C,inactive,thick,t1InteriorStdDev,0.000555433,0.0039999,7.20141,6.19741,miss,1.41092,0.000555433,0.0039999,7.20141,0.000555792,0.000277896,False
dark 0.25,apple-macos-27.0-1x-dark-standard-glass0.25,webgpu,impulse__rrect-ml__rest,probe,gate,C,rest,thick,t1InteriorStdDev,0.0186828,0.0167527,0.896693,-1.50702,miss,0.101678,0.0186828,0.0167527,0.896693,0.00128071,0.000640356,False
dark 0.25,apple-macos-27.0-1x-dark-standard-glass0.25,webgpu,impulse__rrect-sm__rest,probe,gate,C,rest,thin,t1InteriorStdDev,0.0224284,0.0163919,0.730853,-4.26557,miss,0.291921,0.0224284,0.0163919,0.730853,0.00141518,0.00070759,False
dark 0.25,apple-macos-27.0-1x-dark-standard-glass0.25,webgpu,checkerboard-4__capsule-button__rest,probe,gate,F,rest,thin,t1InteriorStdDev,0.0880653,0.0291635,0.331158,-16.9514,miss,1.03129,0.0880653,0.0291635,0.331158,0.00347474,0.00173737,False
dark 0.25,apple-macos-27.0-1x-dark-standard-glass0.25,webgpu,checkerboard-4__capsule-button__rest-tint-orange,probe,gate,F,rest,thin,t1InteriorStdDev,0.0248066,0.0229526,0.92526,-0.33465,within,0.0630412,0.0248066,0.0229526,0.92526,0.00554028,0.00277014,False
dark 0.25,apple-macos-27.0-1x-dark-standard-glass0.25,webgpu,checkerboard-4__rrect-lg__rest,probe,gate,F,rest,thick,t1InteriorStdDev,0.0157673,0.0176991,1.12252,0.586595,within,0.096536,0.0157673,0.0176991,1.12252,0.00329318,0.00164659,False
dark 0.25,apple-macos-27.0-1x-dark-standard-glass0.25,webgpu,checkerboard-4__rrect-md__inactive,probe,gate,F,inactive,mid,t1InteriorStdDev,0.00893287,0.0140803,1.57623,1.59448,miss,0.352955,0.00893287,0.0140803,1.57623,0.00322828,0.00161414,False
dark 0.25,apple-macos-27.0-1x-dark-standard-glass0.25,webgpu,checkerboard-4__rrect-md__rest,probe,gate,F,rest,mid,t1InteriorStdDev,0.0393511,0.0206037,0.523588,-5.70156,miss,0.579236,0.0393511,0.0206037,0.523588,0.00328811,0.00164406,False
dark 0.25,apple-macos-27.0-1x-dark-standard-glass0.25,webgpu,checkerboard-4__rrect-ml__rest,probe,gate,F,rest,thick,t1InteriorStdDev,0.023256,0.0184706,0.794231,-1.46509,miss,0.198973,0.023256,0.0184706,0.794231,0.00326626,0.00163313,False
dark 0.25,apple-macos-27.0-1x-dark-standard-glass0.25,webgpu,checkerboard-4__rrect-sm__rest,probe,gate,F,rest,thin,t1InteriorStdDev,0.0875393,0.0343271,0.392134,-15.2252,miss,0.878341,0.0875393,0.0343271,0.392134,0.00349502,0.00174751,False
dark 0.25,apple-macos-27.0-1x-dark-standard-glass0.25,webgpu,checkerboard-8__capsule-button__rest,probe,gate,F,rest,thin,t1InteriorStdDev,0.102247,0.0399666,0.390882,-18.5125,miss,0.890903,0.102247,0.0399666,0.390882,0.00336425,0.00168213,False
dark 0.25,apple-macos-27.0-1x-dark-standard-glass0.25,webgpu,checkerboard-8__capsule-button__rest-tint-orange,probe,gate,F,rest,thin,t1InteriorStdDev,0.0253461,0.0236148,0.931696,-0.312797,within,0.0576949,0.0253461,0.0236148,0.931696,0.00553471,0.00276736,False
dark 0.25,apple-macos-27.0-1x-dark-standard-glass0.25,webgpu,checkerboard-8__rrect-lg__inactive,probe,gate,F,inactive,thick,t1InteriorStdDev,0.00707772,0.0236764,3.34521,5.29879,miss,0.965343,0.00707772,0.0236764,3.34521,0.00313255,0.00156627,False
dark 0.25,apple-macos-27.0-1x-dark-standard-glass0.25,webgpu,checkerboard-8__rrect-lg__rest,probe,gate,F,rest,thick,t1InteriorStdDev,0.0151587,0.0276538,1.82429,3.78837,miss,0.517,0.0151587,0.0276538,1.82429,0.0032983,0.00164915,False
dark 0.25,apple-macos-27.0-1x-dark-standard-glass0.25,webgpu,checkerboard-8__rrect-md__inactive,probe,gate,F,inactive,mid,t1InteriorStdDev,0.00901494,0.0259338,2.87676,5.25935,miss,0.868437,0.00901494,0.0259338,2.87676,0.00321691,0.00160846,False
dark 0.25,apple-macos-27.0-1x-dark-standard-glass0.25,webgpu,checkerboard-8__rrect-md__rest,probe,gate,F,rest,mid,t1InteriorStdDev,0.0413634,0.0334293,0.808186,-2.44424,miss,0.195841,0.0413634,0.0334293,0.808186,0.00324604,0.00162302,False
dark 0.25,apple-macos-27.0-1x-dark-standard-glass0.25,webgpu,checkerboard-8__rrect-ml__rest,probe,gate,F,rest,thick,t1InteriorStdDev,0.0185292,0.0301983,1.62977,3.53028,miss,0.42816,0.0185292,0.0301983,1.62977,0.00330543,0.00165271,False
dark 0.25,apple-macos-27.0-1x-dark-standard-glass0.25,webgpu,checkerboard-8__rrect-sm__rest,probe,gate,F,rest,thin,t1InteriorStdDev,0.105345,0.0458002,0.434763,-17.8055,miss,0.793731,0.105345,0.0458002,0.434763,0.0033442,0.0016721,False
dark 0.25,apple-macos-27.0-1x-dark-standard-glass0.25,webgpu,photo__capsule-button__inactive,calibration,gate,P,inactive,thin,t1InteriorStdDev,0.0454292,0.0102005,0.224537,-10.0015,miss,1.27177,0.0454292,0.0102005,0.224537,0.00352236,0.00176118,False
dark 0.25,apple-macos-27.0-1x-dark-standard-glass0.25,webgpu,photo__capsule-button__inactive-pressed,recorded,gate,P,inactive,thin,t1InteriorStdDev,0.0454292,0.0774707,1.7053,9.0966,miss,0.503531,0.0454292,0.0774707,1.7053,0.00352236,0.00176118,False
dark 0.25,apple-macos-27.0-1x-dark-standard-glass0.25,webgpu,photo__capsule-button__inactive-tint-orange,calibration,gate,P,inactive,thin,t1InteriorStdDev,0.0473932,0.0123746,0.261104,-8.10126,miss,1.13052,0.0473932,0.0123746,0.261104,0.00432261,0.00216131,False
dark 0.25,apple-macos-27.0-1x-dark-standard-glass0.25,webgpu,photo__capsule-button__pressed,recorded,gate,P,rest,thin,t1InteriorStdDev,0.0488243,0.0770784,1.57869,7.55479,miss,0.430167,0.0488243,0.0770784,1.57869,0.00373988,0.00186994,False
dark 0.25,apple-macos-27.0-1x-dark-standard-glass0.25,webgpu,photo__capsule-button__rest,calibration,gate,P,rest,thin,t1InteriorStdDev,0.0488243,0.0208051,0.426122,-7.492,miss,0.761527,0.0488243,0.0208051,0.426122,0.00373988,0.00186994,False
dark 0.25,apple-macos-27.0-1x-dark-standard-glass0.25,webgpu,photo__capsule-button__rest-tint-orange,calibration,gate,P,rest,thin,t1InteriorStdDev,0.0201329,0.0109484,0.543804,-1.65571,miss,0.442626,0.0201329,0.0109484,0.543804,0.00554721,0.00277361,False
dark 0.25,apple-macos-27.0-1x-dark-standard-glass0.25,webgpu,photo__glass-over-glass__inactive,holdout,holdout,P,inactive,thick,t1InteriorStdDev,0.0435424,0.0109256,0.250919,-10.017,miss,1.19389,0.0435424,0.0109256,0.250919,0.00325615,0.00162807,False
dark 0.25,apple-macos-27.0-1x-dark-standard-glass0.25,webgpu,photo__rrect-lg__inactive,holdout,holdout,P,inactive,thick,t1InteriorStdDev,0.046386,0.0108872,0.234708,-10.7915,miss,1.25391,0.046386,0.0108872,0.234708,0.00328952,0.00164476,False
dark 0.25,apple-macos-27.0-1x-dark-standard-glass0.25,webgpu,photo__rrect-lg__rest,holdout,holdout,P,rest,thick,t1InteriorStdDev,0.0486768,0.0144562,0.296983,-10.0713,miss,1.07045,0.0486768,0.0144562,0.296983,0.00339784,0.00169892,False
dark 0.25,apple-macos-27.0-1x-dark-standard-glass0.25,webgpu,photo__rrect-md__inactive,calibration,gate,P,inactive,mid,t1InteriorStdDev,0.0391758,0.00961718,0.245488,-9.06839,miss,1.19256,0.0391758,0.00961718,0.245488,0.00325952,0.00162976,False
dark 0.25,apple-macos-27.0-1x-dark-standard-glass0.25,webgpu,photo__rrect-md__rest,calibration,gate,P,rest,mid,t1InteriorStdDev,0.044232,0.0163425,0.369471,-8.07798,miss,0.879178,0.044232,0.0163425,0.369471,0.00345254,0.00172627,False
dark 0.25,apple-macos-27.0-1x-dark-standard-glass0.25,webgpu,photo__rrect-ml__inactive,probe,gate,P,inactive,thick,t1InteriorStdDev,0.0455385,0.0115074,0.252695,-10.5077,miss,1.19629,0.0455385,0.0115074,0.252695,0.00323867,0.00161933,False
dark 0.25,apple-macos-27.0-1x-dark-standard-glass0.25,webgpu,hc-text-7__rrect-lg__rest,probe,gate,T,rest,thick,t1FineStdDev,0.00951109,0.0141389,1.48656,1.23336,miss,0.299301,0.0234849,0.0254053,1.08177,0.00375217,0.00187608,False
dark 0.25,apple-macos-27.0-1x-dark-standard-glass0.25,webgpu,hc-text-7__rrect-md__inactive,probe,gate,T,inactive,mid,t1FineStdDev,0.00988249,0.0189801,1.92058,2.51882,miss,0.515323,0.0193031,0.0176899,0.916429,0.00361184,0.00180592,False
dark 0.25,apple-macos-27.0-1x-dark-standard-glass0.25,webgpu,hc-text-7__rrect-md__rest,probe,gate,T,rest,mid,t1FineStdDev,0.0305668,0.020471,0.669714,-2.73158,miss,0.349073,0.040255,0.025836,0.641809,0.00369596,0.00184798,False
dark 0.25,apple-macos-27.0-1x-dark-standard-glass0.25,webgpu,hc-text-7__rrect-sm__rest,probe,gate,T,rest,thin,t1FineStdDev,0.0793213,0.0191274,0.241138,-14.9539,miss,1.2809,0.0958012,0.0469909,0.490504,0.0040253,0.00201265,False
dark 0.25,apple-macos-27.0-2x-dark-standard-glass0.25,css,checkerboard-32__capsule-button__rest,probe,gate,C,rest,thin,t1InteriorStdDev,0.13318,0.0377489,0.283442,-28.7972,miss,1.20118,0.13318,0.0377489,0.283442,0.00331391,0.00165696,False
dark 0.25,apple-macos-27.0-2x-dark-standard-glass0.25,css,checkerboard-32__capsule-button__rest-tint-orange,probe,gate,C,rest,thin,t1InteriorStdDev,0.0264416,0.0058947,0.222933,-3.71237,miss,1.02881,0.0264416,0.0058947,0.222933,0.0055347,0.00276735,False
dark 0.25,apple-macos-27.0-2x-dark-standard-glass0.25,css,checkerboard-32__rrect-lg__inactive,probe,gate,C,inactive,thick,t1InteriorStdDev,0.0412213,0.0128457,0.311629,-9.64562,miss,1.02867,0.0412213,0.0128457,0.311629,0.0029418,0.0014709,False
dark 0.25,apple-macos-27.0-2x-dark-standard-glass0.25,css,checkerboard-32__rrect-lg__rest,probe,gate,C,rest,thick,t1InteriorStdDev,0.0555896,0.012925,0.232507,-14.0536,miss,1.30103,0.0555896,0.012925,0.232507,0.00303585,0.00151792,False
dark 0.25,apple-macos-27.0-2x-dark-standard-glass0.25,css,checkerboard-32__rrect-md__rest,probe,gate,C,rest,mid,t1InteriorStdDev,0.0815624,0.0217941,0.267208,-20.0694,miss,1.22751,0.0815624,0.0217941,0.267208,0.00297808,0.00148904,False
dark 0.25,apple-macos-27.0-2x-dark-standard-glass0.25,css,checkerboard-32__rrect-ml__rest,probe,gate,C,rest,thick,t1InteriorStdDev,0.0649095,0.0193395,0.297946,-15.1805,miss,1.11176,0.0649095,0.0193395,0.297946,0.00300187,0.00150094,False
dark 0.25,apple-macos-27.0-2x-dark-standard-glass0.25,css,checkerboard-32__rrect-sm__rest,probe,gate,C,rest,thin,t1InteriorStdDev,0.131802,0.0332945,0.25261,-29.6399,miss,1.30567,0.131802,0.0332945,0.25261,0.00332348,0.00166174,False
dark 0.25,apple-macos-27.0-2x-dark-standard-glass0.25,css,checkerboard-64__capsule-button__rest,probe,gate,C,rest,thin,t1InteriorStdDev,0.182027,0.0446176,0.245116,-34.5297,miss,1.34222,0.182027,0.0446176,0.245116,0.00397945,0.00198972,False
dark 0.25,apple-macos-27.0-2x-dark-standard-glass0.25,css,checkerboard-64__capsule-button__rest-tint-orange,probe,gate,C,rest,thin,t1InteriorStdDev,0.0312487,0.00608072,0.194591,-4.53989,miss,1.15218,0.0312487,0.00608072,0.194591,0.00554373,0.00277187,False
dark 0.25,apple-macos-27.0-2x-dark-standard-glass0.25,css,checkerboard-64__rrect-lg__inactive,probe,gate,C,inactive,thick,t1InteriorStdDev,0.0742294,0.0282979,0.381222,-15.4042,miss,0.903577,0.0742294,0.0282979,0.381222,0.00298175,0.00149088,False
dark 0.25,apple-macos-27.0-2x-dark-standard-glass0.25,css,checkerboard-64__rrect-lg__rest,probe,gate,C,rest,thick,t1InteriorStdDev,0.0846052,0.0294061,0.347569,-18.3828,miss,0.99444,0.0846052,0.0294061,0.347569,0.00300276,0.00150138,False
dark 0.25,apple-macos-27.0-2x-dark-standard-glass0.25,css,checkerboard-64__rrect-md__inactive,probe,gate,C,inactive,mid,t1InteriorStdDev,0.0820876,0.0378109,0.460617,-15.0552,miss,0.735485,0.0820876,0.0378109,0.460617,0.00294095,0.00147048,False
dark 0.25,apple-macos-27.0-2x-dark-standard-glass0.25,css,checkerboard-64__rrect-md__rest,probe,gate,C,rest,mid,t1InteriorStdDev,0.102741,0.0371206,0.361302,-23.3813,miss,0.972108,0.102741,0.0371206,0.361302,0.00280654,0.00140327,False
dark 0.25,apple-macos-27.0-2x-dark-standard-glass0.25,css,checkerboard-64__rrect-ml__rest,probe,gate,C,rest,thick,t1InteriorStdDev,0.084364,0.0294145,0.348662,-18.8692,miss,0.993186,0.084364,0.0294145,0.348662,0.00291213,0.00145606,False
dark 0.25,apple-macos-27.0-2x-dark-standard-glass0.25,css,checkerboard-64__rrect-sm__rest,probe,gate,C,rest,thin,t1InteriorStdDev,0.0651143,0.0123398,0.189509,-9.90282,miss,1.383,0.0651143,0.0123398,0.189509,0.00532924,0.00266462,False
dark 0.25,apple-macos-27.0-2x-dark-standard-glass0.25,css,checkerboard-lc16__capsule-button__inactive,probe,gate,C,inactive,thin,t1InteriorStdDev,0.0213552,0.0178244,0.834663,-0.774114,within,0.146459,0.0213552,0.0178244,0.834663,0.00456108,0.00228054,False
dark 0.25,apple-macos-27.0-2x-dark-standard-glass0.25,css,checkerboard-lc16__capsule-button__rest,probe,gate,C,rest,thin,t1InteriorStdDev,0.0582035,0.0146978,0.252525,-9.37423,miss,1.17855,0.0582035,0.0146978,0.252525,0.00464099,0.00232049,False
dark 0.25,apple-macos-27.0-2x-dark-standard-glass0.25,css,checkerboard-lc16__rrect-lg__rest,probe,gate,C,rest,thick,t1InteriorStdDev,0.0172532,0.00884856,0.512865,-2.16786,miss,0.507093,0.0172532,0.00884856,0.512865,0.00387694,0.00193847,False
dark 0.25,apple-macos-27.0-2x-dark-standard-glass0.25,css,checkerboard-lc16__rrect-md__inactive,probe,gate,C,inactive,mid,t1InteriorStdDev,0.00692951,0.0118852,1.71516,1.28587,miss,0.378138,0.00692951,0.0118852,1.71516,0.00385394,0.00192697,False
dark 0.25,apple-macos-27.0-2x-dark-standard-glass0.25,css,checkerboard-lc16__rrect-md__rest,probe,gate,C,rest,mid,t1InteriorStdDev,0.0230188,0.00936695,0.406926,-3.35909,miss,0.701331,0.0230188,0.00936695,0.406926,0.00406416,0.00203208,False
dark 0.25,apple-macos-27.0-2x-dark-standard-glass0.25,css,checkerboard-lc16__rrect-ml__rest,probe,gate,C,rest,thick,t1InteriorStdDev,0.0186824,0.00928657,0.497077,-2.413,miss,0.538165,0.0186824,0.00928657,0.497077,0.00389383,0.00194691,False
dark 0.25,apple-macos-27.0-2x-dark-standard-glass0.25,css,checkerboard-lc16__rrect-sm__rest,probe,gate,C,rest,thin,t1InteriorStdDev,0.060759,0.0163057,0.268367,-9.57567,miss,1.1385,0.060759,0.0163057,0.268367,0.00464231,0.00232116,False
dark 0.25,apple-macos-27.0-2x-dark-standard-glass0.25,css,checkerboard__capsule-button__inactive,calibration,gate,C,inactive,thin,t1InteriorStdDev,0.0500759,0.0314685,0.628416,-5.52141,miss,0.427946,0.0500759,0.0314685,0.628416,0.00337005,0.00168502,False
dark 0.25,apple-macos-27.0-2x-dark-standard-glass0.25,css,checkerboard__capsule-button__inactive-tint-orange,calibration,gate,C,inactive,thin,t1InteriorStdDev,0.0650038,0.00632055,0.0972337,-13.6921,miss,1.87683,0.0650038,0.00632055,0.0972337,0.00428592,0.00214296,False
dark 0.25,apple-macos-27.0-2x-dark-standard-glass0.25,css,checkerboard__capsule-button__rest,calibration,gate,C,rest,thin,t1InteriorStdDev,0.11694,0.0187524,0.16036,-30.2852,miss,1.69821,0.11694,0.0187524,0.16036,0.00324209,0.00162105,False
dark 0.25,apple-macos-27.0-2x-dark-standard-glass0.25,css,checkerboard__capsule-button__rest-tint-orange,calibration,gate,C,rest,thin,t1InteriorStdDev,0.0263167,0.00364731,0.138593,-4.09484,miss,1.24373,0.0263167,0.00364731,0.138593,0.0055361,0.00276805,False
dark 0.25,apple-macos-27.0-2x-dark-standard-glass0.25,css,checkerboard__glass-over-glass__inactive,holdout,holdout,C,inactive,thick,t1InteriorStdDev,0.0162613,0.0109177,0.671393,-1.73118,miss,0.323217,0.0162613,0.0109177,0.671393,0.00308666,0.00154333,False
dark 0.25,apple-macos-27.0-2x-dark-standard-glass0.25,css,checkerboard__glass-over-glass__rest,holdout,holdout,C,rest,thick,t1InteriorStdDev,0.0396172,0.0116734,0.294655,-8.62098,miss,1.05555,0.0396172,0.0116734,0.294655,0.00324137,0.00162069,False
dark 0.25,apple-macos-27.0-2x-dark-standard-glass0.25,css,checkerboard__rrect-md__inactive,calibration,gate,C,inactive,mid,t1InteriorStdDev,0.0275838,0.013059,0.473428,-4.70821,miss,0.641701,0.0275838,0.013059,0.473428,0.00308501,0.00154251,False
dark 0.25,apple-macos-27.0-2x-dark-standard-glass0.25,css,checkerboard__rrect-md__rest,calibration,gate,C,rest,mid,t1InteriorStdDev,0.0693708,0.0111095,0.160147,-19.0958,miss,1.63205,0.0693708,0.0111095,0.160147,0.003051,0.0015255,False
dark 0.25,apple-macos-27.0-2x-dark-standard-glass0.25,css,checkerboard__rrect-ml__inactive,probe,gate,C,inactive,thick,t1InteriorStdDev,0.0161041,0.0119531,0.742238,-1.35864,miss,0.244186,0.0161041,0.0119531,0.742238,0.00305527,0.00152764,False
dark 0.25,apple-macos-27.0-2x-dark-standard-glass0.25,css,hc-text-28__rrect-lg__rest,probe,gate,C,rest,thick,t1InteriorStdDev,0.0419167,0.0230619,0.550183,-5.24851,miss,0.534964,0.0419167,0.0230619,0.550183,0.00359243,0.00179621,False
dark 0.25,apple-macos-27.0-2x-dark-standard-glass0.25,css,hc-text-28__rrect-md__inactive,probe,gate,C,inactive,mid,t1InteriorStdDev,0.0513166,0.0278645,0.542992,-7.00612,miss,0.560406,0.0513166,0.0278645,0.542992,0.00334737,0.00167369,False
dark 0.25,apple-macos-27.0-2x-dark-standard-glass0.25,css,hc-text-28__rrect-md__rest,probe,gate,C,rest,mid,t1InteriorStdDev,0.0911541,0.0229247,0.251494,-20.8235,miss,1.28206,0.0911541,0.0229247,0.251494,0.00327656,0.00163828,False
dark 0.25,apple-macos-27.0-2x-dark-standard-glass0.25,css,hc-text-28__rrect-sm__rest,probe,gate,C,rest,thin,t1InteriorStdDev,0.123091,0.0265973,0.216078,-27.672,miss,1.43686,0.123091,0.0265973,0.216078,0.00348707,0.00174353,False
dark 0.25,apple-macos-27.0-2x-dark-standard-glass0.25,css,hc-text__rrect-lg__inactive,probe,gate,C,inactive,thick,t1InteriorStdDev,0.0163547,0.0273437,1.67191,3.1227,miss,0.440148,0.0163547,0.0273437,1.67191,0.00351905,0.00175953,False
dark 0.25,apple-macos-27.0-2x-dark-standard-glass0.25,css,hc-text__rrect-lg__rest,probe,gate,C,rest,thick,t1InteriorStdDev,0.0244938,0.0225977,0.922588,-0.508002,within,0.0695381,0.0244938,0.0225977,0.922588,0.0037325,0.00186625,False
dark 0.25,apple-macos-27.0-2x-dark-standard-glass0.25,css,hc-text__rrect-sm__inactive,probe,gate,C,inactive,thin,t1InteriorStdDev,0.0198325,0.0333283,1.68049,3.63235,miss,0.453061,0.0198325,0.0333283,1.68049,0.00371545,0.00185772,False
dark 0.25,apple-macos-27.0-2x-dark-standard-glass0.25,css,hc-text__rrect-sm__rest,probe,gate,C,rest,thin,t1InteriorStdDev,0.101036,0.0172296,0.170529,-20.3818,miss,1.59472,0.101036,0.0172296,0.170529,0.00411184,0.00205592,False
dark 0.25,apple-macos-27.0-2x-dark-standard-glass0.25,css,impulse__capsule-button__inactive,validation,gate,C,inactive,thin,t1InteriorStdDev,0,0.00037643,,0.567629,within,0.449564,0,0.00037643,,0.000663162,0.000331581,False
dark 0.25,apple-macos-27.0-2x-dark-standard-glass0.25,css,impulse__capsule-button__rest,validation,gate,C,rest,thin,t1InteriorStdDev,0.0241095,0.00524794,0.217671,-13.6397,miss,1.34666,0.0241095,0.00524794,0.217671,0.00138284,0.000691419,False
dark 0.25,apple-macos-27.0-2x-dark-standard-glass0.25,css,impulse__rrect-lg__inactive,probe,gate,C,inactive,thick,t1InteriorStdDev,0.000587276,0.00160465,2.73236,1.76682,miss,0.628454,0.000587276,0.00160465,2.73236,0.000575821,0.00028791,False
dark 0.25,apple-macos-27.0-2x-dark-standard-glass0.25,css,impulse__rrect-lg__rest,probe,gate,C,rest,thick,t1InteriorStdDev,0.0219448,0.004645,0.211668,-13.7263,miss,1.36852,0.0219448,0.004645,0.211668,0.00126034,0.000630169,False
dark 0.25,apple-macos-27.0-2x-dark-standard-glass0.25,css,impulse__rrect-ml__inactive,probe,gate,C,inactive,thick,t1InteriorStdDev,0.000849012,0.000315135,0.371179,-0.941898,within,0.473336,0.000849012,0.000315135,0.371179,0.000566809,0.000283405,False
dark 0.25,apple-macos-27.0-2x-dark-standard-glass0.25,css,impulse__rrect-ml__rest,probe,gate,C,rest,thick,t1InteriorStdDev,0.0219541,0.00557926,0.254133,-12.4929,miss,1.21687,0.0219541,0.00557926,0.254133,0.00131073,0.000655364,False
dark 0.25,apple-macos-27.0-2x-dark-standard-glass0.25,css,impulse__rrect-sm__rest,probe,gate,C,rest,thin,t1InteriorStdDev,0.0261677,0.0054734,0.209166,-14.4084,miss,1.38504,0.0261677,0.0054734,0.209166,0.00143626,0.000718131,False
dark 0.25,apple-macos-27.0-2x-dark-standard-glass0.25,css,checkerboard-4__capsule-button__rest,probe,gate,F,rest,thin,t1InteriorStdDev,0.106033,0.010429,0.0983561,-28.5074,miss,2.07148,0.106033,0.010429,0.0983561,0.00335366,0.00167683,False
dark 0.25,apple-macos-27.0-2x-dark-standard-glass0.25,css,checkerboard-4__capsule-button__rest-tint-orange,probe,gate,F,rest,thin,t1InteriorStdDev,0.0260304,0.00410046,0.157526,-3.9578,miss,1.18618,0.0260304,0.00410046,0.157526,0.00554095,0.00277047,False
dark 0.25,apple-macos-27.0-2x-dark-standard-glass0.25,css,checkerboard-4__rrect-lg__rest,probe,gate,F,rest,thick,t1InteriorStdDev,0.0147079,0.00835697,0.568196,-1.90864,miss,0.434077,0.0147079,0.00835697,0.568196,0.00332746,0.00166373,False
dark 0.25,apple-macos-27.0-2x-dark-standard-glass0.25,css,checkerboard-4__rrect-md__inactive,probe,gate,F,inactive,mid,t1InteriorStdDev,0.00685146,0.00928811,1.35564,0.754761,within,0.21651,0.00685146,0.00928811,1.35564,0.00322837,0.00161419,False
dark 0.25,apple-macos-27.0-2x-dark-standard-glass0.25,css,checkerboard-4__rrect-md__rest,probe,gate,F,rest,mid,t1InteriorStdDev,0.0201637,0.00754535,0.374204,-3.66919,miss,0.764891,0.0201637,0.00754535,0.374204,0.00343901,0.00171951,False
dark 0.25,apple-macos-27.0-2x-dark-standard-glass0.25,css,checkerboard-4__rrect-ml__rest,probe,gate,F,rest,thick,t1InteriorStdDev,0.0161703,0.00835047,0.516407,-2.33437,miss,0.511832,0.0161703,0.00835047,0.516407,0.00334988,0.00167494,False
dark 0.25,apple-macos-27.0-2x-dark-standard-glass0.25,css,checkerboard-4__rrect-sm__rest,probe,gate,F,rest,thin,t1InteriorStdDev,0.104911,0.00972837,0.0927294,-28.365,miss,2.11321,0.104911,0.00972837,0.0927294,0.00335565,0.00167783,False
dark 0.25,apple-macos-27.0-2x-dark-standard-glass0.25,css,checkerboard-8__capsule-button__rest,probe,gate,F,rest,thin,t1InteriorStdDev,0.112367,0.014237,0.1267,-29.8382,miss,1.88695,0.112367,0.014237,0.1267,0.00328875,0.00164437,False
dark 0.25,apple-macos-27.0-2x-dark-standard-glass0.25,css,checkerboard-8__capsule-button__rest-tint-orange,probe,gate,F,rest,thin,t1InteriorStdDev,0.026168,0.00291345,0.111336,-4.1993,miss,1.32219,0.026168,0.00291345,0.111336,0.00553771,0.00276886,False
dark 0.25,apple-macos-27.0-2x-dark-standard-glass0.25,css,checkerboard-8__rrect-lg__inactive,probe,gate,F,inactive,thick,t1InteriorStdDev,0.00681866,0.0100336,1.47149,1.02335,miss,0.279733,0.00681866,0.0100336,1.47149,0.00314158,0.00157079,False
dark 0.25,apple-macos-27.0-2x-dark-standard-glass0.25,css,checkerboard-8__rrect-lg__rest,probe,gate,F,rest,thick,t1InteriorStdDev,0.0149048,0.00845585,0.567324,-1.9432,miss,0.436771,0.0149048,0.00845585,0.567324,0.00331872,0.00165936,False
dark 0.25,apple-macos-27.0-2x-dark-standard-glass0.25,css,checkerboard-8__rrect-md__inactive,probe,gate,F,inactive,mid,t1InteriorStdDev,0.00709624,0.00967821,1.36385,0.800989,within,0.223302,0.00709624,0.00967821,1.36385,0.00322348,0.00161174,False
dark 0.25,apple-macos-27.0-2x-dark-standard-glass0.25,css,checkerboard-8__rrect-md__rest,probe,gate,F,rest,mid,t1InteriorStdDev,0.0491157,0.0098911,0.201384,-12.1775,miss,1.38416,0.0491157,0.0098911,0.201384,0.00322107,0.00161053,False
dark 0.25,apple-macos-27.0-2x-dark-standard-glass0.25,css,checkerboard-8__rrect-ml__rest,probe,gate,F,rest,thick,t1InteriorStdDev,0.0170514,0.00889519,0.521668,-2.44358,miss,0.51087,0.0170514,0.00889519,0.521668,0.00333783,0.00166892,False
dark 0.25,apple-macos-27.0-2x-dark-standard-glass0.25,css,checkerboard-8__rrect-sm__rest,probe,gate,F,rest,thin,t1InteriorStdDev,0.113734,0.0128196,0.112716,-30.702,miss,1.98312,0.113734,0.0128196,0.112716,0.00328688,0.00164344,False
dark 0.25,apple-macos-27.0-2x-dark-standard-glass0.25,css,photo__capsule-button__inactive,calibration,gate,P,inactive,thin,t1InteriorStdDev,0.0454166,0.0116668,0.256885,-9.55469,miss,1.16954,0.0454166,0.0116668,0.256885,0.00353227,0.00176613,False
dark 0.25,apple-macos-27.0-2x-dark-standard-glass0.25,css,photo__capsule-button__inactive-pressed,recorded,gate,P,inactive,thin,t1InteriorStdDev,0.0454166,0.0753483,1.65905,8.47379,miss,0.477159,0.0454166,0.0753483,1.65905,0.00353227,0.00176613,False
dark 0.25,apple-macos-27.0-2x-dark-standard-glass0.25,css,photo__capsule-button__inactive-tint-orange,calibration,gate,P,inactive,thin,t1InteriorStdDev,0.0476533,0.00247989,0.0520403,-10.4251,miss,2.03215,0.0476533,0.00247989,0.0520403,0.00433314,0.00216657,False
dark 0.25,apple-macos-27.0-2x-dark-standard-glass0.25,css,photo__capsule-button__pressed,recorded,gate,P,rest,thin,t1InteriorStdDev,0.0504117,0.0729533,1.44715,6.01374,miss,0.347979,0.0504117,0.0729533,1.44715,0.00374834,0.00187417,False
dark 0.25,apple-macos-27.0-2x-dark-standard-glass0.25,css,photo__capsule-button__rest,calibration,gate,P,rest,thin,t1InteriorStdDev,0.0504117,0.0127314,0.252549,-10.0525,miss,1.18981,0.0504117,0.0127314,0.252549,0.00374834,0.00187417,False
dark 0.25,apple-macos-27.0-2x-dark-standard-glass0.25,css,photo__capsule-button__rest-tint-orange,calibration,gate,P,rest,thin,t1InteriorStdDev,0.0206713,0.00441035,0.213356,-2.92776,miss,0.967708,0.0206713,0.00441035,0.213356,0.00555407,0.00277704,False
dark 0.25,apple-macos-27.0-2x-dark-standard-glass0.25,css,photo__glass-over-glass__inactive,holdout,holdout,P,inactive,thick,t1InteriorStdDev,0.0435791,0.0116701,0.267792,-9.77105,miss,1.14308,0.0435791,0.0116701,0.267792,0.00326567,0.00163283,False
dark 0.25,apple-macos-27.0-2x-dark-standard-glass0.25,css,photo__rrect-lg__inactive,holdout,holdout,P,inactive,thick,t1InteriorStdDev,0.046569,0.0108495,0.232976,-10.8517,miss,1.26015,0.046569,0.0108495,0.232976,0.0032916,0.0016458,False
dark 0.25,apple-macos-27.0-2x-dark-standard-glass0.25,css,photo__rrect-lg__rest,holdout,holdout,P,rest,thick,t1InteriorStdDev,0.0485572,0.0104296,0.21479,-11.2202,miss,1.32371,0.0485572,0.0104296,0.21479,0.00339812,0.00169906,False
dark 0.25,apple-macos-27.0-2x-dark-standard-glass0.25,css,photo__rrect-md__inactive,calibration,gate,P,inactive,mid,t1InteriorStdDev,0.040469,0.0106681,0.263612,-9.12236,miss,1.14377,0.040469,0.0106681,0.263612,0.00326679,0.0016334,False
dark 0.25,apple-macos-27.0-2x-dark-standard-glass0.25,css,photo__rrect-md__rest,calibration,gate,P,rest,mid,t1InteriorStdDev,0.0451426,0.010351,0.229295,-10.0656,miss,1.2584,0.0451426,0.010351,0.229295,0.00345648,0.00172824,False
dark 0.25,apple-macos-27.0-2x-dark-standard-glass0.25,css,photo__rrect-ml__inactive,probe,gate,P,inactive,thick,t1InteriorStdDev,0.0460778,0.0119573,0.259501,-10.5218,miss,1.17704,0.0460778,0.0119573,0.259501,0.00324286,0.00162143,False
dark 0.25,apple-macos-27.0-2x-dark-standard-glass0.25,css,hc-text-7__rrect-lg__rest,probe,gate,T,rest,thick,t1FineStdDev,0.0014035,0.00112042,0.798301,-0.0754155,within,0.0564555,0.0240937,0.0213779,0.887284,0.00375367,0.00187683,False
dark 0.25,apple-macos-27.0-2x-dark-standard-glass0.25,css,hc-text-7__rrect-md__inactive,probe,gate,T,inactive,mid,t1FineStdDev,0.0015092,0.001878,1.24436,0.102393,within,0.069673,0.0182212,0.0159839,0.877211,0.00360175,0.00180088,False
dark 0.25,apple-macos-27.0-2x-dark-standard-glass0.25,css,hc-text-7__rrect-md__rest,probe,gate,T,rest,mid,t1FineStdDev,0.0166923,0.00152907,0.091603,-4.0665,miss,1.35684,0.0365764,0.0131957,0.360771,0.00372882,0.00186441,False
dark 0.25,apple-macos-27.0-2x-dark-standard-glass0.25,css,hc-text-7__rrect-sm__rest,probe,gate,T,rest,thin,t1FineStdDev,0.0811963,0.00372072,0.0458237,-19.873,miss,2.41309,0.121006,0.0180212,0.148928,0.00389853,0.00194926,False
dark 0.25,apple-macos-27.0-2x-dark-standard-glass0.25,webgpu,checkerboard-32__capsule-button__rest,probe,gate,C,rest,thin,t1InteriorStdDev,0.13318,0.0440552,0.330793,-26.8943,miss,1.05831,0.13318,0.0440552,0.330793,0.00331391,0.00165696,False
dark 0.25,apple-macos-27.0-2x-dark-standard-glass0.25,webgpu,checkerboard-32__capsule-button__rest-tint-orange,probe,gate,C,rest,thin,t1InteriorStdDev,0.0264416,0.0148417,0.5613,-2.09585,miss,0.450619,0.0264416,0.0148417,0.5613,0.0055347,0.00276735,False
dark 0.25,apple-macos-27.0-2x-dark-standard-glass0.25,webgpu,checkerboard-32__rrect-lg__inactive,probe,gate,C,inactive,thick,t1InteriorStdDev,0.0412213,0.0336912,0.817325,-2.55969,miss,0.18694,0.0412213,0.0336912,0.817325,0.0029418,0.0014709,False
dark 0.25,apple-macos-27.0-2x-dark-standard-glass0.25,webgpu,checkerboard-32__rrect-lg__rest,probe,gate,C,rest,thick,t1InteriorStdDev,0.0555896,0.034269,0.616465,-7.02294,miss,0.452045,0.0555896,0.034269,0.616465,0.00303585,0.00151792,False
dark 0.25,apple-macos-27.0-2x-dark-standard-glass0.25,webgpu,checkerboard-32__rrect-md__rest,probe,gate,C,rest,mid,t1InteriorStdDev,0.0815624,0.0382471,0.46893,-14.5447,miss,0.718183,0.0815624,0.0382471,0.46893,0.00297808,0.00148904,False
dark 0.25,apple-macos-27.0-2x-dark-standard-glass0.25,webgpu,checkerboard-32__rrect-ml__rest,probe,gate,C,rest,thick,t1InteriorStdDev,0.0649095,0.0382397,0.589124,-8.88436,miss,0.498756,0.0649095,0.0382397,0.589124,0.00300187,0.00150094,False
dark 0.25,apple-macos-27.0-2x-dark-standard-glass0.25,webgpu,checkerboard-32__rrect-sm__rest,probe,gate,C,rest,thin,t1InteriorStdDev,0.131802,0.050248,0.381239,-24.5387,miss,0.925187,0.131802,0.050248,0.381239,0.00332348,0.00166174,False
dark 0.25,apple-macos-27.0-2x-dark-standard-glass0.25,webgpu,checkerboard-64__capsule-button__rest,probe,gate,C,rest,thin,t1InteriorStdDev,0.182027,0.0476915,0.262003,-33.7573,miss,1.28088,0.182027,0.0476915,0.262003,0.00397945,0.00198972,False
dark 0.25,apple-macos-27.0-2x-dark-standard-glass0.25,webgpu,checkerboard-64__capsule-button__rest-tint-orange,probe,gate,C,rest,thin,t1InteriorStdDev,0.0312487,0.0168867,0.540398,-2.59067,miss,0.494872,0.0312487,0.0168867,0.540398,0.00554373,0.00277187,False
dark 0.25,apple-macos-27.0-2x-dark-standard-glass0.25,webgpu,checkerboard-64__rrect-lg__inactive,probe,gate,C,inactive,thick,t1InteriorStdDev,0.0742294,0.0379765,0.51161,-12.1582,miss,0.63399,0.0742294,0.0379765,0.51161,0.00298175,0.00149088,False
dark 0.25,apple-macos-27.0-2x-dark-standard-glass0.25,webgpu,checkerboard-64__rrect-lg__rest,probe,gate,C,rest,thick,t1InteriorStdDev,0.0846052,0.0394557,0.466351,-15.036,miss,0.724345,0.0846052,0.0394557,0.466351,0.00300276,0.00150138,False
dark 0.25,apple-macos-27.0-2x-dark-standard-glass0.25,webgpu,checkerboard-64__rrect-md__inactive,probe,gate,C,inactive,mid,t1InteriorStdDev,0.0820876,0.0392571,0.478235,-14.5635,miss,0.700612,0.0820876,0.0392571,0.478235,0.00294095,0.00147048,False
dark 0.25,apple-macos-27.0-2x-dark-standard-glass0.25,webgpu,checkerboard-64__rrect-md__rest,probe,gate,C,rest,mid,t1InteriorStdDev,0.102741,0.0441955,0.430163,-20.8605,miss,0.808973,0.102741,0.0441955,0.430163,0.00280654,0.00140327,False
dark 0.25,apple-macos-27.0-2x-dark-standard-glass0.25,webgpu,checkerboard-64__rrect-ml__rest,probe,gate,C,rest,thick,t1InteriorStdDev,0.084364,0.0404191,0.479103,-15.0903,miss,0.700205,0.084364,0.0404191,0.479103,0.00291213,0.00145606,False
dark 0.25,apple-macos-27.0-2x-dark-standard-glass0.25,webgpu,checkerboard-64__rrect-sm__rest,probe,gate,C,rest,thin,t1InteriorStdDev,0.0651143,0.0348638,0.535425,-5.67631,miss,0.561116,0.0651143,0.0348638,0.535425,0.00532924,0.00266462,False
dark 0.25,apple-macos-27.0-2x-dark-standard-glass0.25,webgpu,checkerboard-lc16__capsule-button__inactive,probe,gate,C,inactive,thin,t1InteriorStdDev,0.0213552,0.0253446,1.18681,0.874671,within,0.143179,0.0213552,0.0253446,1.18681,0.00456108,0.00228054,False
dark 0.25,apple-macos-27.0-2x-dark-standard-glass0.25,webgpu,checkerboard-lc16__capsule-button__rest,probe,gate,C,rest,thin,t1InteriorStdDev,0.0582035,0.0287726,0.494345,-6.34151,miss,0.6317,0.0582035,0.0287726,0.494345,0.00464099,0.00232049,False
dark 0.25,apple-macos-27.0-2x-dark-standard-glass0.25,webgpu,checkerboard-lc16__rrect-lg__rest,probe,gate,C,rest,thick,t1InteriorStdDev,0.0172532,0.0178243,1.0331,0.147296,within,0.0266671,0.0172532,0.0178243,1.0331,0.00387694,0.00193847,False
dark 0.25,apple-macos-27.0-2x-dark-standard-glass0.25,webgpu,checkerboard-lc16__rrect-md__inactive,probe,gate,C,inactive,mid,t1InteriorStdDev,0.00692951,0.0137462,1.98371,1.76875,miss,0.489892,0.00692951,0.0137462,1.98371,0.00385394,0.00192697,False
dark 0.25,apple-macos-27.0-2x-dark-standard-glass0.25,webgpu,checkerboard-lc16__rrect-md__rest,probe,gate,C,rest,mid,t1InteriorStdDev,0.0230188,0.0212873,0.924777,-0.426054,within,0.0660704,0.0230188,0.0212873,0.924777,0.00406416,0.00203208,False
dark 0.25,apple-macos-27.0-2x-dark-standard-glass0.25,webgpu,checkerboard-lc16__rrect-ml__rest,probe,gate,C,rest,thick,t1InteriorStdDev,0.0186824,0.0196223,1.05031,0.241393,within,0.0407909,0.0186824,0.0196223,1.05031,0.00389383,0.00194691,False
dark 0.25,apple-macos-27.0-2x-dark-standard-glass0.25,webgpu,checkerboard-lc16__rrect-sm__rest,probe,gate,C,rest,thin,t1InteriorStdDev,0.060759,0.0344614,0.567182,-5.66477,miss,0.514325,0.060759,0.0344614,0.567182,0.00464231,0.00232116,False
dark 0.25,apple-macos-27.0-2x-dark-standard-glass0.25,webgpu,checkerboard__capsule-button__inactive,calibration,gate,C,inactive,thin,t1InteriorStdDev,0.0500759,0.0476726,0.952005,-0.713158,within,0.0460108,0.0500759,0.0476726,0.952005,0.00337005,0.00168502,False
dark 0.25,apple-macos-27.0-2x-dark-standard-glass0.25,webgpu,checkerboard__capsule-button__inactive-tint-orange,calibration,gate,C,inactive,thin,t1InteriorStdDev,0.0650038,0.067838,1.0436,0.661284,within,0.0400894,0.0650038,0.067838,1.0436,0.00428592,0.00214296,False
dark 0.25,apple-macos-27.0-2x-dark-standard-glass0.25,webgpu,checkerboard__capsule-button__rest,calibration,gate,C,rest,thin,t1InteriorStdDev,0.11694,0.0408077,0.348963,-23.4824,miss,1.00369,0.11694,0.0408077,0.348963,0.00324209,0.00162105,False
dark 0.25,apple-macos-27.0-2x-dark-standard-glass0.25,webgpu,checkerboard__capsule-button__rest-tint-orange,calibration,gate,C,rest,thin,t1InteriorStdDev,0.0263167,0.0158207,0.601166,-1.89592,miss,0.399755,0.0263167,0.0158207,0.601166,0.0055361,0.00276805,False
dark 0.25,apple-macos-27.0-2x-dark-standard-glass0.25,webgpu,checkerboard__glass-over-glass__inactive,holdout,holdout,C,inactive,thick,t1InteriorStdDev,0.0162613,0.0214683,1.32021,1.68692,miss,0.238325,0.0162613,0.0214683,1.32021,0.00308666,0.00154333,False
dark 0.25,apple-macos-27.0-2x-dark-standard-glass0.25,webgpu,checkerboard__glass-over-glass__rest,holdout,holdout,C,rest,thick,t1InteriorStdDev,0.0396172,0.0294453,0.743244,-3.13816,miss,0.27094,0.0396172,0.0294453,0.743244,0.00324137,0.00162069,False
dark 0.25,apple-macos-27.0-2x-dark-standard-glass0.25,webgpu,checkerboard__rrect-md__inactive,calibration,gate,C,inactive,mid,t1InteriorStdDev,0.0275838,0.0232309,0.842191,-1.411,miss,0.153075,0.0275838,0.0232309,0.842191,0.00308501,0.00154251,False
dark 0.25,apple-macos-27.0-2x-dark-standard-glass0.25,webgpu,checkerboard__rrect-md__rest,calibration,gate,C,rest,mid,t1InteriorStdDev,0.0693708,0.0334492,0.482181,-11.7737,miss,0.685188,0.0693708,0.0334492,0.482181,0.003051,0.0015255,False
dark 0.25,apple-macos-27.0-2x-dark-standard-glass0.25,webgpu,checkerboard__rrect-ml__inactive,probe,gate,C,inactive,thick,t1InteriorStdDev,0.0161041,0.0241507,1.49966,2.63366,miss,0.350643,0.0161041,0.0241507,1.49966,0.00305527,0.00152764,False
dark 0.25,apple-macos-27.0-2x-dark-standard-glass0.25,webgpu,hc-text-28__rrect-lg__rest,probe,gate,C,rest,thick,t1InteriorStdDev,0.0419167,0.0324742,0.774732,-2.62845,miss,0.232545,0.0419167,0.0324742,0.774732,0.00359243,0.00179621,False
dark 0.25,apple-macos-27.0-2x-dark-standard-glass0.25,webgpu,hc-text-28__rrect-md__inactive,probe,gate,C,inactive,mid,t1InteriorStdDev,0.0513166,0.0259219,0.505137,-7.58645,miss,0.624665,0.0513166,0.0259219,0.505137,0.00334737,0.00167369,False
dark 0.25,apple-macos-27.0-2x-dark-standard-glass0.25,webgpu,hc-text-28__rrect-md__rest,probe,gate,C,rest,mid,t1InteriorStdDev,0.0911541,0.0361656,0.396752,-16.7824,miss,0.873032,0.0911541,0.0361656,0.396752,0.00327656,0.00163828,False
dark 0.25,apple-macos-27.0-2x-dark-standard-glass0.25,webgpu,hc-text-28__rrect-sm__rest,probe,gate,C,rest,thin,t1InteriorStdDev,0.123091,0.0446078,0.362397,-22.507,miss,0.967685,0.123091,0.0446078,0.362397,0.00348707,0.00174353,False
dark 0.25,apple-macos-27.0-2x-dark-standard-glass0.25,webgpu,hc-text__rrect-lg__inactive,probe,gate,C,inactive,thick,t1InteriorStdDev,0.0163547,0.0283825,1.73543,3.4179,miss,0.473253,0.0163547,0.0283825,1.73543,0.00351905,0.00175953,False
dark 0.25,apple-macos-27.0-2x-dark-standard-glass0.25,webgpu,hc-text__rrect-lg__rest,probe,gate,C,rest,thick,t1InteriorStdDev,0.0244938,0.0282321,1.15262,1.00155,miss,0.124374,0.0244938,0.0282321,1.15262,0.0037325,0.00186625,False
dark 0.25,apple-macos-27.0-2x-dark-standard-glass0.25,webgpu,hc-text__rrect-sm__inactive,probe,gate,C,inactive,thin,t1InteriorStdDev,0.0198325,0.0454794,2.29317,6.90276,miss,0.736749,0.0198325,0.0454794,2.29317,0.00371545,0.00185772,False
dark 0.25,apple-macos-27.0-2x-dark-standard-glass0.25,webgpu,hc-text__rrect-sm__rest,probe,gate,C,rest,thin,t1InteriorStdDev,0.101036,0.036887,0.365087,-15.6011,miss,0.941826,0.101036,0.036887,0.365087,0.00411184,0.00205592,False
dark 0.25,apple-macos-27.0-2x-dark-standard-glass0.25,webgpu,impulse__capsule-button__inactive,validation,gate,C,inactive,thin,t1InteriorStdDev,0,0.0101159,,15.254,miss,2.78834,0,0.0101159,,0.000663162,0.000331581,False
dark 0.25,apple-macos-27.0-2x-dark-standard-glass0.25,webgpu,impulse__capsule-button__rest,validation,gate,C,rest,thin,t1InteriorStdDev,0.0241095,0.0185864,0.770917,-3.99401,miss,0.244184,0.0241095,0.0185864,0.770917,0.00138284,0.000691419,False
dark 0.25,apple-macos-27.0-2x-dark-standard-glass0.25,webgpu,impulse__rrect-lg__inactive,probe,gate,C,inactive,thick,t1InteriorStdDev,0.000587276,0.0016322,2.77927,1.81467,miss,0.641011,0.000587276,0.0016322,2.77927,0.000575821,0.00028791,False
dark 0.25,apple-macos-27.0-2x-dark-standard-glass0.25,webgpu,impulse__rrect-lg__rest,probe,gate,C,rest,thick,t1InteriorStdDev,0.0219448,0.0169578,0.772749,-3.95686,miss,0.241955,0.0219448,0.0169578,0.772749,0.00126034,0.000630169,False
dark 0.25,apple-macos-27.0-2x-dark-standard-glass0.25,webgpu,impulse__rrect-ml__inactive,probe,gate,C,inactive,thick,t1InteriorStdDev,0.000849012,0.00220745,2.60003,2.39665,miss,0.672675,0.000849012,0.00220745,2.60003,0.000566809,0.000283405,False
dark 0.25,apple-macos-27.0-2x-dark-standard-glass0.25,webgpu,impulse__rrect-ml__rest,probe,gate,C,rest,thick,t1InteriorStdDev,0.0219541,0.0176943,0.805971,-3.24989,miss,0.202236,0.0219541,0.0176943,0.805971,0.00131073,0.000655364,False
dark 0.25,apple-macos-27.0-2x-dark-standard-glass0.25,webgpu,impulse__rrect-sm__rest,probe,gate,C,rest,thin,t1InteriorStdDev,0.0261677,0.0186077,0.711094,-5.26368,miss,0.320032,0.0261677,0.0186077,0.711094,0.00143626,0.000718131,False
dark 0.25,apple-macos-27.0-2x-dark-standard-glass0.25,webgpu,checkerboard-4__capsule-button__rest,probe,gate,F,rest,thin,t1InteriorStdDev,0.106033,0.024434,0.230437,-24.3314,miss,1.3703,0.106033,0.024434,0.230437,0.00335366,0.00167683,False
dark 0.25,apple-macos-27.0-2x-dark-standard-glass0.25,webgpu,checkerboard-4__capsule-button__rest-tint-orange,probe,gate,F,rest,thin,t1InteriorStdDev,0.0260304,0.0156387,0.600787,-1.87543,miss,0.399208,0.0260304,0.0156387,0.600787,0.00554095,0.00277047,False
dark 0.25,apple-macos-27.0-2x-dark-standard-glass0.25,webgpu,checkerboard-4__rrect-lg__rest,probe,gate,F,rest,thick,t1InteriorStdDev,0.0147079,0.0172464,1.17259,0.762898,within,0.131688,0.0147079,0.0172464,1.17259,0.00332746,0.00166373,False
dark 0.25,apple-macos-27.0-2x-dark-standard-glass0.25,webgpu,checkerboard-4__rrect-md__inactive,probe,gate,F,inactive,mid,t1InteriorStdDev,0.00685146,0.01463,2.13531,2.40944,miss,0.571937,0.00685146,0.01463,2.13531,0.00322837,0.00161419,False
dark 0.25,apple-macos-27.0-2x-dark-standard-glass0.25,webgpu,checkerboard-4__rrect-md__rest,probe,gate,F,rest,mid,t1InteriorStdDev,0.0201637,0.0193957,0.96191,-0.223332,within,0.0330816,0.0201637,0.0193957,0.96191,0.00343901,0.00171951,False
dark 0.25,apple-macos-27.0-2x-dark-standard-glass0.25,webgpu,checkerboard-4__rrect-ml__rest,probe,gate,F,rest,thick,t1InteriorStdDev,0.0161703,0.0188272,1.1643,0.793108,within,0.127607,0.0161703,0.0188272,1.1643,0.00334988,0.00167494,False
dark 0.25,apple-macos-27.0-2x-dark-standard-glass0.25,webgpu,checkerboard-4__rrect-sm__rest,probe,gate,F,rest,thin,t1InteriorStdDev,0.104911,0.0304976,0.290699,-22.1757,miss,1.16257,0.104911,0.0304976,0.290699,0.00335565,0.00167783,False
dark 0.25,apple-macos-27.0-2x-dark-standard-glass0.25,webgpu,checkerboard-8__capsule-button__rest,probe,gate,F,rest,thin,t1InteriorStdDev,0.112367,0.0372143,0.331184,-22.8516,miss,1.04924,0.112367,0.0372143,0.331184,0.00328875,0.00164437,False
dark 0.25,apple-macos-27.0-2x-dark-standard-glass0.25,webgpu,checkerboard-8__capsule-button__rest-tint-orange,probe,gate,F,rest,thin,t1InteriorStdDev,0.026168,0.0161898,0.618689,-1.80185,miss,0.377915,0.026168,0.0161898,0.618689,0.00553771,0.00276886,False
dark 0.25,apple-macos-27.0-2x-dark-standard-glass0.25,webgpu,checkerboard-8__rrect-lg__inactive,probe,gate,F,inactive,thick,t1InteriorStdDev,0.00681866,0.0245517,3.60066,5.64462,miss,1.02259,0.00681866,0.0245517,3.60066,0.00314158,0.00157079,False
dark 0.25,apple-macos-27.0-2x-dark-standard-glass0.25,webgpu,checkerboard-8__rrect-lg__rest,probe,gate,F,rest,thick,t1InteriorStdDev,0.0149048,0.0257031,1.72449,3.25376,miss,0.465336,0.0149048,0.0257031,1.72449,0.00331872,0.00165936,False
dark 0.25,apple-macos-27.0-2x-dark-standard-glass0.25,webgpu,checkerboard-8__rrect-md__inactive,probe,gate,F,inactive,mid,t1InteriorStdDev,0.00709624,0.0232553,3.27713,5.01292,miss,0.942286,0.00709624,0.0232553,3.27713,0.00322348,0.00161174,False
dark 0.25,apple-macos-27.0-2x-dark-standard-glass0.25,webgpu,checkerboard-8__rrect-md__rest,probe,gate,F,rest,mid,t1InteriorStdDev,0.0491157,0.0289712,0.589857,-6.25395,miss,0.485971,0.0491157,0.0289712,0.589857,0.00322107,0.00161053,False
dark 0.25,apple-macos-27.0-2x-dark-standard-glass0.25,webgpu,checkerboard-8__rrect-ml__rest,probe,gate,F,rest,thick,t1InteriorStdDev,0.0170514,0.0275935,1.61825,3.15836,miss,0.416761,0.0170514,0.0275935,1.61825,0.00333783,0.00166892,False
dark 0.25,apple-macos-27.0-2x-dark-standard-glass0.25,webgpu,checkerboard-8__rrect-sm__rest,probe,gate,F,rest,thin,t1InteriorStdDev,0.113734,0.04389,0.385902,-21.2492,miss,0.908445,0.113734,0.04389,0.385902,0.00328688,0.00164344,False
dark 0.25,apple-macos-27.0-2x-dark-standard-glass0.25,webgpu,photo__capsule-button__inactive,calibration,gate,P,inactive,thin,t1InteriorStdDev,0.0454166,0.00940387,0.207058,-10.1953,miss,1.33075,0.0454166,0.00940387,0.207058,0.00353227,0.00176613,False
dark 0.25,apple-macos-27.0-2x-dark-standard-glass0.25,webgpu,photo__capsule-button__inactive-pressed,recorded,gate,P,inactive,thin,t1InteriorStdDev,0.0454166,0.0778197,1.71347,9.17347,miss,0.50801,0.0454166,0.0778197,1.71347,0.00353227,0.00176613,False
dark 0.25,apple-macos-27.0-2x-dark-standard-glass0.25,webgpu,photo__capsule-button__inactive-tint-orange,calibration,gate,P,inactive,thin,t1InteriorStdDev,0.0476533,0.0120487,0.25284,-8.21681,miss,1.15481,0.0476533,0.0120487,0.25284,0.00433314,0.00216657,False
dark 0.25,apple-macos-27.0-2x-dark-standard-glass0.25,webgpu,photo__capsule-button__pressed,recorded,gate,P,rest,thin,t1InteriorStdDev,0.0504117,0.0778938,1.54515,7.33181,miss,0.410403,0.0504117,0.0778938,1.54515,0.00374834,0.00187417,False
dark 0.25,apple-macos-27.0-2x-dark-standard-glass0.25,webgpu,photo__capsule-button__rest,calibration,gate,P,rest,thin,t1InteriorStdDev,0.0504117,0.0170922,0.339053,-8.88912,miss,0.955042,0.0504117,0.0170922,0.339053,0.00374834,0.00187417,False
dark 0.25,apple-macos-27.0-2x-dark-standard-glass0.25,webgpu,photo__capsule-button__rest-tint-orange,calibration,gate,P,rest,thin,t1InteriorStdDev,0.0206713,0.00821448,0.397385,-2.24283,miss,0.644342,0.0206713,0.00821448,0.397385,0.00555407,0.00277704,False
dark 0.25,apple-macos-27.0-2x-dark-standard-glass0.25,webgpu,photo__glass-over-glass__inactive,holdout,holdout,P,inactive,thick,t1InteriorStdDev,0.0435791,0.0118709,0.272398,-9.70958,miss,1.12973,0.0435791,0.0118709,0.272398,0.00326567,0.00163283,False
dark 0.25,apple-macos-27.0-2x-dark-standard-glass0.25,webgpu,photo__rrect-lg__inactive,holdout,holdout,P,inactive,thick,t1InteriorStdDev,0.046569,0.0118617,0.254713,-10.5442,miss,1.19101,0.046569,0.0118617,0.254713,0.0032916,0.0016458,False
dark 0.25,apple-macos-27.0-2x-dark-standard-glass0.25,webgpu,photo__rrect-lg__rest,holdout,holdout,P,rest,thick,t1InteriorStdDev,0.0485572,0.0137339,0.28284,-10.2478,miss,1.10943,0.0485572,0.0137339,0.28284,0.00339812,0.00169906,False
dark 0.25,apple-macos-27.0-2x-dark-standard-glass0.25,webgpu,photo__rrect-md__inactive,calibration,gate,P,inactive,mid,t1InteriorStdDev,0.040469,0.0106604,0.263421,-9.12474,miss,1.14432,0.040469,0.0106604,0.263421,0.00326679,0.0016334,False
dark 0.25,apple-macos-27.0-2x-dark-standard-glass0.25,webgpu,photo__rrect-md__rest,calibration,gate,P,rest,mid,t1InteriorStdDev,0.0451426,0.0150561,0.333523,-8.70438,miss,0.965154,0.0451426,0.0150561,0.333523,0.00345648,0.00172824,False
dark 0.25,apple-macos-27.0-2x-dark-standard-glass0.25,webgpu,photo__rrect-ml__inactive,probe,gate,P,inactive,thick,t1InteriorStdDev,0.0460778,0.0126964,0.275542,-10.2938,miss,1.12956,0.0460778,0.0126964,0.275542,0.00324286,0.00162143,False
dark 0.25,apple-macos-27.0-2x-dark-standard-glass0.25,webgpu,hc-text-7__rrect-lg__rest,probe,gate,T,rest,thick,t1FineStdDev,0.0014035,0.00428892,3.05587,0.768692,within,0.444362,0.0240937,0.0244789,1.01599,0.00375367,0.00187683,False
dark 0.25,apple-macos-27.0-2x-dark-standard-glass0.25,webgpu,hc-text-7__rrect-md__inactive,probe,gate,T,inactive,mid,t1FineStdDev,0.0015092,0.00370416,2.45438,0.609415,within,0.357298,0.0182212,0.0172401,0.946154,0.00360175,0.00180088,False
dark 0.25,apple-macos-27.0-2x-dark-standard-glass0.25,webgpu,hc-text-7__rrect-md__rest,probe,gate,T,rest,mid,t1FineStdDev,0.0166923,0.00554236,0.332031,-2.99021,miss,0.78966,0.0365764,0.0226023,0.617947,0.00372882,0.00186441,False
dark 0.25,apple-macos-27.0-2x-dark-standard-glass0.25,webgpu,hc-text-7__rrect-sm__rest,probe,gate,T,rest,thin,t1FineStdDev,0.0811963,0.0109192,0.13448,-18.0266,miss,1.74794,0.121006,0.0387522,0.32025,0.00389853,0.00194926,False
dark 0.5,apple-macos-27.0-1x-dark-standard-glass0.5,css,checkerboard-32__capsule-button__rest,probe,gate,C,rest,thin,t1InteriorStdDev,0.100309,0.0283911,0.283037,-21.0531,miss,1.18205,0.100309,0.0283911,0.283037,0.00341601,0.001708,True
dark 0.5,apple-macos-27.0-1x-dark-standard-glass0.5,css,checkerboard-32__capsule-button__rest-tint-orange,probe,gate,C,rest,thin,t1InteriorStdDev,0.0251433,0.00888739,0.353469,-2.93448,miss,0.754604,0.0251433,0.00888739,0.353469,0.00553962,0.00276981,True
dark 0.5,apple-macos-27.0-1x-dark-standard-glass0.5,css,checkerboard-32__rrect-lg__inactive,probe,gate,C,inactive,thick,t1InteriorStdDev,0.0309719,0.00981427,0.316877,-7.36917,miss,0.981282,0.0309719,0.00981427,0.316877,0.0028711,0.00143555,True
dark 0.5,apple-macos-27.0-1x-dark-standard-glass0.5,css,checkerboard-32__rrect-lg__rest,probe,gate,C,rest,thick,t1InteriorStdDev,0.0361188,0.0131023,0.362756,-7.65125,miss,0.88734,0.0361188,0.0131023,0.362756,0.00300819,0.0015041,True
dark 0.5,apple-macos-27.0-1x-dark-standard-glass0.5,css,checkerboard-32__rrect-md__rest,probe,gate,C,rest,mid,t1InteriorStdDev,0.0506031,0.018806,0.371638,-10.4505,miss,0.898262,0.0506031,0.018806,0.371638,0.00304265,0.00152132,True
dark 0.5,apple-macos-27.0-1x-dark-standard-glass0.5,css,checkerboard-32__rrect-ml__rest,probe,gate,C,rest,thick,t1InteriorStdDev,0.0448809,0.0170454,0.379793,-9.39439,miss,0.87179,0.0448809,0.0170454,0.379793,0.00296299,0.0014815,True
dark 0.5,apple-macos-27.0-1x-dark-standard-glass0.5,css,checkerboard-32__rrect-sm__rest,probe,gate,C,rest,thin,t1InteriorStdDev,0.100669,0.0311097,0.309031,-20.3092,miss,1.10333,0.100669,0.0311097,0.309031,0.003425,0.0017125,True
dark 0.5,apple-macos-27.0-1x-dark-standard-glass0.5,css,checkerboard-64__capsule-button__rest,probe,gate,C,rest,thin,t1InteriorStdDev,0.167971,0.0364047,0.216732,-33.1193,miss,1.4489,0.167971,0.0364047,0.216732,0.0039725,0.00198625,True
dark 0.5,apple-macos-27.0-1x-dark-standard-glass0.5,css,checkerboard-64__capsule-button__rest-tint-orange,probe,gate,C,rest,thin,t1InteriorStdDev,0.0333566,0.00923437,0.276838,-4.35596,miss,0.968107,0.0333566,0.00923437,0.276838,0.00553774,0.00276887,True
dark 0.5,apple-macos-27.0-1x-dark-standard-glass0.5,css,checkerboard-64__rrect-lg__inactive,probe,gate,C,inactive,thick,t1InteriorStdDev,0.0639434,0.0142846,0.223395,-17.9443,miss,1.3641,0.0639434,0.0142846,0.223395,0.00276739,0.00138369,True
dark 0.5,apple-macos-27.0-1x-dark-standard-glass0.5,css,checkerboard-64__rrect-lg__rest,probe,gate,C,rest,thick,t1InteriorStdDev,0.0678705,0.0204,0.300572,-16.4777,miss,1.11154,0.0678705,0.0204,0.300572,0.00288089,0.00144045,True
dark 0.5,apple-macos-27.0-1x-dark-standard-glass0.5,css,checkerboard-64__rrect-md__inactive,probe,gate,C,inactive,mid,t1InteriorStdDev,0.0668261,0.0182345,0.272865,-17.3161,miss,1.19677,0.0668261,0.0182345,0.272865,0.00280615,0.00140308,True
dark 0.5,apple-macos-27.0-1x-dark-standard-glass0.5,css,checkerboard-64__rrect-md__rest,probe,gate,C,rest,mid,t1InteriorStdDev,0.0803364,0.0239887,0.298603,-19.7075,miss,1.13101,0.0803364,0.0239887,0.298603,0.0028592,0.0014296,True
dark 0.5,apple-macos-27.0-1x-dark-standard-glass0.5,css,checkerboard-64__rrect-ml__rest,probe,gate,C,rest,thick,t1InteriorStdDev,0.0663092,0.0208612,0.314605,-15.9074,miss,1.07027,0.0663092,0.0208612,0.314605,0.00285704,0.00142852,True
dark 0.5,apple-macos-27.0-1x-dark-standard-glass0.5,css,checkerboard-64__rrect-sm__rest,probe,gate,C,rest,thin,t1InteriorStdDev,0.0691224,0.0134995,0.195298,-10.5512,miss,1.37705,0.0691224,0.0134995,0.195298,0.00527172,0.00263586,True
dark 0.5,apple-macos-27.0-1x-dark-standard-glass0.5,css,checkerboard-lc16__capsule-button__inactive,probe,gate,C,inactive,thin,t1InteriorStdDev,0.0174941,0.0165156,0.944066,-0.214592,within,0.0453838,0.0174941,0.0165156,0.944066,0.00455991,0.00227996,True
dark 0.5,apple-macos-27.0-1x-dark-standard-glass0.5,css,checkerboard-lc16__capsule-button__rest,probe,gate,C,rest,thin,t1InteriorStdDev,0.0412045,0.0139376,0.338254,-5.78245,miss,0.900891,0.0412045,0.0139376,0.338254,0.00471546,0.00235773,True
dark 0.5,apple-macos-27.0-1x-dark-standard-glass0.5,css,checkerboard-lc16__rrect-lg__rest,probe,gate,C,rest,thick,t1InteriorStdDev,0.0173379,0.00665906,0.384076,-2.91902,miss,0.710509,0.0173379,0.00665906,0.384076,0.00365836,0.00182918,True
dark 0.5,apple-macos-27.0-1x-dark-standard-glass0.5,css,checkerboard-lc16__rrect-md__inactive,probe,gate,C,inactive,mid,t1InteriorStdDev,0.00609835,0.00739582,1.21276,0.354777,within,0.124868,0.00609835,0.00739582,1.21276,0.00365713,0.00182856,True
dark 0.5,apple-macos-27.0-1x-dark-standard-glass0.5,css,checkerboard-lc16__rrect-md__rest,probe,gate,C,rest,mid,t1InteriorStdDev,0.0200858,0.00890819,0.443507,-2.86338,miss,0.627244,0.0200858,0.00890819,0.443507,0.00390363,0.00195182,True
dark 0.5,apple-macos-27.0-1x-dark-standard-glass0.5,css,checkerboard-lc16__rrect-ml__rest,probe,gate,C,rest,thick,t1InteriorStdDev,0.0190815,0.00652993,0.342212,-3.42405,miss,0.802484,0.0190815,0.00652993,0.342212,0.00366572,0.00183286,True
dark 0.5,apple-macos-27.0-1x-dark-standard-glass0.5,css,checkerboard-lc16__rrect-sm__rest,probe,gate,C,rest,thin,t1InteriorStdDev,0.0444762,0.017171,0.386072,-5.79456,miss,0.809938,0.0444762,0.017171,0.386072,0.00471221,0.0023561,True
dark 0.5,apple-macos-27.0-1x-dark-standard-glass0.5,css,checkerboard__capsule-button__inactive,calibration,gate,C,inactive,thin,t1InteriorStdDev,0.040472,0.0288569,0.713009,-3.45469,miss,0.307855,0.040472,0.0288569,0.713009,0.00336212,0.00168106,True
dark 0.5,apple-macos-27.0-1x-dark-standard-glass0.5,css,checkerboard__capsule-button__inactive-tint-orange,calibration,gate,C,inactive,thin,t1InteriorStdDev,0.0528859,0.00881495,0.166679,-10.292,miss,1.47361,0.0528859,0.00881495,0.166679,0.00428204,0.00214102,True
dark 0.5,apple-macos-27.0-1x-dark-standard-glass0.5,css,checkerboard__capsule-button__rest,calibration,gate,C,rest,thin,t1InteriorStdDev,0.0761674,0.0193286,0.253764,-16.8286,miss,1.25369,0.0761674,0.0193286,0.253764,0.00337752,0.00168876,True
dark 0.5,apple-macos-27.0-1x-dark-standard-glass0.5,css,checkerboard__capsule-button__rest-tint-orange,calibration,gate,C,rest,thin,t1InteriorStdDev,0.0249148,0.00659375,0.264651,-3.3096,miss,0.920466,0.0249148,0.00659375,0.264651,0.00553574,0.00276787,True
dark 0.5,apple-macos-27.0-1x-dark-standard-glass0.5,css,checkerboard__glass-over-glass__inactive,holdout,holdout,C,inactive,thick,t1InteriorStdDev,0.0129616,0.00837911,0.646457,-1.51012,miss,0.337537,0.0129616,0.00837911,0.646457,0.00303452,0.00151726,True
dark 0.5,apple-macos-27.0-1x-dark-standard-glass0.5,css,checkerboard__glass-over-glass__rest,holdout,holdout,C,rest,thick,t1InteriorStdDev,0.0324445,0.0129932,0.400474,-6.13829,miss,0.790056,0.0324445,0.0129932,0.400474,0.00316885,0.00158443,True
dark 0.5,apple-macos-27.0-1x-dark-standard-glass0.5,css,checkerboard__rrect-md__inactive,calibration,gate,C,inactive,mid,t1InteriorStdDev,0.010763,0.010696,0.993776,-0.0216555,within,0.00484597,0.010763,0.010696,0.993776,0.00309316,0.00154658,True
dark 0.5,apple-macos-27.0-1x-dark-standard-glass0.5,css,checkerboard__rrect-md__rest,calibration,gate,C,rest,mid,t1InteriorStdDev,0.038351,0.0136341,0.355507,-7.93629,miss,0.906552,0.038351,0.0136341,0.355507,0.00311442,0.00155721,True
dark 0.5,apple-macos-27.0-1x-dark-standard-glass0.5,css,checkerboard__rrect-ml__inactive,probe,gate,C,inactive,thick,t1InteriorStdDev,0.00755713,0.0092015,1.21759,0.547871,within,0.14474,0.00755713,0.0092015,1.21759,0.00300138,0.00150069,True
dark 0.5,apple-macos-27.0-1x-dark-standard-glass0.5,css,hc-text-28__rrect-lg__rest,probe,gate,C,rest,thick,t1InteriorStdDev,0.0242034,0.0208536,0.861599,-0.968254,within,0.129076,0.0242034,0.0208536,0.861599,0.00345961,0.00172981,True
dark 0.5,apple-macos-27.0-1x-dark-standard-glass0.5,css,hc-text-28__rrect-md__inactive,probe,gate,C,inactive,mid,t1InteriorStdDev,0.0214923,0.0173043,0.80514,-1.21966,miss,0.183943,0.0214923,0.0173043,0.80514,0.00343374,0.00171687,True
dark 0.5,apple-macos-27.0-1x-dark-standard-glass0.5,css,hc-text-28__rrect-md__rest,probe,gate,C,rest,mid,t1InteriorStdDev,0.0535621,0.0202747,0.378527,-9.7733,miss,0.877831,0.0535621,0.0202747,0.378527,0.00340595,0.00170298,True
dark 0.5,apple-macos-27.0-1x-dark-standard-glass0.5,css,hc-text-28__rrect-sm__rest,probe,gate,C,rest,thin,t1InteriorStdDev,0.0837504,0.0290896,0.347336,-14.9304,miss,0.981705,0.0837504,0.0290896,0.347336,0.00366105,0.00183052,True
dark 0.5,apple-macos-27.0-1x-dark-standard-glass0.5,css,hc-text__rrect-lg__inactive,probe,gate,C,inactive,thick,t1InteriorStdDev,0.0112137,0.0211024,1.88184,3.00977,miss,0.519991,0.0112137,0.0211024,1.88184,0.00328552,0.00164276,True
dark 0.5,apple-macos-27.0-1x-dark-standard-glass0.5,css,impulse__capsule-button__inactive,validation,gate,C,inactive,thin,t1InteriorStdDev,0.000272915,3.29272e-10,1.2065e-06,-0.436736,within,0.362374,0.000272915,3.29272e-10,1.2065e-06,0.000624896,0.000312448,True
dark 0.5,apple-macos-27.0-1x-dark-standard-glass0.5,css,impulse__capsule-button__rest,validation,gate,C,rest,thin,t1InteriorStdDev,0.0195673,0.00508444,0.259844,-10.8909,miss,1.18109,0.0195673,0.00508444,0.259844,0.00132982,0.000664908,True
dark 0.5,apple-macos-27.0-1x-dark-standard-glass0.5,css,impulse__rrect-lg__inactive,probe,gate,C,inactive,thick,t1InteriorStdDev,0.000368054,0.00741615,20.1496,12.1253,miss,2.13112,0.000368054,0.00741615,20.1496,0.00058127,0.000290635,True
dark 0.5,apple-macos-27.0-1x-dark-standard-glass0.5,css,impulse__rrect-ml__inactive,probe,gate,C,inactive,thick,t1InteriorStdDev,0.000273981,0.000226814,0.827845,-0.082945,within,0.0576033,0.000273981,0.000226814,0.827845,0.000568657,0.000284328,True
dark 0.5,apple-macos-27.0-1x-dark-standard-glass0.5,css,checkerboard-4__capsule-button__rest,probe,gate,F,rest,thin,t1InteriorStdDev,0.0633884,0.00952062,0.150195,-15.1452,miss,1.63299,0.0633884,0.00952062,0.150195,0.00355675,0.00177838,True
dark 0.5,apple-macos-27.0-1x-dark-standard-glass0.5,css,checkerboard-4__capsule-button__rest-tint-orange,probe,gate,F,rest,thin,t1InteriorStdDev,0.0245939,0.00571361,0.232319,-3.40494,miss,0.984684,0.0245939,0.00571361,0.232319,0.00554497,0.00277249,True
dark 0.5,apple-macos-27.0-1x-dark-standard-glass0.5,css,checkerboard-4__rrect-lg__rest,probe,gate,F,rest,thick,t1InteriorStdDev,0.0150285,0.00482349,0.320955,-3.20263,miss,0.821561,0.0150285,0.00482349,0.320955,0.00318646,0.00159323,True
dark 0.5,apple-macos-27.0-1x-dark-standard-glass0.5,css,checkerboard-4__rrect-md__inactive,probe,gate,F,inactive,mid,t1InteriorStdDev,0.00829634,0.00603937,0.727957,-0.719348,within,0.21989,0.00829634,0.00603937,0.727957,0.00313752,0.00156876,True
dark 0.5,apple-macos-27.0-1x-dark-standard-glass0.5,css,checkerboard-4__rrect-md__rest,probe,gate,F,rest,mid,t1InteriorStdDev,0.0266614,0.0056712,0.212712,-6.43846,miss,1.20901,0.0266614,0.0056712,0.212712,0.00326013,0.00163006,True
dark 0.5,apple-macos-27.0-1x-dark-standard-glass0.5,css,checkerboard-4__rrect-ml__rest,probe,gate,F,rest,thick,t1InteriorStdDev,0.0178528,0.005179,0.290095,-3.97356,miss,0.922057,0.0178528,0.005179,0.290095,0.00318952,0.00159476,True
dark 0.5,apple-macos-27.0-1x-dark-standard-glass0.5,css,checkerboard-4__rrect-sm__rest,probe,gate,F,rest,thin,t1InteriorStdDev,0.0630926,0.0108682,0.172258,-14.6026,miss,1.52942,0.0630926,0.0108682,0.172258,0.00357638,0.00178819,True
dark 0.5,apple-macos-27.0-1x-dark-standard-glass0.5,css,checkerboard-8__capsule-button__rest,probe,gate,F,rest,thin,t1InteriorStdDev,0.0716326,0.011318,0.158001,-17.441,miss,1.62568,0.0716326,0.011318,0.158001,0.00345821,0.00172911,True
dark 0.5,apple-macos-27.0-1x-dark-standard-glass0.5,css,checkerboard-8__capsule-button__rest-tint-orange,probe,gate,F,rest,thin,t1InteriorStdDev,0.0247857,0.00272117,0.109788,-3.98269,miss,1.30042,0.0247857,0.00272117,0.109788,0.00554009,0.00277005,True
dark 0.5,apple-macos-27.0-1x-dark-standard-glass0.5,css,checkerboard-8__rrect-lg__inactive,probe,gate,F,inactive,thick,t1InteriorStdDev,0.0117085,0.00623258,0.532312,-1.83883,miss,0.466579,0.0117085,0.00623258,0.532312,0.00297793,0.00148897,True
dark 0.5,apple-macos-27.0-1x-dark-standard-glass0.5,css,checkerboard-8__rrect-lg__rest,probe,gate,F,rest,thick,t1InteriorStdDev,0.0209043,0.00512706,0.245264,-5.05274,miss,1.06901,0.0209043,0.00512706,0.245264,0.0031225,0.00156125,True
dark 0.5,apple-macos-27.0-1x-dark-standard-glass0.5,css,checkerboard-8__rrect-md__inactive,probe,gate,F,inactive,mid,t1InteriorStdDev,0.00831643,0.00642644,0.77274,-0.604018,within,0.180479,0.00831643,0.00642644,0.77274,0.00312903,0.00156451,True
dark 0.5,apple-macos-27.0-1x-dark-standard-glass0.5,css,checkerboard-8__rrect-md__rest,probe,gate,F,rest,mid,t1InteriorStdDev,0.0274945,0.00677528,0.246423,-6.4161,miss,1.122,0.0274945,0.00677528,0.246423,0.00322926,0.00161463,True
dark 0.5,apple-macos-27.0-1x-dark-standard-glass0.5,css,checkerboard-8__rrect-ml__rest,probe,gate,F,rest,thick,t1InteriorStdDev,0.0161694,0.00551657,0.341173,-3.316,miss,0.797678,0.0161694,0.00551657,0.341173,0.00321256,0.00160628,True
dark 0.5,apple-macos-27.0-1x-dark-standard-glass0.5,css,checkerboard-8__rrect-sm__rest,probe,gate,F,rest,thin,t1InteriorStdDev,0.0731178,0.0116811,0.159757,-17.8513,miss,1.62187,0.0731178,0.0116811,0.159757,0.00344158,0.00172079,True
dark 0.5,apple-macos-27.0-1x-dark-standard-glass0.5,css,photo__capsule-button__inactive,calibration,gate,P,inactive,thin,t1InteriorStdDev,0.0427103,0.0108502,0.254041,-9.03532,miss,1.16818,0.0427103,0.0108502,0.254041,0.00352617,0.00176309,True
dark 0.5,apple-macos-27.0-1x-dark-standard-glass0.5,css,photo__capsule-button__inactive-tint-orange,calibration,gate,P,inactive,thin,t1InteriorStdDev,0.0450641,0.0033752,0.0748977,-9.61283,miss,1.85719,0.0450641,0.0033752,0.0748977,0.0043368,0.0021684,True
dark 0.5,apple-macos-27.0-1x-dark-standard-glass0.5,css,photo__capsule-button__rest,calibration,gate,P,rest,thin,t1InteriorStdDev,0.0461066,0.0095113,0.206289,-9.78141,miss,1.32478,0.0461066,0.0095113,0.206289,0.00374132,0.00187066,True
dark 0.5,apple-macos-27.0-1x-dark-standard-glass0.5,css,photo__capsule-button__rest-tint-orange,calibration,gate,P,rest,thin,t1InteriorStdDev,0.0201603,0.00674727,0.334681,-2.41757,miss,0.737593,0.0201603,0.00674727,0.334681,0.00554813,0.00277407,True
dark 0.5,apple-macos-27.0-1x-dark-standard-glass0.5,css,photo__glass-over-glass__inactive,holdout,holdout,P,inactive,thick,t1InteriorStdDev,0.0377814,0.00962653,0.254796,-8.91641,miss,1.16388,0.0377814,0.00962653,0.254796,0.00315765,0.00157882,True
dark 0.5,apple-macos-27.0-1x-dark-standard-glass0.5,css,photo__rrect-lg__inactive,holdout,holdout,P,inactive,thick,t1InteriorStdDev,0.0404488,0.0089258,0.220669,-9.90781,miss,1.28194,0.0404488,0.0089258,0.220669,0.00318164,0.00159082,True
dark 0.5,apple-macos-27.0-1x-dark-standard-glass0.5,css,photo__rrect-lg__rest,holdout,holdout,P,rest,thick,t1InteriorStdDev,0.0417214,0.00914402,0.219169,-9.88618,miss,1.28617,0.0417214,0.00914402,0.219169,0.00329524,0.00164762,True
dark 0.5,apple-macos-27.0-1x-dark-standard-glass0.5,css,photo__rrect-md__inactive,calibration,gate,P,inactive,mid,t1InteriorStdDev,0.0343521,0.0076963,0.224041,-8.41329,miss,1.23938,0.0343521,0.0076963,0.224041,0.0031683,0.00158415,True
dark 0.5,apple-macos-27.0-1x-dark-standard-glass0.5,css,photo__rrect-md__rest,calibration,gate,P,rest,mid,t1InteriorStdDev,0.0389155,0.0089179,0.22916,-8.89419,miss,1.23567,0.0389155,0.0089179,0.22916,0.00337272,0.00168636,True
dark 0.5,apple-macos-27.0-1x-dark-standard-glass0.5,css,photo__rrect-ml__inactive,probe,gate,P,inactive,thick,t1InteriorStdDev,0.0391645,0.00973435,0.24855,-9.40682,miss,1.19027,0.0391645,0.00973435,0.24855,0.0031286,0.0015643,True
dark 0.5,apple-macos-27.0-1x-dark-standard-glass0.5,css,hc-text-7__rrect-lg__rest,probe,gate,T,rest,thick,t1FineStdDev,0.0104972,0.00760107,0.724105,-0.820028,within,0.231225,0.019332,0.018563,0.960222,0.00353173,0.00176587,True
dark 0.5,apple-macos-27.0-1x-dark-standard-glass0.5,css,hc-text-7__rrect-md__inactive,probe,gate,T,inactive,mid,t1FineStdDev,0.010161,0.0176731,1.73931,2.16857,miss,0.439123,0.0161671,0.0114289,0.70692,0.00346409,0.00173205,True
dark 0.5,apple-macos-27.0-1x-dark-standard-glass0.5,css,hc-text-7__rrect-md__rest,probe,gate,T,rest,mid,t1FineStdDev,0.0199553,0.0135547,0.679251,-1.76427,miss,0.316639,0.0283153,0.0102344,0.361445,0.00362793,0.00181397,True
dark 0.5,apple-macos-27.0-1x-dark-standard-glass0.5,css,hc-text-7__rrect-sm__rest,probe,gate,T,rest,thin,t1FineStdDev,0.0516945,0.0108277,0.209456,-9.9514,miss,1.31813,0.0676771,0.0172741,0.255243,0.00410663,0.00205332,True
dark 0.5,apple-macos-27.0-1x-dark-standard-glass0.5,webgpu,checkerboard-32__capsule-button__rest,probe,gate,C,rest,thin,t1InteriorStdDev,0.100309,0.0466914,0.465477,-15.6959,miss,0.727572,0.100309,0.0466914,0.465477,0.00341601,0.001708,True
dark 0.5,apple-macos-27.0-1x-dark-standard-glass0.5,webgpu,checkerboard-32__capsule-button__rest-tint-orange,probe,gate,C,rest,thin,t1InteriorStdDev,0.0251433,0.0217206,0.863873,-0.617855,within,0.118277,0.0251433,0.0217206,0.863873,0.00553962,0.00276981,True
dark 0.5,apple-macos-27.0-1x-dark-standard-glass0.5,webgpu,checkerboard-32__rrect-lg__inactive,probe,gate,C,inactive,thick,t1InteriorStdDev,0.0309719,0.0236817,0.76462,-2.53916,miss,0.242596,0.0309719,0.0236817,0.76462,0.0028711,0.00143555,True
dark 0.5,apple-macos-27.0-1x-dark-standard-glass0.5,webgpu,checkerboard-32__rrect-lg__rest,probe,gate,C,rest,thick,t1InteriorStdDev,0.0361188,0.0292249,0.809134,-2.29169,miss,0.193817,0.0361188,0.0292249,0.809134,0.00300819,0.0015041,True
dark 0.5,apple-macos-27.0-1x-dark-standard-glass0.5,webgpu,checkerboard-32__rrect-md__rest,probe,gate,C,rest,mid,t1InteriorStdDev,0.0506031,0.0356929,0.705349,-4.90043,miss,0.325646,0.0506031,0.0356929,0.705349,0.00304265,0.00152132,True
dark 0.5,apple-macos-27.0-1x-dark-standard-glass0.5,webgpu,checkerboard-32__rrect-ml__rest,probe,gate,C,rest,thick,t1InteriorStdDev,0.0448809,0.0338083,0.753288,-3.73699,miss,0.263228,0.0448809,0.0338083,0.753288,0.00296299,0.0014815,True
dark 0.5,apple-macos-27.0-1x-dark-standard-glass0.5,webgpu,checkerboard-32__rrect-sm__rest,probe,gate,C,rest,thin,t1InteriorStdDev,0.100669,0.0557433,0.55373,-13.1169,miss,0.564906,0.100669,0.0557433,0.55373,0.003425,0.0017125,True
dark 0.5,apple-macos-27.0-1x-dark-standard-glass0.5,webgpu,checkerboard-64__capsule-button__rest,probe,gate,C,rest,thin,t1InteriorStdDev,0.167971,0.0465041,0.276858,-30.577,miss,1.22566,0.167971,0.0465041,0.276858,0.0039725,0.00198625,True
dark 0.5,apple-macos-27.0-1x-dark-standard-glass0.5,webgpu,checkerboard-64__capsule-button__rest-tint-orange,probe,gate,C,rest,thin,t1InteriorStdDev,0.0333566,0.0252658,0.757448,-1.46101,miss,0.233217,0.0333566,0.0252658,0.757448,0.00553774,0.00276887,True
dark 0.5,apple-macos-27.0-1x-dark-standard-glass0.5,webgpu,checkerboard-64__rrect-lg__inactive,probe,gate,C,inactive,thick,t1InteriorStdDev,0.0639434,0.0299236,0.46797,-12.2931,miss,0.713268,0.0639434,0.0299236,0.46797,0.00276739,0.00138369,True
dark 0.5,apple-macos-27.0-1x-dark-standard-glass0.5,webgpu,checkerboard-64__rrect-lg__rest,probe,gate,C,rest,thick,t1InteriorStdDev,0.0678705,0.033724,0.496888,-11.8528,miss,0.65899,0.0678705,0.033724,0.496888,0.00288089,0.00144045,True
dark 0.5,apple-macos-27.0-1x-dark-standard-glass0.5,webgpu,checkerboard-64__rrect-md__inactive,probe,gate,C,inactive,mid,t1InteriorStdDev,0.0668261,0.0345513,0.517032,-11.5015,miss,0.622697,0.0668261,0.0345513,0.517032,0.00280615,0.00140308,True
dark 0.5,apple-macos-27.0-1x-dark-standard-glass0.5,webgpu,checkerboard-64__rrect-md__rest,probe,gate,C,rest,mid,t1InteriorStdDev,0.0803364,0.0409695,0.509974,-13.7685,miss,0.640906,0.0803364,0.0409695,0.509974,0.0028592,0.0014296,True
dark 0.5,apple-macos-27.0-1x-dark-standard-glass0.5,webgpu,checkerboard-64__rrect-ml__rest,probe,gate,C,rest,thick,t1InteriorStdDev,0.0663092,0.0343258,0.517663,-11.1946,miss,0.620664,0.0663092,0.0343258,0.517663,0.00285704,0.00142852,True
dark 0.5,apple-macos-27.0-1x-dark-standard-glass0.5,webgpu,checkerboard-64__rrect-sm__rest,probe,gate,C,rest,thin,t1InteriorStdDev,0.0691224,0.0446989,0.646662,-4.63294,miss,0.397943,0.0691224,0.0446989,0.646662,0.00527172,0.00263586,True
dark 0.5,apple-macos-27.0-1x-dark-standard-glass0.5,webgpu,checkerboard-lc16__capsule-button__inactive,probe,gate,C,inactive,thin,t1InteriorStdDev,0.0174941,0.0261319,1.49375,1.89429,miss,0.330501,0.0174941,0.0261319,1.49375,0.00455991,0.00227996,True
dark 0.5,apple-macos-27.0-1x-dark-standard-glass0.5,webgpu,checkerboard-lc16__capsule-button__rest,probe,gate,C,rest,thin,t1InteriorStdDev,0.0412045,0.0341924,0.829822,-1.48704,miss,0.165703,0.0412045,0.0341924,0.829822,0.00471546,0.00235773,True
dark 0.5,apple-macos-27.0-1x-dark-standard-glass0.5,webgpu,checkerboard-lc16__rrect-lg__rest,probe,gate,C,rest,thick,t1InteriorStdDev,0.0173379,0.0204325,1.17849,0.845892,within,0.137487,0.0173379,0.0204325,1.17849,0.00365836,0.00182918,True
dark 0.5,apple-macos-27.0-1x-dark-standard-glass0.5,webgpu,checkerboard-lc16__rrect-md__inactive,probe,gate,C,inactive,mid,t1InteriorStdDev,0.00609835,0.0159365,2.61325,2.69014,miss,0.697377,0.00609835,0.0159365,2.61325,0.00365713,0.00182856,True
dark 0.5,apple-macos-27.0-1x-dark-standard-glass0.5,webgpu,checkerboard-lc16__rrect-md__rest,probe,gate,C,rest,mid,t1InteriorStdDev,0.0200858,0.024255,1.20757,1.06803,miss,0.160241,0.0200858,0.024255,1.20757,0.00390363,0.00195182,True
dark 0.5,apple-macos-27.0-1x-dark-standard-glass0.5,webgpu,checkerboard-lc16__rrect-ml__rest,probe,gate,C,rest,thick,t1InteriorStdDev,0.0190815,0.0221254,1.15952,0.830359,within,0.125586,0.0190815,0.0221254,1.15952,0.00366572,0.00183286,True
dark 0.5,apple-macos-27.0-1x-dark-standard-glass0.5,webgpu,checkerboard-lc16__rrect-sm__rest,probe,gate,C,rest,thin,t1InteriorStdDev,0.0444762,0.0407915,0.917154,-0.781945,within,0.0778639,0.0444762,0.0407915,0.917154,0.00471221,0.0023561,True
dark 0.5,apple-macos-27.0-1x-dark-standard-glass0.5,webgpu,checkerboard__capsule-button__inactive,calibration,gate,C,inactive,thin,t1InteriorStdDev,0.040472,0.0452663,1.11846,1.42596,miss,0.103795,0.040472,0.0452663,1.11846,0.00336212,0.00168106,True
dark 0.5,apple-macos-27.0-1x-dark-standard-glass0.5,webgpu,checkerboard__capsule-button__inactive-tint-orange,calibration,gate,C,inactive,thin,t1InteriorStdDev,0.0528859,0.0630961,1.19306,2.38443,miss,0.164328,0.0528859,0.0630961,1.19306,0.00428204,0.00214102,True
dark 0.5,apple-macos-27.0-1x-dark-standard-glass0.5,webgpu,checkerboard__capsule-button__rest,calibration,gate,C,rest,thin,t1InteriorStdDev,0.0761674,0.0478921,0.628775,-8.3716,miss,0.439223,0.0761674,0.0478921,0.628775,0.00337752,0.00168876,True
dark 0.5,apple-macos-27.0-1x-dark-standard-glass0.5,webgpu,checkerboard__capsule-button__rest-tint-orange,calibration,gate,C,rest,thin,t1InteriorStdDev,0.0249148,0.0228355,0.916544,-0.375614,within,0.0707278,0.0249148,0.0228355,0.916544,0.00553574,0.00276787,True
dark 0.5,apple-macos-27.0-1x-dark-standard-glass0.5,webgpu,checkerboard__glass-over-glass__inactive,holdout,holdout,C,inactive,thick,t1InteriorStdDev,0.0129616,0.0239399,1.84698,3.61779,miss,0.522542,0.0129616,0.0239399,1.84698,0.00303452,0.00151726,True
dark 0.5,apple-macos-27.0-1x-dark-standard-glass0.5,webgpu,checkerboard__glass-over-glass__rest,holdout,holdout,C,rest,thick,t1InteriorStdDev,0.0324445,0.0322718,0.994675,-0.054521,within,0.00486304,0.0324445,0.0322718,0.994675,0.00316885,0.00158443,True
dark 0.5,apple-macos-27.0-1x-dark-standard-glass0.5,webgpu,checkerboard__rrect-md__inactive,calibration,gate,C,inactive,mid,t1InteriorStdDev,0.010763,0.0277329,2.57669,5.48627,miss,0.799631,0.010763,0.0277329,2.57669,0.00309316,0.00154658,True
dark 0.5,apple-macos-27.0-1x-dark-standard-glass0.5,webgpu,checkerboard__rrect-md__rest,calibration,gate,C,rest,mid,t1InteriorStdDev,0.038351,0.0374323,0.976045,-0.29498,within,0.0224047,0.038351,0.0374323,0.976045,0.00311442,0.00155721,True
dark 0.5,apple-macos-27.0-1x-dark-standard-glass0.5,webgpu,checkerboard__rrect-ml__inactive,probe,gate,C,inactive,thick,t1InteriorStdDev,0.00755713,0.0258957,3.42666,6.11004,miss,1.00681,0.00755713,0.0258957,3.42666,0.00300138,0.00150069,True
dark 0.5,apple-macos-27.0-1x-dark-standard-glass0.5,webgpu,hc-text-28__rrect-lg__rest,probe,gate,C,rest,thick,t1InteriorStdDev,0.0242034,0.0310108,1.28126,1.96766,miss,0.220004,0.0242034,0.0310108,1.28126,0.00345961,0.00172981,True
dark 0.5,apple-macos-27.0-1x-dark-standard-glass0.5,webgpu,hc-text-28__rrect-md__inactive,probe,gate,C,inactive,mid,t1InteriorStdDev,0.0214923,0.0256916,1.19539,1.22296,miss,0.155696,0.0214923,0.0256916,1.19539,0.00343374,0.00171687,True
dark 0.5,apple-macos-27.0-1x-dark-standard-glass0.5,webgpu,hc-text-28__rrect-md__rest,probe,gate,C,rest,mid,t1InteriorStdDev,0.0535621,0.0354504,0.661855,-5.31767,miss,0.38262,0.0535621,0.0354504,0.661855,0.00340595,0.00170298,True
dark 0.5,apple-macos-27.0-1x-dark-standard-glass0.5,webgpu,hc-text-28__rrect-sm__rest,probe,gate,C,rest,thin,t1InteriorStdDev,0.0837504,0.0503403,0.601075,-9.12585,miss,0.481618,0.0837504,0.0503403,0.601075,0.00366105,0.00183052,True
dark 0.5,apple-macos-27.0-1x-dark-standard-glass0.5,webgpu,hc-text__rrect-lg__inactive,probe,gate,C,inactive,thick,t1InteriorStdDev,0.0112137,0.0273757,2.44127,4.91917,miss,0.748904,0.0112137,0.0273757,2.44127,0.00328552,0.00164276,True
dark 0.5,apple-macos-27.0-1x-dark-standard-glass0.5,webgpu,impulse__capsule-button__inactive,validation,gate,C,inactive,thin,t1InteriorStdDev,0.000272915,0.0052754,19.3298,8.00531,miss,1.8828,0.000272915,0.0052754,19.3298,0.000624896,0.000312448,True
dark 0.5,apple-macos-27.0-1x-dark-standard-glass0.5,webgpu,impulse__capsule-button__rest,validation,gate,C,rest,thin,t1InteriorStdDev,0.0195673,0.0175418,0.896488,-1.5231,miss,0.101949,0.0195673,0.0175418,0.896488,0.00132982,0.000664908,True
dark 0.5,apple-macos-27.0-1x-dark-standard-glass0.5,webgpu,impulse__rrect-lg__inactive,probe,gate,C,inactive,thick,t1InteriorStdDev,0.000368054,0.00319476,8.68014,4.86299,miss,1.38068,0.000368054,0.00319476,8.68014,0.00058127,0.000290635,True
dark 0.5,apple-macos-27.0-1x-dark-standard-glass0.5,webgpu,impulse__rrect-ml__inactive,probe,gate,C,inactive,thick,t1InteriorStdDev,0.000273981,0.0039999,14.5992,6.55214,miss,1.69042,0.000273981,0.0039999,14.5992,0.000568657,0.000284328,True
dark 0.5,apple-macos-27.0-1x-dark-standard-glass0.5,webgpu,checkerboard-4__capsule-button__rest,probe,gate,F,rest,thin,t1InteriorStdDev,0.0633884,0.0291712,0.460199,-9.62033,miss,0.715642,0.0633884,0.0291712,0.460199,0.00355675,0.00177838,True
dark 0.5,apple-macos-27.0-1x-dark-standard-glass0.5,webgpu,checkerboard-4__capsule-button__rest-tint-orange,probe,gate,F,rest,thin,t1InteriorStdDev,0.0245939,0.0229525,0.93326,-0.296015,within,0.0560002,0.0245939,0.0229525,0.93326,0.00554497,0.00277249,True
dark 0.5,apple-macos-27.0-1x-dark-standard-glass0.5,webgpu,checkerboard-4__rrect-lg__rest,probe,gate,F,rest,thick,t1InteriorStdDev,0.0150285,0.0176817,1.17654,0.832625,within,0.135977,0.0150285,0.0176817,1.17654,0.00318646,0.00159323,True
dark 0.5,apple-macos-27.0-1x-dark-standard-glass0.5,webgpu,checkerboard-4__rrect-md__inactive,probe,gate,F,inactive,mid,t1InteriorStdDev,0.00829634,0.0140479,1.69327,1.83317,miss,0.407485,0.00829634,0.0140479,1.69327,0.00313752,0.00156876,True
dark 0.5,apple-macos-27.0-1x-dark-standard-glass0.5,webgpu,checkerboard-4__rrect-md__rest,probe,gate,F,rest,mid,t1InteriorStdDev,0.0266614,0.0206016,0.772714,-1.85875,miss,0.226301,0.0266614,0.0206016,0.772714,0.00326013,0.00163006,True
dark 0.5,apple-macos-27.0-1x-dark-standard-glass0.5,webgpu,checkerboard-4__rrect-ml__rest,probe,gate,F,rest,thick,t1InteriorStdDev,0.0178528,0.0183122,1.02573,0.144028,within,0.0215964,0.0178528,0.0183122,1.02573,0.00318952,0.00159476,True
dark 0.5,apple-macos-27.0-1x-dark-standard-glass0.5,webgpu,checkerboard-4__rrect-sm__rest,probe,gate,F,rest,thin,t1InteriorStdDev,0.0630926,0.0343271,0.544075,-8.04318,miss,0.564696,0.0630926,0.0343271,0.544075,0.00357638,0.00178819,True
dark 0.5,apple-macos-27.0-1x-dark-standard-glass0.5,webgpu,checkerboard-8__capsule-button__rest,probe,gate,F,rest,thin,t1InteriorStdDev,0.0716326,0.039999,0.55839,-9.1474,miss,0.546922,0.0716326,0.039999,0.55839,0.00345821,0.00172911,True
dark 0.5,apple-macos-27.0-1x-dark-standard-glass0.5,webgpu,checkerboard-8__capsule-button__rest-tint-orange,probe,gate,F,rest,thin,t1InteriorStdDev,0.0247857,0.0236152,0.952775,-0.211278,within,0.0393622,0.0247857,0.0236152,0.952775,0.00554009,0.00277005,True
dark 0.5,apple-macos-27.0-1x-dark-standard-glass0.5,webgpu,checkerboard-8__rrect-lg__inactive,probe,gate,F,inactive,thick,t1InteriorStdDev,0.0117085,0.0236113,2.01659,3.99699,miss,0.593582,0.0117085,0.0236113,2.01659,0.00297793,0.00148897,True
dark 0.5,apple-macos-27.0-1x-dark-standard-glass0.5,webgpu,checkerboard-8__rrect-lg__rest,probe,gate,F,rest,thick,t1InteriorStdDev,0.0209043,0.0276504,1.32272,2.1605,miss,0.247467,0.0209043,0.0276504,1.32272,0.0031225,0.00156125,True
dark 0.5,apple-macos-27.0-1x-dark-standard-glass0.5,webgpu,checkerboard-8__rrect-md__inactive,probe,gate,F,inactive,mid,t1InteriorStdDev,0.00831643,0.0258096,3.10345,5.5906,miss,0.927584,0.00831643,0.0258096,3.10345,0.00312903,0.00156451,True
dark 0.5,apple-macos-27.0-1x-dark-standard-glass0.5,webgpu,checkerboard-8__rrect-md__rest,probe,gate,F,rest,mid,t1InteriorStdDev,0.0274945,0.0333126,1.21161,1.80167,miss,0.173421,0.0274945,0.0333126,1.21161,0.00322926,0.00161463,True
dark 0.5,apple-macos-27.0-1x-dark-standard-glass0.5,webgpu,checkerboard-8__rrect-ml__rest,probe,gate,F,rest,thick,t1InteriorStdDev,0.0161694,0.0301514,1.86472,4.3523,miss,0.543134,0.0161694,0.0301514,1.86472,0.00321256,0.00160628,True
dark 0.5,apple-macos-27.0-1x-dark-standard-glass0.5,webgpu,checkerboard-8__rrect-sm__rest,probe,gate,F,rest,thin,t1InteriorStdDev,0.0731178,0.0458002,0.626389,-7.93752,miss,0.441324,0.0731178,0.0458002,0.626389,0.00344158,0.00172079,True
dark 0.5,apple-macos-27.0-1x-dark-standard-glass0.5,webgpu,photo__capsule-button__inactive,calibration,gate,P,inactive,thin,t1InteriorStdDev,0.0427103,0.0100462,0.235216,-9.26334,miss,1.22574,0.0427103,0.0100462,0.235216,0.00352617,0.00176309,True
dark 0.5,apple-macos-27.0-1x-dark-standard-glass0.5,webgpu,photo__capsule-button__inactive-tint-orange,calibration,gate,P,inactive,thin,t1InteriorStdDev,0.0450641,0.0123699,0.274496,-7.53878,miss,1.08416,0.0450641,0.0123699,0.274496,0.0043368,0.0021684,True
dark 0.5,apple-macos-27.0-1x-dark-standard-glass0.5,webgpu,photo__capsule-button__rest,calibration,gate,P,rest,thin,t1InteriorStdDev,0.0461066,0.0205248,0.445159,-6.83766,miss,0.719897,0.0461066,0.0205248,0.445159,0.00374132,0.00187066,True
dark 0.5,apple-macos-27.0-1x-dark-standard-glass0.5,webgpu,photo__capsule-button__rest-tint-orange,calibration,gate,P,rest,thin,t1InteriorStdDev,0.0201603,0.0109484,0.543066,-1.66036,miss,0.44367,0.0201603,0.0109484,0.543066,0.00554813,0.00277407,True
dark 0.5,apple-macos-27.0-1x-dark-standard-glass0.5,webgpu,photo__glass-over-glass__inactive,holdout,holdout,P,inactive,thick,t1InteriorStdDev,0.0377814,0.011256,0.297925,-8.40036,miss,1.04391,0.0377814,0.011256,0.297925,0.00315765,0.00157882,True
dark 0.5,apple-macos-27.0-1x-dark-standard-glass0.5,webgpu,photo__rrect-lg__inactive,holdout,holdout,P,inactive,thick,t1InteriorStdDev,0.0404488,0.0108504,0.268249,-9.30291,miss,1.13442,0.0404488,0.0108504,0.268249,0.00318164,0.00159082,True
dark 0.5,apple-macos-27.0-1x-dark-standard-glass0.5,webgpu,photo__rrect-lg__rest,holdout,holdout,P,rest,thick,t1InteriorStdDev,0.0417214,0.0141685,0.339599,-8.3614,miss,0.946904,0.0417214,0.0141685,0.339599,0.00329524,0.00164762,True
dark 0.5,apple-macos-27.0-1x-dark-standard-glass0.5,webgpu,photo__rrect-md__inactive,calibration,gate,P,inactive,mid,t1InteriorStdDev,0.0343521,0.00955206,0.278063,-7.82756,miss,1.08168,0.0343521,0.00955206,0.278063,0.0031683,0.00158415,True
dark 0.5,apple-macos-27.0-1x-dark-standard-glass0.5,webgpu,photo__rrect-md__rest,calibration,gate,P,rest,mid,t1InteriorStdDev,0.0389155,0.0160573,0.41262,-6.77738,miss,0.777689,0.0389155,0.0160573,0.41262,0.00337272,0.00168636,True
dark 0.5,apple-macos-27.0-1x-dark-standard-glass0.5,webgpu,photo__rrect-ml__inactive,probe,gate,P,inactive,thick,t1InteriorStdDev,0.0391645,0.0114836,0.293214,-8.84771,miss,1.06277,0.0391645,0.0114836,0.293214,0.0031286,0.0015643,True
dark 0.5,apple-macos-27.0-1x-dark-standard-glass0.5,webgpu,hc-text-7__rrect-lg__rest,probe,gate,T,rest,thick,t1FineStdDev,0.0104972,0.0141554,1.34849,1.03581,miss,0.231716,0.019332,0.0253936,1.31355,0.00353173,0.00176587,True
dark 0.5,apple-macos-27.0-1x-dark-standard-glass0.5,webgpu,hc-text-7__rrect-md__inactive,probe,gate,T,inactive,mid,t1FineStdDev,0.010161,0.0191024,1.87998,2.58117,miss,0.504555,0.0161671,0.0177832,1.09996,0.00346409,0.00173205,True
dark 0.5,apple-macos-27.0-1x-dark-standard-glass0.5,webgpu,hc-text-7__rrect-md__rest,probe,gate,T,rest,mid,t1FineStdDev,0.0199553,0.0206199,1.03331,0.183194,within,0.0277919,0.0283153,0.0258619,0.913356,0.00362793,0.00181397,True
dark 0.5,apple-macos-27.0-1x-dark-standard-glass0.5,webgpu,hc-text-7__rrect-sm__rest,probe,gate,T,rest,thin,t1FineStdDev,0.0516945,0.0191274,0.370009,-7.93036,miss,0.876175,0.0676771,0.0469909,0.69434,0.00410663,0.00205332,True
dark 0.5,apple-macos-27.0-2x-dark-standard-glass0.5,css,checkerboard__capsule-button__inactive,calibration,gate,C,inactive,thin,t1InteriorStdDev,0.0338866,0.0314988,0.929536,-0.697751,within,0.0661409,0.0338866,0.0314988,0.929536,0.00342214,0.00171107,True
dark 0.5,apple-macos-27.0-2x-dark-standard-glass0.5,css,checkerboard__capsule-button__inactive-tint-orange,calibration,gate,C,inactive,thin,t1InteriorStdDev,0.0442266,0.00632039,0.142909,-8.71178,miss,1.51559,0.0442266,0.00632039,0.142909,0.00435114,0.00217557,True
dark 0.5,apple-macos-27.0-2x-dark-standard-glass0.5,css,checkerboard__capsule-button__rest,calibration,gate,C,rest,thin,t1InteriorStdDev,0.080454,0.0187438,0.232976,-18.4404,miss,1.3333,0.080454,0.0187438,0.232976,0.00334647,0.00167324,True
dark 0.5,apple-macos-27.0-2x-dark-standard-glass0.5,css,checkerboard__capsule-button__rest-tint-orange,calibration,gate,C,rest,thin,t1InteriorStdDev,0.0256836,0.00364731,0.142009,-3.97702,miss,1.22328,0.0256836,0.00364731,0.142009,0.00554091,0.00277045,True
dark 0.5,apple-macos-27.0-2x-dark-standard-glass0.5,css,checkerboard__glass-over-glass__inactive,holdout,holdout,C,inactive,thick,t1InteriorStdDev,0.0127633,0.0106522,0.834598,-0.700663,within,0.143655,0.0127633,0.0106522,0.834598,0.00301296,0.00150648,True
dark 0.5,apple-macos-27.0-2x-dark-standard-glass0.5,css,checkerboard__glass-over-glass__rest,holdout,holdout,C,rest,thick,t1InteriorStdDev,0.0305809,0.0118328,0.386933,-5.84086,miss,0.8093,0.0305809,0.0118328,0.386933,0.00320982,0.00160491,True
dark 0.5,apple-macos-27.0-2x-dark-standard-glass0.5,css,checkerboard__rrect-md__inactive,calibration,gate,C,inactive,mid,t1InteriorStdDev,0.0163892,0.0130998,0.799294,-1.08206,miss,0.18549,0.0163892,0.0130998,0.799294,0.00303995,0.00151998,True
dark 0.5,apple-macos-27.0-2x-dark-standard-glass0.5,css,checkerboard__rrect-md__rest,calibration,gate,C,rest,mid,t1InteriorStdDev,0.0434756,0.0110293,0.253689,-10.5249,miss,1.19368,0.0434756,0.0110293,0.253689,0.00308281,0.00154141,True
dark 0.5,apple-macos-27.0-2x-dark-standard-glass0.5,css,impulse__capsule-button__inactive,validation,gate,C,inactive,thin,t1InteriorStdDev,0,0.00037643,,0.629644,within,0.488362,0,0.00037643,,0.000597846,0.000298923,True
dark 0.5,apple-macos-27.0-2x-dark-standard-glass0.5,css,impulse__capsule-button__rest,validation,gate,C,rest,thin,t1InteriorStdDev,0.0236214,0.00523249,0.221515,-13.4964,miss,1.33192,0.0236214,0.00523249,0.221515,0.0013625,0.00068125,True
dark 0.5,apple-macos-27.0-2x-dark-standard-glass0.5,css,photo__capsule-button__inactive,calibration,gate,P,inactive,thin,t1InteriorStdDev,0.0429066,0.0115584,0.269386,-8.86719,miss,1.12392,0.0429066,0.0115584,0.269386,0.00353529,0.00176765,True
dark 0.5,apple-macos-27.0-2x-dark-standard-glass0.5,css,photo__capsule-button__inactive-tint-orange,calibration,gate,P,inactive,thin,t1InteriorStdDev,0.0453952,0.00247997,0.0546307,-9.87528,miss,1.98613,0.0453952,0.00247997,0.0546307,0.00434572,0.00217286,True
dark 0.5,apple-macos-27.0-2x-dark-standard-glass0.5,css,photo__capsule-button__rest,calibration,gate,P,rest,thin,t1InteriorStdDev,0.0475963,0.0125503,0.263682,-9.34912,miss,1.14747,0.0475963,0.0125503,0.263682,0.00374859,0.00187429,True
dark 0.5,apple-macos-27.0-2x-dark-standard-glass0.5,css,photo__capsule-button__rest-tint-orange,calibration,gate,P,rest,thin,t1InteriorStdDev,0.0206786,0.00441536,0.213523,-2.92772,miss,0.96743,0.0206786,0.00441536,0.213523,0.0055549,0.00277745,True
dark 0.5,apple-macos-27.0-2x-dark-standard-glass0.5,css,photo__glass-over-glass__inactive,holdout,holdout,P,inactive,thick,t1InteriorStdDev,0.0375695,0.0114676,0.305238,-8.24473,miss,1.02378,0.0375695,0.0114676,0.305238,0.00316588,0.00158294,True
dark 0.5,apple-macos-27.0-2x-dark-standard-glass0.5,css,photo__rrect-lg__inactive,holdout,holdout,P,inactive,thick,t1InteriorStdDev,0.0401371,0.0108425,0.270135,-9.21502,miss,1.12794,0.0401371,0.0108425,0.270135,0.00317901,0.00158951,True
dark 0.5,apple-macos-27.0-2x-dark-standard-glass0.5,css,photo__rrect-lg__rest,holdout,holdout,P,rest,thick,t1InteriorStdDev,0.041894,0.0103468,0.246977,-9.58168,miss,1.19784,0.041894,0.0103468,0.246977,0.00329245,0.00164622,True
dark 0.5,apple-macos-27.0-2x-dark-standard-glass0.5,css,photo__rrect-md__inactive,calibration,gate,P,inactive,mid,t1InteriorStdDev,0.0350931,0.0103441,0.294762,-7.80704,miss,1.04075,0.0350931,0.0103441,0.294762,0.00317009,0.00158504,True
dark 0.5,apple-macos-27.0-2x-dark-standard-glass0.5,css,photo__rrect-md__rest,calibration,gate,P,rest,mid,t1InteriorStdDev,0.0395745,0.0101598,0.256725,-8.71494,miss,1.15475,0.0395745,0.0101598,0.256725,0.00337521,0.0016876,True
dark 0.5,apple-macos-27.0-2x-dark-standard-glass0.5,webgpu,checkerboard-32__capsule-button__rest,probe,gate,C,rest,thin,t1InteriorStdDev,0.10038,0.0440699,0.439031,-16.5589,miss,0.782171,0.10038,0.0440699,0.439031,0.0034006,0.0017003,True
dark 0.5,apple-macos-27.0-2x-dark-standard-glass0.5,webgpu,checkerboard-32__capsule-button__rest-tint-orange,probe,gate,C,rest,thin,t1InteriorStdDev,0.0258118,0.0148399,0.574924,-1.97825,miss,0.430618,0.0258118,0.0148399,0.574924,0.0055463,0.00277315,True
dark 0.5,apple-macos-27.0-2x-dark-standard-glass0.5,webgpu,checkerboard-32__rrect-lg__inactive,probe,gate,C,inactive,thick,t1InteriorStdDev,0.0253441,0.0337456,1.3315,2.88638,miss,0.260323,0.0253441,0.0337456,1.3315,0.00291076,0.00145538,True
dark 0.5,apple-macos-27.0-2x-dark-standard-glass0.5,webgpu,checkerboard-32__rrect-lg__rest,probe,gate,C,rest,thick,t1InteriorStdDev,0.0387599,0.0342398,0.883381,-1.51165,miss,0.114588,0.0387599,0.0342398,0.883381,0.0029902,0.0014951,True
dark 0.5,apple-macos-27.0-2x-dark-standard-glass0.5,webgpu,checkerboard-32__rrect-md__rest,probe,gate,C,rest,mid,t1InteriorStdDev,0.0532012,0.0382413,0.718806,-4.95326,miss,0.309366,0.0532012,0.0382413,0.718806,0.0030202,0.0015101,True
dark 0.5,apple-macos-27.0-2x-dark-standard-glass0.5,webgpu,checkerboard-32__rrect-ml__rest,probe,gate,C,rest,thick,t1InteriorStdDev,0.043137,0.0382091,0.885764,-1.64686,miss,0.112974,0.043137,0.0382091,0.885764,0.00299224,0.00149612,True
dark 0.5,apple-macos-27.0-2x-dark-standard-glass0.5,webgpu,checkerboard-32__rrect-sm__rest,probe,gate,C,rest,thin,t1InteriorStdDev,0.0995191,0.050248,0.504908,-14.4429,miss,0.651396,0.0995191,0.050248,0.504908,0.00341145,0.00170572,True
dark 0.5,apple-macos-27.0-2x-dark-standard-glass0.5,webgpu,checkerboard-64__capsule-button__rest,probe,gate,C,rest,thin,t1InteriorStdDev,0.166816,0.0477523,0.286257,-30.0733,miss,1.19467,0.166816,0.0477523,0.286257,0.00395913,0.00197956,True
dark 0.5,apple-macos-27.0-2x-dark-standard-glass0.5,webgpu,checkerboard-64__capsule-button__rest-tint-orange,probe,gate,C,rest,thin,t1InteriorStdDev,0.0307036,0.0168876,0.550019,-2.49004,miss,0.479827,0.0307036,0.0168876,0.550019,0.00554851,0.00277426,True
dark 0.5,apple-macos-27.0-2x-dark-standard-glass0.5,webgpu,checkerboard-64__rrect-lg__inactive,probe,gate,C,inactive,thick,t1InteriorStdDev,0.062772,0.0399739,0.636812,-8.22877,miss,0.427459,0.062772,0.0399739,0.636812,0.00277053,0.00138526,True
dark 0.5,apple-macos-27.0-2x-dark-standard-glass0.5,webgpu,checkerboard-64__rrect-lg__rest,probe,gate,C,rest,thick,t1InteriorStdDev,0.0681934,0.0394369,0.57831,-9.97773,miss,0.518507,0.0681934,0.0394369,0.57831,0.00288207,0.00144103,True
dark 0.5,apple-macos-27.0-2x-dark-standard-glass0.5,webgpu,checkerboard-64__rrect-md__inactive,probe,gate,C,inactive,mid,t1InteriorStdDev,0.0695311,0.0409315,0.588678,-10.3683,miss,0.503564,0.0695311,0.0409315,0.588678,0.00275838,0.00137919,True
dark 0.5,apple-macos-27.0-2x-dark-standard-glass0.5,webgpu,checkerboard-64__rrect-md__rest,probe,gate,C,rest,mid,t1InteriorStdDev,0.0807651,0.0441898,0.54714,-12.8699,miss,0.575306,0.0807651,0.0441898,0.54714,0.00284192,0.00142096,True
dark 0.5,apple-macos-27.0-2x-dark-standard-glass0.5,webgpu,checkerboard-64__rrect-ml__rest,probe,gate,C,rest,thick,t1InteriorStdDev,0.0657279,0.0404207,0.614971,-8.78188,miss,0.460223,0.0657279,0.0404207,0.614971,0.00288175,0.00144087,True
dark 0.5,apple-macos-27.0-2x-dark-standard-glass0.5,webgpu,checkerboard-64__rrect-sm__rest,probe,gate,C,rest,thin,t1InteriorStdDev,0.0703645,0.0348638,0.495475,-6.76395,miss,0.633944,0.0703645,0.0348638,0.495475,0.00524851,0.00262426,True
dark 0.5,apple-macos-27.0-2x-dark-standard-glass0.5,webgpu,checkerboard-lc16__capsule-button__inactive,probe,gate,C,inactive,thin,t1InteriorStdDev,0.0145272,0.0253176,1.74277,2.35482,miss,0.44767,0.0145272,0.0253176,1.74277,0.00458227,0.00229113,True
dark 0.5,apple-macos-27.0-2x-dark-standard-glass0.5,webgpu,checkerboard-lc16__capsule-button__rest,probe,gate,C,rest,thin,t1InteriorStdDev,0.0439863,0.0287802,0.654299,-3.23135,miss,0.37439,0.0439863,0.0287802,0.654299,0.0047058,0.0023529,True
dark 0.5,apple-macos-27.0-2x-dark-standard-glass0.5,webgpu,checkerboard-lc16__rrect-lg__rest,probe,gate,C,rest,thick,t1InteriorStdDev,0.0185216,0.0191439,1.0336,0.170065,within,0.0276723,0.0185216,0.0191439,1.0336,0.00365965,0.00182982,True
dark 0.5,apple-macos-27.0-2x-dark-standard-glass0.5,webgpu,checkerboard-lc16__rrect-md__inactive,probe,gate,C,inactive,mid,t1InteriorStdDev,0.00601062,0.0150977,2.51183,2.48393,miss,0.662593,0.00601062,0.0150977,2.51183,0.00365834,0.00182917,True
dark 0.5,apple-macos-27.0-2x-dark-standard-glass0.5,webgpu,checkerboard-lc16__rrect-md__rest,probe,gate,C,rest,mid,t1InteriorStdDev,0.0212081,0.0218826,1.03181,0.172826,within,0.0265083,0.0212081,0.0218826,1.03181,0.00390307,0.00195154,True
dark 0.5,apple-macos-27.0-2x-dark-standard-glass0.5,webgpu,checkerboard-lc16__rrect-ml__rest,probe,gate,C,rest,thick,t1InteriorStdDev,0.0203566,0.0214252,1.05249,0.29119,within,0.0435143,0.0203566,0.0214252,1.05249,0.00366966,0.00183483,True
dark 0.5,apple-macos-27.0-2x-dark-standard-glass0.5,webgpu,checkerboard-lc16__rrect-sm__rest,probe,gate,C,rest,thin,t1InteriorStdDev,0.0469046,0.0344523,0.73452,-2.64331,miss,0.276084,0.0469046,0.0344523,0.73452,0.00471085,0.00235543,True
dark 0.5,apple-macos-27.0-2x-dark-standard-glass0.5,webgpu,checkerboard__capsule-button__inactive,calibration,gate,C,inactive,thin,t1InteriorStdDev,0.0338866,0.0476989,1.4076,4.03615,miss,0.314967,0.0338866,0.0476989,1.4076,0.00342214,0.00171107,True
dark 0.5,apple-macos-27.0-2x-dark-standard-glass0.5,webgpu,checkerboard__capsule-button__inactive-tint-orange,calibration,gate,C,inactive,thin,t1InteriorStdDev,0.0442266,0.0678445,1.53402,5.428,miss,0.396216,0.0442266,0.0678445,1.53402,0.00435114,0.00217557,True
dark 0.5,apple-macos-27.0-2x-dark-standard-glass0.5,webgpu,checkerboard__capsule-button__rest,calibration,gate,C,rest,thin,t1InteriorStdDev,0.080454,0.0408102,0.507248,-11.8465,miss,0.640696,0.080454,0.0408102,0.507248,0.00334647,0.00167324,True
dark 0.5,apple-macos-27.0-2x-dark-standard-glass0.5,webgpu,checkerboard__capsule-button__rest-tint-orange,calibration,gate,C,rest,thin,t1InteriorStdDev,0.0256836,0.0158202,0.615963,-1.78011,miss,0.379634,0.0256836,0.0158202,0.615963,0.00554091,0.00277045,True
dark 0.5,apple-macos-27.0-2x-dark-standard-glass0.5,webgpu,checkerboard__glass-over-glass__inactive,holdout,holdout,C,inactive,thick,t1InteriorStdDev,0.0127633,0.0217361,1.70301,2.97806,miss,0.45028,0.0127633,0.0217361,1.70301,0.00301296,0.00150648,True
dark 0.5,apple-macos-27.0-2x-dark-standard-glass0.5,webgpu,checkerboard__glass-over-glass__rest,holdout,holdout,C,rest,thick,t1InteriorStdDev,0.0305809,0.0294465,0.962906,-0.353409,within,0.0341472,0.0305809,0.0294465,0.962906,0.00320982,0.00160491,True
dark 0.5,apple-macos-27.0-2x-dark-standard-glass0.5,webgpu,checkerboard__rrect-md__inactive,calibration,gate,C,inactive,mid,t1InteriorStdDev,0.0163892,0.02337,1.42594,2.29634,miss,0.306965,0.0163892,0.02337,1.42594,0.00303995,0.00151998,True
dark 0.5,apple-macos-27.0-2x-dark-standard-glass0.5,webgpu,checkerboard__rrect-md__rest,calibration,gate,C,rest,mid,t1InteriorStdDev,0.0434756,0.0334508,0.769417,-3.25182,miss,0.242474,0.0434756,0.0334508,0.769417,0.00308281,0.00154141,True
dark 0.5,apple-macos-27.0-2x-dark-standard-glass0.5,webgpu,checkerboard__rrect-ml__inactive,probe,gate,C,inactive,thick,t1InteriorStdDev,0.00949303,0.0242405,2.5535,4.9667,miss,0.780868,0.00949303,0.0242405,2.5535,0.00296926,0.00148463,True
dark 0.5,apple-macos-27.0-2x-dark-standard-glass0.5,webgpu,hc-text-28__rrect-lg__rest,probe,gate,C,rest,thick,t1InteriorStdDev,0.0267733,0.0322111,1.20311,1.5808,miss,0.1655,0.0267733,0.0322111,1.20311,0.00343994,0.00171997,True
dark 0.5,apple-macos-27.0-2x-dark-standard-glass0.5,webgpu,hc-text-28__rrect-md__inactive,probe,gate,C,inactive,mid,t1InteriorStdDev,0.0289912,0.0258699,0.892336,-0.932508,within,0.101502,0.0289912,0.0258699,0.892336,0.00334723,0.00167361,True
dark 0.5,apple-macos-27.0-2x-dark-standard-glass0.5,webgpu,hc-text-28__rrect-md__rest,probe,gate,C,rest,mid,t1InteriorStdDev,0.0578099,0.0361376,0.625111,-6.43518,miss,0.437345,0.0578099,0.0361376,0.625111,0.00336779,0.00168389,True
dark 0.5,apple-macos-27.0-2x-dark-standard-glass0.5,webgpu,hc-text-28__rrect-sm__rest,probe,gate,C,rest,thin,t1InteriorStdDev,0.0840298,0.0446078,0.530857,-10.9558,miss,0.597616,0.0840298,0.0446078,0.530857,0.00359828,0.00179914,True
dark 0.5,apple-macos-27.0-2x-dark-standard-glass0.5,webgpu,hc-text__rrect-lg__inactive,probe,gate,C,inactive,thick,t1InteriorStdDev,0.0107284,0.0285428,2.66049,5.39988,miss,0.819765,0.0107284,0.0285428,2.66049,0.00329904,0.00164952,True
dark 0.5,apple-macos-27.0-2x-dark-standard-glass0.5,webgpu,impulse__capsule-button__inactive,validation,gate,C,inactive,thin,t1InteriorStdDev,0,0.0101159,,16.9206,miss,2.88595,0,0.0101159,,0.000597846,0.000298923,True
dark 0.5,apple-macos-27.0-2x-dark-standard-glass0.5,webgpu,impulse__capsule-button__rest,validation,gate,C,rest,thin,t1InteriorStdDev,0.0236214,0.0187511,0.793821,-3.57448,miss,0.216833,0.0236214,0.0187511,0.793821,0.0013625,0.00068125,True
dark 0.5,apple-macos-27.0-2x-dark-standard-glass0.5,webgpu,impulse__rrect-lg__inactive,probe,gate,C,inactive,thick,t1InteriorStdDev,0.000477838,0.0016322,3.4158,2.00294,miss,0.739573,0.000477838,0.0016322,3.4158,0.000576335,0.000288168,True
dark 0.5,apple-macos-27.0-2x-dark-standard-glass0.5,webgpu,impulse__rrect-ml__inactive,probe,gate,C,inactive,thick,t1InteriorStdDev,7.89567e-10,0.00220745,2.79578e+06,3.97456,miss,1.60434,7.89567e-10,0.00220745,2.79578e+06,0.000555395,0.000277698,True
dark 0.5,apple-macos-27.0-2x-dark-standard-glass0.5,webgpu,checkerboard-4__capsule-button__rest,probe,gate,F,rest,thin,t1InteriorStdDev,0.0746741,0.0244426,0.327323,-14.5629,miss,1.02995,0.0746741,0.0244426,0.327323,0.00344929,0.00172465,True
dark 0.5,apple-macos-27.0-2x-dark-standard-glass0.5,webgpu,checkerboard-4__capsule-button__rest-tint-orange,probe,gate,F,rest,thin,t1InteriorStdDev,0.0256244,0.0156375,0.610257,-1.80065,miss,0.386243,0.0256244,0.0156375,0.610257,0.0055463,0.00277315,True
dark 0.5,apple-macos-27.0-2x-dark-standard-glass0.5,webgpu,checkerboard-4__rrect-lg__rest,probe,gate,F,rest,thick,t1InteriorStdDev,0.0150399,0.0171476,1.14013,0.658778,within,0.109351,0.0150399,0.0171476,1.14013,0.00319927,0.00159964,True
dark 0.5,apple-macos-27.0-2x-dark-standard-glass0.5,webgpu,checkerboard-4__rrect-md__inactive,probe,gate,F,inactive,mid,t1InteriorStdDev,0.00662768,0.0146218,2.20618,2.5427,miss,0.597791,0.00662768,0.0146218,2.20618,0.00314397,0.00157199,True
dark 0.5,apple-macos-27.0-2x-dark-standard-glass0.5,webgpu,checkerboard-4__rrect-md__rest,probe,gate,F,rest,mid,t1InteriorStdDev,0.0185702,0.0193226,1.04051,0.223508,within,0.0337218,0.0185702,0.0193226,1.04051,0.00336608,0.00168304,True
dark 0.5,apple-macos-27.0-2x-dark-standard-glass0.5,webgpu,checkerboard-4__rrect-ml__rest,probe,gate,F,rest,thick,t1InteriorStdDev,0.0158324,0.0187824,1.18633,0.91093,within,0.14383,0.0158324,0.0187824,1.18633,0.00323849,0.00161924,True
dark 0.5,apple-macos-27.0-2x-dark-standard-glass0.5,webgpu,checkerboard-4__rrect-sm__rest,probe,gate,F,rest,thin,t1InteriorStdDev,0.0736316,0.0304976,0.414192,-12.505,miss,0.820057,0.0736316,0.0304976,0.414192,0.00344933,0.00172467,True
dark 0.5,apple-macos-27.0-2x-dark-standard-glass0.5,webgpu,checkerboard-8__capsule-button__rest,probe,gate,F,rest,thin,t1InteriorStdDev,0.0783019,0.0372251,0.475405,-12.1126,miss,0.698799,0.0783019,0.0372251,0.475405,0.00339124,0.00169562,True
dark 0.5,apple-macos-27.0-2x-dark-standard-glass0.5,webgpu,checkerboard-8__capsule-button__rest-tint-orange,probe,gate,F,rest,thin,t1InteriorStdDev,0.0256578,0.0161895,0.630978,-1.70807,miss,0.36163,0.0256578,0.0161895,0.630978,0.00554329,0.00277164,True
dark 0.5,apple-macos-27.0-2x-dark-standard-glass0.5,webgpu,checkerboard-8__rrect-lg__inactive,probe,gate,F,inactive,thick,t1InteriorStdDev,0.00645256,0.0246507,3.8203,6.01436,miss,1.07157,0.00645256,0.0246507,3.8203,0.00302578,0.00151289,True
dark 0.5,apple-macos-27.0-2x-dark-standard-glass0.5,webgpu,checkerboard-8__rrect-lg__rest,probe,gate,F,rest,thick,t1InteriorStdDev,0.0147871,0.0255883,1.73045,3.37548,miss,0.470316,0.0147871,0.0255883,1.73045,0.00319991,0.00159996,True
dark 0.5,apple-macos-27.0-2x-dark-standard-glass0.5,webgpu,checkerboard-8__rrect-md__inactive,probe,gate,F,inactive,mid,t1InteriorStdDev,0.0064897,0.023252,3.58291,5.34102,miss,1.00831,0.0064897,0.023252,3.58291,0.00313841,0.00156921,True
dark 0.5,apple-macos-27.0-2x-dark-standard-glass0.5,webgpu,checkerboard-8__rrect-md__rest,probe,gate,F,rest,mid,t1InteriorStdDev,0.0319175,0.0289507,0.907048,-0.92379,within,0.0882347,0.0319175,0.0289507,0.907048,0.00321155,0.00160577,True
dark 0.5,apple-macos-27.0-2x-dark-standard-glass0.5,webgpu,checkerboard-8__rrect-ml__rest,probe,gate,F,rest,thick,t1InteriorStdDev,0.0161367,0.0275449,1.70697,3.5327,miss,0.463158,0.0161367,0.0275449,1.70697,0.00322931,0.00161466,True
dark 0.5,apple-macos-27.0-2x-dark-standard-glass0.5,webgpu,checkerboard-8__rrect-sm__rest,probe,gate,F,rest,thin,t1InteriorStdDev,0.0787975,0.04389,0.556997,-10.2998,miss,0.552924,0.0787975,0.04389,0.556997,0.00338913,0.00169457,True
dark 0.5,apple-macos-27.0-2x-dark-standard-glass0.5,webgpu,photo__capsule-button__inactive,calibration,gate,P,inactive,thin,t1InteriorStdDev,0.0429066,0.00929523,0.216639,-9.50737,miss,1.28637,0.0429066,0.00929523,0.216639,0.00353529,0.00176765,True
dark 0.5,apple-macos-27.0-2x-dark-standard-glass0.5,webgpu,photo__capsule-button__inactive-tint-orange,calibration,gate,P,inactive,thin,t1InteriorStdDev,0.0453952,0.0120387,0.265199,-7.6757,miss,1.11049,0.0453952,0.0120387,0.265199,0.00434572,0.00217286,True
dark 0.5,apple-macos-27.0-2x-dark-standard-glass0.5,webgpu,photo__capsule-button__rest,calibration,gate,P,rest,thin,t1InteriorStdDev,0.0475963,0.0168874,0.354805,-8.19211,miss,0.911528,0.0475963,0.0168874,0.354805,0.00374859,0.00187429,True
dark 0.5,apple-macos-27.0-2x-dark-standard-glass0.5,webgpu,photo__capsule-button__rest-tint-orange,calibration,gate,P,rest,thin,t1InteriorStdDev,0.0206786,0.0082148,0.397261,-2.24375,miss,0.644566,0.0206786,0.0082148,0.397261,0.0055549,0.00277745,True
dark 0.5,apple-macos-27.0-2x-dark-standard-glass0.5,webgpu,photo__glass-over-glass__inactive,holdout,holdout,P,inactive,thick,t1InteriorStdDev,0.0375695,0.0121787,0.324165,-8.02012,miss,0.976334,0.0375695,0.0121787,0.324165,0.00316588,0.00158294,True
dark 0.5,apple-macos-27.0-2x-dark-standard-glass0.5,webgpu,photo__rrect-lg__inactive,holdout,holdout,P,inactive,thick,t1InteriorStdDev,0.0401371,0.0118077,0.294184,-8.91139,miss,1.06136,0.0401371,0.0118077,0.294184,0.00317901,0.00158951,True
dark 0.5,apple-macos-27.0-2x-dark-standard-glass0.5,webgpu,photo__rrect-lg__rest,holdout,holdout,P,rest,thick,t1InteriorStdDev,0.041894,0.0135456,0.32333,-8.61014,miss,0.987157,0.041894,0.0135456,0.32333,0.00329245,0.00164622,True
dark 0.5,apple-macos-27.0-2x-dark-standard-glass0.5,webgpu,photo__rrect-md__inactive,calibration,gate,P,inactive,mid,t1InteriorStdDev,0.0350931,0.0105716,0.301245,-7.73528,miss,1.02405,0.0350931,0.0105716,0.301245,0.00317009,0.00158504,True
dark 0.5,apple-macos-27.0-2x-dark-standard-glass0.5,webgpu,photo__rrect-md__rest,calibration,gate,P,rest,mid,t1InteriorStdDev,0.0395745,0.0148359,0.374887,-7.32949,miss,0.857995,0.0395745,0.0148359,0.374887,0.00337521,0.0016876,True
dark 0.5,apple-macos-27.0-2x-dark-standard-glass0.5,webgpu,photo__rrect-ml__inactive,probe,gate,P,inactive,thick,t1InteriorStdDev,0.0394804,0.0126441,0.320263,-8.57358,miss,0.993724,0.0394804,0.0126441,0.320263,0.00313012,0.00156506,True
dark 0.5,apple-macos-27.0-2x-dark-standard-glass0.5,webgpu,hc-text-7__rrect-lg__rest,probe,gate,T,rest,thick,t1FineStdDev,0.00143397,0.00427646,2.98224,0.801739,within,0.451618,0.0190284,0.0245431,1.28981,0.0035454,0.0017727,True
dark 0.5,apple-macos-27.0-2x-dark-standard-glass0.5,webgpu,hc-text-7__rrect-md__inactive,probe,gate,T,inactive,mid,t1FineStdDev,0.00127302,0.00376343,2.95629,0.719913,within,0.422815,0.0150321,0.0172725,1.14904,0.00345932,0.00172966,True
dark 0.5,apple-macos-27.0-2x-dark-standard-glass0.5,webgpu,hc-text-7__rrect-md__rest,probe,gate,T,rest,mid,t1FineStdDev,0.00870634,0.00553008,0.635178,-0.870413,within,0.297158,0.0267781,0.0225922,0.843684,0.00364914,0.00182457,True
dark 0.5,apple-macos-27.0-2x-dark-standard-glass0.5,webgpu,hc-text-7__rrect-sm__rest,probe,gate,T,rest,thin,t1FineStdDev,0.0540129,0.0109219,0.202209,-10.7987,miss,1.35831,0.0861393,0.0388637,0.451173,0.00399039,0.0019952,True
light 0.25,apple-macos-27.0-1x-light-standard-glass0.25,css,checkerboard-32__capsule-button__rest,probe,gate,C,rest,thin,t1InteriorStdDev,0.218218,0.205157,0.940146,-1.94199,within,0.0598182,0.218218,0.205157,0.940146,0.00672568,0.00336284,False
light 0.25,apple-macos-27.0-1x-light-standard-glass0.25,css,checkerboard-32__capsule-button__rest-tint-orange,probe,gate,C,rest,thin,t1InteriorStdDev,0.0497082,0.0069516,0.139848,-8.75772,miss,1.5289,0.0497082,0.0069516,0.139848,0.00488216,0.00244108,False
light 0.25,apple-macos-27.0-1x-light-standard-glass0.25,css,checkerboard-32__rrect-lg__inactive,probe,referee,C,inactive,thick,t1InteriorStdDev,0.0778144,0.045918,0.590096,-5.46714,miss,0.480158,0.0778144,0.045918,0.590096,0.0058342,0.0029171,False
light 0.25,apple-macos-27.0-1x-light-standard-glass0.25,css,checkerboard-32__rrect-lg__rest,probe,gate,C,rest,thick,t1InteriorStdDev,0.142535,0.0889801,0.624269,-7.99968,miss,0.444531,0.142535,0.0889801,0.624269,0.00669461,0.00334731,False
light 0.25,apple-macos-27.0-1x-light-standard-glass0.25,css,checkerboard-32__rrect-md__rest,probe,gate,C,rest,mid,t1InteriorStdDev,0.170841,0.146851,0.859576,-3.59069,miss,0.145186,0.170841,0.146851,0.859576,0.00668119,0.00334059,False
light 0.25,apple-macos-27.0-1x-light-standard-glass0.25,css,checkerboard-32__rrect-ml__rest,probe,gate,C,rest,thick,t1InteriorStdDev,0.164799,0.118879,0.721354,-6.86143,miss,0.311662,0.164799,0.118879,0.721354,0.00669257,0.00334628,False
light 0.25,apple-macos-27.0-1x-light-standard-glass0.25,css,checkerboard-32__rrect-sm__rest,probe,gate,C,rest,thin,t1InteriorStdDev,0.215557,0.207135,0.960927,-1.25714,within,0.038632,0.215557,0.207135,0.960927,0.0066997,0.00334985,False
light 0.25,apple-macos-27.0-1x-light-standard-glass0.25,css,checkerboard-64__capsule-button__rest,probe,gate,C,rest,thin,t1InteriorStdDev,0.301195,0.260583,0.865163,-5.88346,miss,0.141351,0.301195,0.260583,0.865163,0.00690277,0.00345139,False
light 0.25,apple-macos-27.0-1x-light-standard-glass0.25,css,checkerboard-64__capsule-button__rest-tint-orange,probe,gate,C,rest,thin,t1InteriorStdDev,0.0693557,0.00687889,0.0991829,-12.7397,miss,1.84091,0.0693557,0.00687889,0.0991829,0.00490409,0.00245205,False
light 0.25,apple-macos-27.0-1x-light-standard-glass0.25,css,checkerboard-64__rrect-lg__inactive,probe,gate,C,inactive,thick,t1InteriorStdDev,0.203958,0.0939504,0.460636,-18.4022,miss,0.742349,0.203958,0.0939504,0.460636,0.00597796,0.00298898,False
light 0.25,apple-macos-27.0-1x-light-standard-glass0.25,css,checkerboard-64__rrect-lg__rest,probe,gate,C,rest,thick,t1InteriorStdDev,0.249123,0.139057,0.558186,-16.5655,miss,0.56271,0.249123,0.139057,0.558186,0.00664432,0.00332216,False
light 0.25,apple-macos-27.0-1x-light-standard-glass0.25,css,checkerboard-64__rrect-md__inactive,probe,gate,C,inactive,mid,t1InteriorStdDev,0.179682,0.0976358,0.543382,-14.2886,miss,0.584253,0.179682,0.0976358,0.543382,0.00574207,0.00287104,False
light 0.25,apple-macos-27.0-1x-light-standard-glass0.25,css,checkerboard-64__rrect-md__rest,probe,gate,C,rest,mid,t1InteriorStdDev,0.243333,0.185876,0.763876,-8.90762,miss,0.261399,0.243333,0.185876,0.763876,0.00645028,0.00322514,False
light 0.25,apple-macos-27.0-1x-light-standard-glass0.25,css,checkerboard-64__rrect-ml__rest,probe,gate,C,rest,thick,t1InteriorStdDev,0.234207,0.151998,0.648988,-12.4678,miss,0.41764,0.234207,0.151998,0.648988,0.00659377,0.00329688,False
light 0.25,apple-macos-27.0-1x-light-standard-glass0.25,css,checkerboard-64__rrect-sm__rest,probe,gate,C,rest,thin,t1InteriorStdDev,0.0703051,0.0318613,0.453187,-4.58551,miss,0.670513,0.0703051,0.0318613,0.453187,0.00838374,0.00419187,False
light 0.25,apple-macos-27.0-1x-light-standard-glass0.25,css,checkerboard-lc16__capsule-button__inactive,probe,gate,C,inactive,thin,t1InteriorStdDev,0.042268,0.046448,1.09889,0.621745,within,0.0818763,0.042268,0.046448,1.09889,0.006723,0.0033615,False
light 0.25,apple-macos-27.0-1x-light-standard-glass0.25,css,checkerboard-lc16__capsule-button__rest,probe,gate,C,rest,thin,t1InteriorStdDev,0.0877281,0.0508046,0.579114,-5.05643,miss,0.491913,0.0877281,0.0508046,0.579114,0.00730229,0.00365115,False
light 0.25,apple-macos-27.0-1x-light-standard-glass0.25,css,checkerboard-lc16__rrect-lg__rest,probe,gate,C,rest,thick,t1InteriorStdDev,0.0367136,0.0238518,0.64967,-1.71974,miss,0.343958,0.0367136,0.0238518,0.64967,0.00747895,0.00373948,False
light 0.25,apple-macos-27.0-1x-light-standard-glass0.25,css,checkerboard-lc16__rrect-md__inactive,probe,gate,C,inactive,mid,t1InteriorStdDev,0.0176791,0.0235286,1.33087,0.879856,within,0.215472,0.0176791,0.0235286,1.33087,0.00664817,0.00332408,False
light 0.25,apple-macos-27.0-1x-light-standard-glass0.25,css,checkerboard-lc16__rrect-md__rest,probe,gate,C,rest,mid,t1InteriorStdDev,0.0569988,0.0415489,0.728944,-2.12087,miss,0.274884,0.0569988,0.0415489,0.728944,0.00728467,0.00364234,False
light 0.25,apple-macos-27.0-1x-light-standard-glass0.25,css,checkerboard-lc16__rrect-ml__rest,probe,gate,C,rest,thick,t1InteriorStdDev,0.0447729,0.032599,0.728097,-1.64687,miss,0.265755,0.0447729,0.032599,0.728097,0.00739216,0.00369608,False
light 0.25,apple-macos-27.0-1x-light-standard-glass0.25,css,checkerboard-lc16__rrect-sm__rest,probe,gate,C,rest,thin,t1InteriorStdDev,0.0912854,0.0496568,0.543973,-5.7276,miss,0.548868,0.0912854,0.0496568,0.543973,0.00726808,0.00363404,False
light 0.25,apple-macos-27.0-1x-light-standard-glass0.25,css,checkerboard__capsule-button__inactive,calibration,gate,C,inactive,thin,t1InteriorStdDev,0.0857392,0.0837294,0.976559,-0.339799,within,0.0221719,0.0857392,0.0837294,0.976559,0.0059146,0.0029573,False
light 0.25,apple-macos-27.0-1x-light-standard-glass0.25,css,checkerboard__capsule-button__inactive-pressed,recorded,gate,C,inactive,thin,t1InteriorStdDev,0.0857392,0.128022,1.49316,7.14893,miss,0.37935,0.0857392,0.128022,1.49316,0.0059146,0.0029573,False
light 0.25,apple-macos-27.0-1x-light-standard-glass0.25,css,checkerboard__capsule-button__inactive-tint-blue,validation,gate,C,inactive,thin,t1InteriorStdDev,0.0698697,0.0117642,0.168373,-11.864,miss,1.50126,0.0698697,0.0117642,0.168373,0.00489765,0.00244882,False
light 0.25,apple-macos-27.0-1x-light-standard-glass0.25,css,checkerboard__capsule-button__inactive-tint-orange,calibration,gate,C,inactive,thin,t1InteriorStdDev,0.0698697,0.0117642,0.168373,-11.864,miss,1.50126,0.0698697,0.0117642,0.168373,0.00489765,0.00244882,False
light 0.25,apple-macos-27.0-1x-light-standard-glass0.25,css,checkerboard__capsule-button__pressed,recorded,gate,C,rest,thin,t1InteriorStdDev,0.185751,0.128612,0.692391,-8.50729,miss,0.35222,0.185751,0.128612,0.692391,0.00671645,0.00335822,False
light 0.25,apple-macos-27.0-1x-light-standard-glass0.25,css,checkerboard__capsule-button__rest,calibration,gate,C,rest,thin,t1InteriorStdDev,0.185751,0.124851,0.672142,-9.0673,miss,0.380408,0.185751,0.124851,0.672142,0.00671645,0.00335822,False
light 0.25,apple-macos-27.0-1x-light-standard-glass0.25,css,checkerboard__capsule-button__rest-tint-blue,validation,gate,C,rest,thin,t1InteriorStdDev,0.0292275,0.00572425,0.195852,-6.73783,miss,1.26729,0.0292275,0.00572425,0.195852,0.00348825,0.00174412,False
light 0.25,apple-macos-27.0-1x-light-standard-glass0.25,css,checkerboard__capsule-button__rest-tint-orange,calibration,gate,C,rest,thin,t1InteriorStdDev,0.0433964,0.00629295,0.145011,-7.59862,miss,1.46325,0.0433964,0.00629295,0.145011,0.00488292,0.00244146,False
light 0.25,apple-macos-27.0-1x-light-standard-glass0.25,css,checkerboard__glass-over-glass__inactive,holdout,holdout,C,inactive,thick,t1InteriorStdDev,0.0686699,0.0764069,1.11267,1.31021,miss,0.0987109,0.0686699,0.0764069,1.11267,0.00590512,0.00295256,False
light 0.25,apple-macos-27.0-1x-light-standard-glass0.25,css,checkerboard__glass-over-glass__rest,holdout,holdout,C,rest,thick,t1InteriorStdDev,0.118801,0.121955,1.02655,0.465846,within,0.0248103,0.118801,0.121955,1.02655,0.00677146,0.00338573,False
light 0.25,apple-macos-27.0-1x-light-standard-glass0.25,css,checkerboard__rrect-lg__inactive,holdout,holdout,C,inactive,thick,t1InteriorStdDev,0.0174417,0.0304078,1.7434,2.29275,miss,0.445568,0.0174417,0.0304078,1.7434,0.00565525,0.00282763,False
light 0.25,apple-macos-27.0-1x-light-standard-glass0.25,css,checkerboard__rrect-lg__rest,holdout,holdout,C,rest,thick,t1InteriorStdDev,0.0746084,0.0575947,0.77196,-2.61915,miss,0.235439,0.0746084,0.0575947,0.77196,0.00649591,0.00324795,False
light 0.25,apple-macos-27.0-1x-light-standard-glass0.25,css,checkerboard__rrect-md__inactive,calibration,gate,C,inactive,mid,t1InteriorStdDev,0.0294509,0.0427683,1.45219,2.33458,miss,0.321226,0.0294509,0.0427683,1.45219,0.00570442,0.00285221,False
light 0.25,apple-macos-27.0-1x-light-standard-glass0.25,css,checkerboard__rrect-md__inactive-pressed,recorded,gate,C,inactive,mid,t1InteriorStdDev,0.0294509,0.102205,3.47035,12.754,miss,1.12152,0.0294509,0.102205,3.47035,0.00570442,0.00285221,False
light 0.25,apple-macos-27.0-1x-light-standard-glass0.25,css,checkerboard__rrect-md__pressed,recorded,gate,C,rest,mid,t1InteriorStdDev,0.129643,0.11065,0.853499,-2.89438,miss,0.150175,0.129643,0.11065,0.853499,0.00656195,0.00328098,False
light 0.25,apple-macos-27.0-1x-light-standard-glass0.25,css,checkerboard__rrect-md__rest,calibration,gate,C,rest,mid,t1InteriorStdDev,0.129643,0.0964956,0.744319,-5.05144,miss,0.278872,0.129643,0.0964956,0.744319,0.00656195,0.00328098,False
light 0.25,apple-macos-27.0-1x-light-standard-glass0.25,css,checkerboard__rrect-ml__inactive,probe,gate,C,inactive,thick,t1InteriorStdDev,0.0214813,0.0369499,1.7201,2.72415,miss,0.450785,0.0214813,0.0369499,1.7201,0.00567832,0.00283916,False
light 0.25,apple-macos-27.0-1x-light-standard-glass0.25,css,checkerboard__rrect-ml__rest,calibration,gate,C,rest,thick,t1InteriorStdDev,0.0983759,0.0762758,0.77535,-3.39344,miss,0.23661,0.0983759,0.0762758,0.77535,0.0065126,0.0032563,False
light 0.25,apple-macos-27.0-1x-light-standard-glass0.25,css,checkerboard__rrect-sm__inactive,calibration,gate,C,inactive,thin,t1InteriorStdDev,0.099427,0.102898,1.03491,0.582415,within,0.0324056,0.099427,0.102898,1.03491,0.00595976,0.00297988,False
light 0.25,apple-macos-27.0-1x-light-standard-glass0.25,css,checkerboard__rrect-sm__rest,calibration,gate,C,rest,thin,t1InteriorStdDev,0.188263,0.13546,0.719528,-7.81833,miss,0.315751,0.188263,0.13546,0.719528,0.00675369,0.00337685,False
light 0.25,apple-macos-27.0-1x-light-standard-glass0.25,css,checkerboard__toolbar-group__inactive,calibration,gate,C,inactive,thin,t1InteriorStdDev,0.0909852,0.0954603,1.04919,0.75977,within,0.0451594,0.0909852,0.0954603,1.04919,0.00589009,0.00294505,False
light 0.25,apple-macos-27.0-1x-light-standard-glass0.25,css,checkerboard__toolbar-group__rest,calibration,gate,C,rest,thin,t1InteriorStdDev,0.188193,0.129798,0.689706,-8.78768,miss,0.356262,0.188193,0.129798,0.689706,0.00664512,0.00332256,False
light 0.25,apple-macos-27.0-1x-light-standard-glass0.25,css,hc-text-28__rrect-lg__rest,probe,gate,C,rest,thick,t1InteriorStdDev,0.134209,0.10987,0.818651,-3.22627,miss,0.188378,0.134209,0.10987,0.818651,0.0075439,0.00377195,False
light 0.25,apple-macos-27.0-1x-light-standard-glass0.25,css,hc-text-28__rrect-md__inactive,probe,gate,C,inactive,mid,t1InteriorStdDev,0.0926839,0.0735624,0.793692,-2.93029,miss,0.214108,0.0926839,0.0735624,0.793692,0.00652544,0.00326272,False
light 0.25,apple-macos-27.0-1x-light-standard-glass0.25,css,hc-text-28__rrect-md__rest,probe,gate,C,rest,mid,t1InteriorStdDev,0.155191,0.13732,0.88484,-2.50154,miss,0.116637,0.155191,0.13732,0.88484,0.00714438,0.00357219,False
light 0.25,apple-macos-27.0-1x-light-standard-glass0.25,css,hc-text-28__rrect-sm__rest,probe,gate,C,rest,thin,t1InteriorStdDev,0.183492,0.172183,0.938364,-1.61485,within,0.061205,0.183492,0.172183,0.938364,0.00700355,0.00350177,False
light 0.25,apple-macos-27.0-1x-light-standard-glass0.25,css,hc-text__capsule-button__inactive,holdout,holdout,C,inactive,thin,t1InteriorStdDev,0.0578291,0.0544615,0.941766,-0.540588,within,0.0540029,0.0578291,0.0544615,0.941766,0.00622953,0.00311476,False
light 0.25,apple-macos-27.0-1x-light-standard-glass0.25,css,hc-text__capsule-button__inactive-tint-orange,holdout,holdout,C,inactive,thin,t1InteriorStdDev,0.0477365,0.0121779,0.255106,-6.86399,miss,1.11465,0.0477365,0.0121779,0.255106,0.00518047,0.00259023,False
light 0.25,apple-macos-27.0-1x-light-standard-glass0.25,css,hc-text__capsule-button__rest,holdout,holdout,C,rest,thin,t1InteriorStdDev,0.170891,0.075186,0.439964,-13.4825,miss,0.771544,0.170891,0.075186,0.439964,0.00709848,0.00354924,False
light 0.25,apple-macos-27.0-1x-light-standard-glass0.25,css,hc-text__capsule-button__rest-tint-orange,holdout,holdout,C,rest,thin,t1InteriorStdDev,0.0412855,0.0056935,0.137906,-7.13079,miss,1.46582,0.0412855,0.0056935,0.137906,0.00499131,0.00249565,False
light 0.25,apple-macos-27.0-1x-light-standard-glass0.25,css,hc-text__rrect-lg__inactive,probe,gate,C,inactive,thick,t1InteriorStdDev,0.120916,0.0908287,0.75117,-4.53242,miss,0.26903,0.120916,0.0908287,0.75117,0.00663829,0.00331914,False
light 0.25,apple-macos-27.0-1x-light-standard-glass0.25,css,hc-text__rrect-lg__rest,probe,gate,C,rest,thick,t1InteriorStdDev,0.12378,0.0950478,0.767877,-3.87092,miss,0.247168,0.12378,0.0950478,0.767877,0.00742257,0.00371128,False
light 0.25,apple-macos-27.0-1x-light-standard-glass0.25,css,hc-text__rrect-md__inactive,holdout,holdout,C,inactive,mid,t1InteriorStdDev,0.0683765,0.0460318,0.673212,-3.59577,miss,0.356052,0.0683765,0.0460318,0.673212,0.00621415,0.00310707,False
light 0.25,apple-macos-27.0-1x-light-standard-glass0.25,css,hc-text__rrect-md__rest,holdout,holdout,C,rest,mid,t1InteriorStdDev,0.120975,0.0684146,0.565526,-7.40069,miss,0.52828,0.120975,0.0684146,0.565526,0.00710213,0.00355106,False
light 0.25,apple-macos-27.0-1x-light-standard-glass0.25,css,hc-text__rrect-sm__inactive,probe,gate,C,inactive,thin,t1InteriorStdDev,0.0632772,0.0697195,1.10181,1.05514,miss,0.0887892,0.0632772,0.0697195,1.10181,0.00610554,0.00305277,False
light 0.25,apple-macos-27.0-1x-light-standard-glass0.25,css,hc-text__rrect-sm__rest,probe,gate,C,rest,thin,t1InteriorStdDev,0.163254,0.0933111,0.571571,-9.41866,miss,0.527275,0.163254,0.0933111,0.571571,0.00742598,0.00371299,False
light 0.25,apple-macos-27.0-1x-light-standard-glass0.25,css,impulse__capsule-button__inactive,validation,gate,C,inactive,thin,t1InteriorStdDev,0.0173175,0.00908022,0.524337,-2.52435,miss,0.511235,0.0173175,0.00908022,0.524337,0.00326314,0.00163157,False
light 0.25,apple-macos-27.0-1x-light-standard-glass0.25,css,impulse__capsule-button__inactive-tint-orange,calibration,gate,C,inactive,thin,t1InteriorStdDev,0.0091052,0.00187448,0.205869,-2.97823,miss,0.98606,0.0091052,0.00187448,0.205869,0.00242786,0.00121393,False
light 0.25,apple-macos-27.0-1x-light-standard-glass0.25,css,impulse__capsule-button__rest,validation,gate,C,rest,thin,t1InteriorStdDev,0.0340312,0.0101377,0.297894,-7.20387,miss,1.02097,0.0340312,0.0101377,0.297894,0.00331675,0.00165838,False
light 0.25,apple-macos-27.0-1x-light-standard-glass0.25,css,impulse__capsule-button__rest-tint-orange,calibration,gate,C,rest,thin,t1InteriorStdDev,0.0261068,0.00577281,0.221123,-5.15147,miss,1.12881,0.0261068,0.00577281,0.221123,0.00394723,0.00197361,False
light 0.25,apple-macos-27.0-1x-light-standard-glass0.25,css,impulse__rrect-lg__inactive,probe,gate,C,inactive,thick,t1InteriorStdDev,0.00823335,0.00295507,0.358915,-1.60541,miss,0.612743,0.00823335,0.00295507,0.358915,0.00328781,0.00164391,False
light 0.25,apple-macos-27.0-1x-light-standard-glass0.25,css,impulse__rrect-lg__rest,probe,gate,C,rest,thick,t1InteriorStdDev,0.0135799,0.0119614,0.880819,-0.478292,within,0.100271,0.0135799,0.0119614,0.880819,0.00338384,0.00169192,False
light 0.25,apple-macos-27.0-1x-light-standard-glass0.25,css,impulse__rrect-md__inactive,validation,gate,C,inactive,mid,t1InteriorStdDev,0.0105584,0.00822553,0.779051,-0.712667,within,0.184716,0.0105584,0.00822553,0.779051,0.00327343,0.00163672,False
light 0.25,apple-macos-27.0-1x-light-standard-glass0.25,css,impulse__rrect-md__rest,validation,gate,C,rest,mid,t1InteriorStdDev,0.025463,0.00761068,0.298892,-5.3559,miss,0.967462,0.025463,0.00761068,0.298892,0.0033332,0.0016666,False
light 0.25,apple-macos-27.0-1x-light-standard-glass0.25,css,impulse__rrect-ml__inactive,probe,gate,C,inactive,thick,t1InteriorStdDev,0.00866842,0.00869037,1.00253,0.00669963,within,0.00183582,0.00866842,0.00869037,1.00253,0.00327598,0.00163799,False
light 0.25,apple-macos-27.0-1x-light-standard-glass0.25,css,impulse__rrect-ml__rest,probe,gate,C,rest,thick,t1InteriorStdDev,0.0145713,0.013525,0.92819,-0.312897,within,0.0601806,0.0145713,0.013525,0.92819,0.0033441,0.00167205,False
light 0.25,apple-macos-27.0-1x-light-standard-glass0.25,css,impulse__rrect-sm__rest,probe,gate,C,rest,thin,t1InteriorStdDev,0.0500022,0.014124,0.282468,-10.6696,miss,1.11571,0.0500022,0.014124,0.282468,0.00336264,0.00168132,False
light 0.25,apple-macos-27.0-1x-light-standard-glass0.25,css,checkerboard-4__capsule-button__rest,probe,gate,F,rest,thin,t1InteriorStdDev,0.141464,0.0112936,0.0798341,-20.1616,miss,2.12029,0.141464,0.0112936,0.0798341,0.00645635,0.00322817,False
light 0.25,apple-macos-27.0-1x-light-standard-glass0.25,css,checkerboard-4__capsule-button__rest-tint-orange,probe,referee,F,rest,thin,t1InteriorStdDev,0.0359068,0.00420288,0.11705,-6.57362,miss,1.50687,0.0359068,0.00420288,0.11705,0.00482291,0.00241145,False
light 0.25,apple-macos-27.0-1x-light-standard-glass0.25,css,checkerboard-4__rrect-lg__rest,probe,gate,F,rest,thick,t1InteriorStdDev,0.0290908,0.00531567,0.182727,-3.75858,miss,1.11262,0.0290908,0.00531567,0.182727,0.00632556,0.00316278,False
light 0.25,apple-macos-27.0-1x-light-standard-glass0.25,css,checkerboard-4__rrect-md__inactive,probe,gate,F,inactive,mid,t1InteriorStdDev,0.0192223,0.00923777,0.480576,-1.76616,miss,0.513127,0.0192223,0.00923777,0.480576,0.00565322,0.00282661,False
light 0.25,apple-macos-27.0-1x-light-standard-glass0.25,css,checkerboard-4__rrect-md__rest,probe,gate,F,rest,mid,t1InteriorStdDev,0.0784422,0.0073911,0.0942235,-11.2687,miss,1.82255,0.0784422,0.0073911,0.0942235,0.00630515,0.00315258,False
light 0.25,apple-macos-27.0-1x-light-standard-glass0.25,css,checkerboard-4__rrect-ml__rest,probe,referee,F,rest,thick,t1InteriorStdDev,0.0469698,0.0053514,0.113933,-6.60874,miss,1.52011,0.0469698,0.0053514,0.113933,0.00629748,0.00314874,False
light 0.25,apple-macos-27.0-1x-light-standard-glass0.25,css,checkerboard-4__rrect-sm__rest,probe,gate,F,rest,thin,t1InteriorStdDev,0.14219,0.0134717,0.0947441,-19.9655,miss,2.00985,0.14219,0.0134717,0.0947441,0.00644705,0.00322352,False
light 0.25,apple-macos-27.0-1x-light-standard-glass0.25,css,checkerboard-8__capsule-button__rest,probe,gate,F,rest,thin,t1InteriorStdDev,0.168866,0.0238042,0.140964,-21.9585,miss,1.7527,0.168866,0.0238042,0.140964,0.00660621,0.0033031,False
light 0.25,apple-macos-27.0-1x-light-standard-glass0.25,css,checkerboard-8__capsule-button__rest-tint-orange,probe,gate,F,rest,thin,t1InteriorStdDev,0.0404254,0.00481242,0.119044,-7.33197,miss,1.54393,0.0404254,0.00481242,0.119044,0.00485721,0.00242861,False
light 0.25,apple-macos-27.0-1x-light-standard-glass0.25,css,checkerboard-8__rrect-lg__inactive,probe,referee,F,inactive,thick,t1InteriorStdDev,0.0167762,0.00897191,0.5348,-1.38346,miss,0.42792,0.0167762,0.00897191,0.5348,0.00564116,0.00282058,False
light 0.25,apple-macos-27.0-1x-light-standard-glass0.25,css,checkerboard-8__rrect-lg__rest,probe,gate,F,rest,thick,t1InteriorStdDev,0.0275163,0.0117861,0.428332,-2.49044,miss,0.625381,0.0275163,0.0117861,0.428332,0.00631622,0.00315811,False
light 0.25,apple-macos-27.0-1x-light-standard-glass0.25,css,checkerboard-8__rrect-md__inactive,probe,gate,F,inactive,mid,t1InteriorStdDev,0.0194017,0.0135298,0.697351,-1.03968,miss,0.267111,0.0194017,0.0135298,0.697351,0.00564778,0.00282389,False
light 0.25,apple-macos-27.0-1x-light-standard-glass0.25,css,checkerboard-8__rrect-md__rest,probe,gate,F,rest,mid,t1InteriorStdDev,0.0817794,0.0202583,0.247718,-9.68016,miss,1.19744,0.0817794,0.0202583,0.247718,0.00635539,0.00317769,False
light 0.25,apple-macos-27.0-1x-light-standard-glass0.25,css,checkerboard-8__rrect-ml__rest,probe,gate,F,rest,thick,t1InteriorStdDev,0.0328924,0.01561,0.474578,-2.77065,miss,0.582797,0.0328924,0.01561,0.474578,0.00623766,0.00311883,False
light 0.25,apple-macos-27.0-1x-light-standard-glass0.25,css,checkerboard-8__rrect-sm__rest,probe,referee,F,rest,thin,t1InteriorStdDev,0.17685,0.0330125,0.186669,-21.6473,miss,1.53192,0.17685,0.0330125,0.186669,0.00664459,0.0033223,False
light 0.25,apple-macos-27.0-1x-light-standard-glass0.25,css,photo__capsule-button__inactive,calibration,gate,P,inactive,thin,t1InteriorStdDev,0.0552793,0.0362314,0.655424,-3.37972,miss,0.374977,0.0552793,0.0362314,0.655424,0.00563594,0.00281797,False
light 0.25,apple-macos-27.0-1x-light-standard-glass0.25,css,photo__capsule-button__inactive-pressed,recorded,gate,P,inactive,thin,t1InteriorStdDev,0.0552793,0.0698522,1.26362,2.5857,miss,0.214492,0.0552793,0.0698522,1.26362,0.00563594,0.00281797,False
light 0.25,apple-macos-27.0-1x-light-standard-glass0.25,css,photo__capsule-button__inactive-tint-blue,calibration,gate,P,inactive,thin,t1InteriorStdDev,0.0413658,0.00392608,0.0949111,-8.19361,miss,1.6877,0.0413658,0.00392608,0.0949111,0.00456939,0.00228469,False
light 0.25,apple-macos-27.0-1x-light-standard-glass0.25,css,photo__capsule-button__inactive-tint-orange,calibration,gate,P,inactive,thin,t1InteriorStdDev,0.0413658,0.00392608,0.0949111,-8.19361,miss,1.6877,0.0413658,0.00392608,0.0949111,0.00456939,0.00228469,False
light 0.25,apple-macos-27.0-1x-light-standard-glass0.25,css,photo__capsule-button__inactive-tint-orange-half,calibration,gate,P,inactive,thin,t1InteriorStdDev,0.0476998,0.0161573,0.338729,-6.20374,miss,0.910244,0.0476998,0.0161573,0.338729,0.00508443,0.00254222,False
light 0.25,apple-macos-27.0-1x-light-standard-glass0.25,css,photo__capsule-button__pressed,recorded,gate,P,rest,thin,t1InteriorStdDev,0.0659574,0.0554416,0.840567,-1.76935,miss,0.158122,0.0659574,0.0554416,0.840567,0.00594331,0.00297165,False
light 0.25,apple-macos-27.0-1x-light-standard-glass0.25,css,photo__capsule-button__rest,calibration,gate,P,rest,thin,t1InteriorStdDev,0.0659574,0.0391585,0.593694,-4.50909,miss,0.466364,0.0659574,0.0391585,0.593694,0.00594331,0.00297165,False
light 0.25,apple-macos-27.0-1x-light-standard-glass0.25,css,photo__capsule-button__rest-tint-blue,calibration,gate,P,rest,thin,t1InteriorStdDev,0.0203427,0.00201863,0.0992312,-5.51697,miss,1.48873,0.0203427,0.00201863,0.0992312,0.0033214,0.0016607,False
light 0.25,apple-macos-27.0-1x-light-standard-glass0.25,css,photo__capsule-button__rest-tint-orange,calibration,gate,P,rest,thin,t1InteriorStdDev,0.0249037,0.00238271,0.0956769,-4.83447,miss,1.43473,0.0249037,0.00238271,0.0956769,0.00465841,0.00232921,False
light 0.25,apple-macos-27.0-1x-light-standard-glass0.25,css,photo__capsule-button__rest-tint-orange-half,calibration,gate,P,rest,thin,t1InteriorStdDev,0.0350488,0.0127145,0.362767,-4.35678,miss,0.811756,0.0350488,0.0127145,0.362767,0.00512631,0.00256315,False
light 0.25,apple-macos-27.0-1x-light-standard-glass0.25,css,photo__glass-over-glass__inactive,holdout,holdout,P,inactive,thick,t1InteriorStdDev,0.104438,0.0880932,0.843497,-2.76847,miss,0.16032,0.104438,0.0880932,0.843497,0.00590393,0.00295197,False
light 0.25,apple-macos-27.0-1x-light-standard-glass0.25,css,photo__glass-over-glass__rest,holdout,holdout,P,rest,thick,t1InteriorStdDev,0.125871,0.12272,0.974973,-0.492026,within,0.0241036,0.125871,0.12272,0.974973,0.00640239,0.0032012,False
light 0.25,apple-macos-27.0-1x-light-standard-glass0.25,css,photo__rrect-lg__inactive,holdout,holdout,P,inactive,thick,t1InteriorStdDev,0.0931328,0.0540039,0.579859,-6.87076,miss,0.504065,0.0931328,0.0540039,0.579859,0.00569499,0.00284749,False
light 0.25,apple-macos-27.0-1x-light-standard-glass0.25,css,photo__rrect-lg__inactive-tint-orange,holdout,holdout,P,inactive,thick,t1InteriorStdDev,0.0676112,0.00184098,0.027229,-14.4266,miss,2.42274,0.0676112,0.00184098,0.027229,0.00455894,0.00227947,False
light 0.25,apple-macos-27.0-1x-light-standard-glass0.25,css,photo__rrect-lg__rest,holdout,holdout,P,rest,thick,t1InteriorStdDev,0.108387,0.0499862,0.461182,-9.38504,miss,0.712457,0.108387,0.0499862,0.461182,0.00622275,0.00311138,False
light 0.25,apple-macos-27.0-1x-light-standard-glass0.25,css,photo__rrect-lg__rest-tint-orange,holdout,holdout,P,rest,thick,t1InteriorStdDev,0.0238481,0.00145308,0.0609308,-4.80135,miss,1.5392,0.0238481,0.00145308,0.0609308,0.00466431,0.00233216,False
light 0.25,apple-macos-27.0-1x-light-standard-glass0.25,css,photo__rrect-md__inactive,calibration,gate,P,inactive,mid,t1InteriorStdDev,0.0718474,0.0443667,0.617514,-4.88216,miss,0.438037,0.0718474,0.0443667,0.617514,0.00562879,0.0028144,False
light 0.25,apple-macos-27.0-1x-light-standard-glass0.25,css,photo__rrect-md__inactive-pressed,recorded,gate,P,inactive,mid,t1InteriorStdDev,0.0718474,0.0703032,0.978508,-0.274334,within,0.0201322,0.0718474,0.0703032,0.978508,0.00562879,0.0028144,False
light 0.25,apple-macos-27.0-1x-light-standard-glass0.25,css,photo__rrect-md__inactive-tint-orange,validation,gate,P,inactive,mid,t1InteriorStdDev,0.0540873,0.0024914,0.0460627,-11.3648,miss,2.12082,0.0540873,0.0024914,0.0460627,0.00453996,0.00226998,False
light 0.25,apple-macos-27.0-1x-light-standard-glass0.25,css,photo__rrect-md__pressed,recorded,gate,P,rest,mid,t1InteriorStdDev,0.0887693,0.0652672,0.735246,-3.90835,miss,0.284962,0.0887693,0.0652672,0.735246,0.00601329,0.00300664,False
light 0.25,apple-macos-27.0-1x-light-standard-glass0.25,css,photo__rrect-md__rest,calibration,gate,P,rest,mid,t1InteriorStdDev,0.0887693,0.0475144,0.535258,-6.86061,miss,0.571386,0.0887693,0.0475144,0.535258,0.00601329,0.00300664,False
light 0.25,apple-macos-27.0-1x-light-standard-glass0.25,css,photo__rrect-md__rest-tint-orange,validation,gate,P,rest,mid,t1InteriorStdDev,0.0220303,0.0017615,0.0799581,-4.37282,miss,1.42759,0.0220303,0.0017615,0.0799581,0.00463516,0.00231758,False
light 0.25,apple-macos-27.0-1x-light-standard-glass0.25,css,photo__rrect-ml__inactive,probe,gate,P,inactive,thick,t1InteriorStdDev,0.0892397,0.0535004,0.599514,-6.30394,miss,0.472508,0.0892397,0.0535004,0.599514,0.00566935,0.00283468,False
light 0.25,apple-macos-27.0-1x-light-standard-glass0.25,css,photo__rrect-ml__rest,calibration,gate,P,rest,thick,t1InteriorStdDev,0.102906,0.0512644,0.498168,-8.42945,miss,0.64176,0.102906,0.0512644,0.498168,0.00612631,0.00306315,False
light 0.25,apple-macos-27.0-1x-light-standard-glass0.25,css,photo__rrect-sm__inactive,validation,gate,P,inactive,thin,t1InteriorStdDev,0.0264008,0.0147759,0.559678,-2.1609,miss,0.455369,0.0264008,0.0147759,0.559678,0.00537964,0.00268982,False
light 0.25,apple-macos-27.0-1x-light-standard-glass0.25,css,photo__rrect-sm__rest,validation,gate,P,rest,thin,t1InteriorStdDev,0.039124,0.0176633,0.451471,-3.75556,miss,0.651281,0.039124,0.0176633,0.451471,0.00571437,0.00285718,False
light 0.25,apple-macos-27.0-1x-light-standard-glass0.25,css,photo__toolbar-group__inactive,validation,gate,P,inactive,thin,t1InteriorStdDev,0.103281,0.0676669,0.655172,-6.08305,miss,0.395014,0.103281,0.0676669,0.655172,0.00585466,0.00292733,False
light 0.25,apple-macos-27.0-1x-light-standard-glass0.25,css,photo__toolbar-group__rest,validation,gate,P,rest,thin,t1InteriorStdDev,0.109767,0.0676106,0.615947,-6.88716,miss,0.452193,0.109767,0.0676106,0.615947,0.00612101,0.0030605,False
light 0.25,apple-macos-27.0-1x-light-standard-glass0.25,css,hc-text-7__rrect-lg__rest,probe,gate,T,rest,thick,t1FineStdDev,0.0094383,0.00824151,0.873199,-0.161329,within,0.0736445,0.12385,0.0919419,0.742363,0.0074183,0.00370915,False
light 0.25,apple-macos-27.0-1x-light-standard-glass0.25,css,hc-text-7__rrect-md__inactive,probe,referee,T,inactive,mid,t1FineStdDev,0.00577119,0.0079221,1.3727,0.345078,within,0.164818,0.058292,0.0446084,0.765258,0.00623311,0.00311656,False
light 0.25,apple-macos-27.0-1x-light-standard-glass0.25,css,hc-text-7__rrect-md__rest,probe,gate,T,rest,mid,t1FineStdDev,0.0527324,0.0120797,0.229075,-5.84579,miss,1.14289,0.098574,0.0560354,0.56846,0.00695418,0.00347709,False
light 0.25,apple-macos-27.0-1x-light-standard-glass0.25,css,hc-text-7__rrect-sm__rest,probe,gate,T,rest,thin,t1FineStdDev,0.118736,0.0139074,0.117129,-14.9237,miss,1.79311,0.144709,0.0448227,0.309743,0.00702429,0.00351215,False
light 0.25,apple-macos-27.0-1x-light-standard-glass0.25,webgpu,checkerboard-32__capsule-button__rest,probe,gate,C,rest,thin,t1InteriorStdDev,0.218218,0.237552,1.0886,2.87464,within,0.082455,0.218218,0.237552,1.0886,0.00672568,0.00336284,False
light 0.25,apple-macos-27.0-1x-light-standard-glass0.25,webgpu,checkerboard-32__capsule-button__rest-tint-orange,probe,gate,C,rest,thin,t1InteriorStdDev,0.0497082,0.0517623,1.04132,0.420743,within,0.0369375,0.0497082,0.0517623,1.04132,0.00488216,0.00244108,False
light 0.25,apple-macos-27.0-1x-light-standard-glass0.25,webgpu,checkerboard-32__rrect-lg__inactive,probe,referee,C,inactive,thick,t1InteriorStdDev,0.0778144,0.0826837,1.06258,0.834619,within,0.0565805,0.0778144,0.0826837,1.06258,0.0058342,0.0029171,False
light 0.25,apple-macos-27.0-1x-light-standard-glass0.25,webgpu,checkerboard-32__rrect-lg__rest,probe,gate,C,rest,thick,t1InteriorStdDev,0.142535,0.131928,0.925583,-1.5844,within,0.0737307,0.142535,0.131928,0.925583,0.00669461,0.00334731,False
light 0.25,apple-macos-27.0-1x-light-standard-glass0.25,webgpu,checkerboard-32__rrect-md__rest,probe,gate,C,rest,mid,t1InteriorStdDev,0.170841,0.187251,1.09606,2.45618,within,0.0884143,0.170841,0.187251,1.09606,0.00668119,0.00334059,False
light 0.25,apple-macos-27.0-1x-light-standard-glass0.25,webgpu,checkerboard-32__rrect-ml__rest,probe,gate,C,rest,thick,t1InteriorStdDev,0.164799,0.159783,0.969564,-0.749452,within,0.029684,0.164799,0.159783,0.969564,0.00669257,0.00334628,False
light 0.25,apple-macos-27.0-1x-light-standard-glass0.25,webgpu,checkerboard-32__rrect-sm__rest,probe,gate,C,rest,thin,t1InteriorStdDev,0.215557,0.241139,1.11868,3.8183,miss,0.108943,0.215557,0.241139,1.11868,0.0066997,0.00334985,False
light 0.25,apple-macos-27.0-1x-light-standard-glass0.25,webgpu,checkerboard-64__capsule-button__rest,probe,gate,C,rest,thin,t1InteriorStdDev,0.301195,0.291912,0.969177,-1.34494,within,0.0305959,0.301195,0.291912,0.969177,0.00690277,0.00345139,False
light 0.25,apple-macos-27.0-1x-light-standard-glass0.25,webgpu,checkerboard-64__capsule-button__rest-tint-orange,probe,gate,C,rest,thin,t1InteriorStdDev,0.0693557,0.062168,0.896365,-1.46564,miss,0.101801,0.0693557,0.062168,0.896365,0.00490409,0.00245205,False
light 0.25,apple-macos-27.0-1x-light-standard-glass0.25,webgpu,checkerboard-64__rrect-lg__inactive,probe,gate,C,inactive,thick,t1InteriorStdDev,0.203958,0.193536,0.948902,-1.74337,within,0.0509173,0.203958,0.193536,0.948902,0.00597796,0.00298898,False
light 0.25,apple-macos-27.0-1x-light-standard-glass0.25,webgpu,checkerboard-64__rrect-lg__rest,probe,gate,C,rest,thick,t1InteriorStdDev,0.249123,0.218742,0.878047,-4.57252,miss,0.126453,0.249123,0.218742,0.878047,0.00664432,0.00332216,False
light 0.25,apple-macos-27.0-1x-light-standard-glass0.25,webgpu,checkerboard-64__rrect-md__inactive,probe,gate,C,inactive,mid,t1InteriorStdDev,0.179682,0.192449,1.07106,2.22348,within,0.0665882,0.179682,0.192449,1.07106,0.00574207,0.00287104,False
light 0.25,apple-macos-27.0-1x-light-standard-glass0.25,webgpu,checkerboard-64__rrect-md__rest,probe,gate,C,rest,mid,t1InteriorStdDev,0.243333,0.242747,0.997592,-0.0908486,within,0.00234879,0.243333,0.242747,0.997592,0.00645028,0.00322514,False
light 0.25,apple-macos-27.0-1x-light-standard-glass0.25,webgpu,checkerboard-64__rrect-ml__rest,probe,gate,C,rest,thick,t1InteriorStdDev,0.234207,0.213164,0.91015,-3.19141,within,0.0914458,0.234207,0.213164,0.91015,0.00659377,0.00329688,False
light 0.25,apple-macos-27.0-1x-light-standard-glass0.25,webgpu,checkerboard-64__rrect-sm__rest,probe,gate,C,rest,thin,t1InteriorStdDev,0.0703051,0.0175238,0.249253,-6.29568,miss,1.11097,0.0703051,0.0175238,0.249253,0.00838374,0.00419187,False
light 0.25,apple-macos-27.0-1x-light-standard-glass0.25,webgpu,checkerboard-lc16__capsule-button__inactive,probe,gate,C,inactive,thin,t1InteriorStdDev,0.042268,0.070314,1.66353,4.17164,miss,0.452648,0.042268,0.070314,1.66353,0.006723,0.0033615,False
light 0.25,apple-macos-27.0-1x-light-standard-glass0.25,webgpu,checkerboard-lc16__capsule-button__rest,probe,gate,C,rest,thin,t1InteriorStdDev,0.0877281,0.0802451,0.914702,-1.02475,within,0.0820165,0.0877281,0.0802451,0.914702,0.00730229,0.00365115,False
light 0.25,apple-macos-27.0-1x-light-standard-glass0.25,webgpu,checkerboard-lc16__rrect-lg__rest,probe,gate,C,rest,thick,t1InteriorStdDev,0.0367136,0.0414896,1.13009,0.63859,within,0.102622,0.0367136,0.0414896,1.13009,0.00747895,0.00373948,False
light 0.25,apple-macos-27.0-1x-light-standard-glass0.25,webgpu,checkerboard-lc16__rrect-md__inactive,probe,gate,C,inactive,mid,t1InteriorStdDev,0.0176791,0.0350644,1.98338,2.61504,miss,0.539202,0.0176791,0.0350644,1.98338,0.00664817,0.00332408,False
light 0.25,apple-macos-27.0-1x-light-standard-glass0.25,webgpu,checkerboard-lc16__rrect-md__rest,probe,gate,C,rest,mid,t1InteriorStdDev,0.0569988,0.0645366,1.13225,1.03475,miss,0.110879,0.0569988,0.0645366,1.13225,0.00728467,0.00364234,False
light 0.25,apple-macos-27.0-1x-light-standard-glass0.25,webgpu,checkerboard-lc16__rrect-ml__rest,probe,gate,C,rest,thick,t1InteriorStdDev,0.0447729,0.0518542,1.15816,0.957942,within,0.127291,0.0447729,0.0518542,1.15816,0.00739216,0.00369608,False
light 0.25,apple-macos-27.0-1x-light-standard-glass0.25,webgpu,checkerboard-lc16__rrect-sm__rest,probe,gate,C,rest,thin,t1InteriorStdDev,0.0912854,0.0803688,0.880412,-1.50199,miss,0.117397,0.0912854,0.0803688,0.880412,0.00726808,0.00363404,False
light 0.25,apple-macos-27.0-1x-light-standard-glass0.25,webgpu,checkerboard__capsule-button__inactive,calibration,gate,C,inactive,thin,t1InteriorStdDev,0.0857392,0.124295,1.44968,6.51867,miss,0.351123,0.0857392,0.124295,1.44968,0.0059146,0.0029573,False
light 0.25,apple-macos-27.0-1x-light-standard-glass0.25,webgpu,checkerboard__capsule-button__inactive-pressed,recorded,gate,C,inactive,thin,t1InteriorStdDev,0.0857392,0.178859,2.08608,15.744,miss,0.70111,0.0857392,0.178859,2.08608,0.0059146,0.0029573,False
light 0.25,apple-macos-27.0-1x-light-standard-glass0.25,webgpu,checkerboard__capsule-button__inactive-tint-blue,validation,gate,C,inactive,thin,t1InteriorStdDev,0.0698697,0.0916964,1.31239,4.45659,miss,0.256137,0.0698697,0.0916964,1.31239,0.00489765,0.00244882,False
light 0.25,apple-macos-27.0-1x-light-standard-glass0.25,webgpu,checkerboard__capsule-button__inactive-tint-orange,calibration,gate,C,inactive,thin,t1InteriorStdDev,0.0698697,0.0916964,1.31239,4.45659,miss,0.256137,0.0698697,0.0916964,1.31239,0.00489765,0.00244882,False
light 0.25,apple-macos-27.0-1x-light-standard-glass0.25,webgpu,checkerboard__capsule-button__pressed,recorded,gate,C,rest,thin,t1InteriorStdDev,0.185751,0.226314,1.21837,6.03935,miss,0.191242,0.185751,0.226314,1.21837,0.00671645,0.00335822,False
light 0.25,apple-macos-27.0-1x-light-standard-glass0.25,webgpu,checkerboard__capsule-button__rest,calibration,gate,C,rest,thin,t1InteriorStdDev,0.185751,0.194275,1.04589,1.26912,within,0.0433353,0.185751,0.194275,1.04589,0.00671645,0.00335822,False
light 0.25,apple-macos-27.0-1x-light-standard-glass0.25,webgpu,checkerboard__capsule-button__rest-tint-blue,validation,gate,C,rest,thin,t1InteriorStdDev,0.0292275,0.0282149,0.965357,-0.290272,within,0.0314387,0.0292275,0.0282149,0.965357,0.00348825,0.00174412,False
light 0.25,apple-macos-27.0-1x-light-standard-glass0.25,webgpu,checkerboard__capsule-button__rest-tint-orange,calibration,gate,C,rest,thin,t1InteriorStdDev,0.0433964,0.0438668,1.01084,0.0963437,within,0.00969693,0.0433964,0.0438668,1.01084,0.00488292,0.00244146,False
light 0.25,apple-macos-27.0-1x-light-standard-glass0.25,webgpu,checkerboard__glass-over-glass__inactive,holdout,holdout,C,inactive,thick,t1InteriorStdDev,0.0686699,0.0877004,1.27713,3.22271,miss,0.227283,0.0686699,0.0877004,1.27713,0.00590512,0.00295256,False
light 0.25,apple-macos-27.0-1x-light-standard-glass0.25,webgpu,checkerboard__glass-over-glass__rest,holdout,holdout,C,rest,thick,t1InteriorStdDev,0.118801,0.146536,1.23346,4.09594,miss,0.199566,0.118801,0.146536,1.23346,0.00677146,0.00338573,False
light 0.25,apple-macos-27.0-1x-light-standard-glass0.25,webgpu,checkerboard__rrect-lg__inactive,holdout,holdout,C,inactive,thick,t1InteriorStdDev,0.0174417,0.0484428,2.77741,5.48182,miss,0.851097,0.0174417,0.0484428,2.77741,0.00565525,0.00282763,False
light 0.25,apple-macos-27.0-1x-light-standard-glass0.25,webgpu,checkerboard__rrect-lg__rest,holdout,holdout,C,rest,thick,t1InteriorStdDev,0.0746084,0.0959785,1.28643,3.28978,miss,0.233877,0.0746084,0.0959785,1.28643,0.00649591,0.00324795,False
light 0.25,apple-macos-27.0-1x-light-standard-glass0.25,webgpu,checkerboard__rrect-md__inactive,calibration,gate,C,inactive,mid,t1InteriorStdDev,0.0294509,0.0622792,2.11468,5.7549,miss,0.659492,0.0294509,0.0622792,2.11468,0.00570442,0.00285221,False
light 0.25,apple-macos-27.0-1x-light-standard-glass0.25,webgpu,checkerboard__rrect-md__inactive-pressed,recorded,gate,C,inactive,mid,t1InteriorStdDev,0.0294509,0.140478,4.7699,19.4633,miss,1.42508,0.0294509,0.140478,4.7699,0.00570442,0.00285221,False
light 0.25,apple-macos-27.0-1x-light-standard-glass0.25,webgpu,checkerboard__rrect-md__pressed,recorded,gate,C,rest,mid,t1InteriorStdDev,0.129643,0.19555,1.50838,10.0438,miss,0.394662,0.129643,0.19555,1.50838,0.00656195,0.00328098,False
light 0.25,apple-macos-27.0-1x-light-standard-glass0.25,webgpu,checkerboard__rrect-md__rest,calibration,gate,C,rest,mid,t1InteriorStdDev,0.129643,0.154078,1.18848,3.72376,miss,0.165006,0.129643,0.154078,1.18848,0.00656195,0.00328098,False
light 0.25,apple-macos-27.0-1x-light-standard-glass0.25,webgpu,checkerboard__rrect-ml__inactive,probe,gate,C,inactive,thick,t1InteriorStdDev,0.0214813,0.0548997,2.5557,5.88526,miss,0.8022,0.0214813,0.0548997,2.5557,0.00567832,0.00283916,False
light 0.25,apple-macos-27.0-1x-light-standard-glass0.25,webgpu,checkerboard__rrect-ml__rest,calibration,gate,C,rest,thick,t1InteriorStdDev,0.0983759,0.123114,1.25146,3.79848,miss,0.211759,0.0983759,0.123114,1.25146,0.0065126,0.0032563,False
light 0.25,apple-macos-27.0-1x-light-standard-glass0.25,webgpu,checkerboard__rrect-sm__inactive,calibration,gate,C,inactive,thin,t1InteriorStdDev,0.099427,0.146114,1.46956,7.83363,miss,0.366726,0.099427,0.146114,1.46956,0.00595976,0.00297988,False
light 0.25,apple-macos-27.0-1x-light-standard-glass0.25,webgpu,checkerboard__rrect-sm__rest,calibration,gate,C,rest,thin,t1InteriorStdDev,0.188263,0.211344,1.1226,3.41746,miss,0.111856,0.188263,0.211344,1.1226,0.00675369,0.00337685,False
light 0.25,apple-macos-27.0-1x-light-standard-glass0.25,webgpu,checkerboard__toolbar-group__inactive,calibration,gate,C,inactive,thin,t1InteriorStdDev,0.0909852,0.136062,1.49543,7.65294,miss,0.382063,0.0909852,0.136062,1.49543,0.00589009,0.00294505,False
light 0.25,apple-macos-27.0-1x-light-standard-glass0.25,webgpu,checkerboard__toolbar-group__rest,calibration,gate,C,rest,thin,t1InteriorStdDev,0.188193,0.201056,1.06835,1.93565,within,0.0639294,0.188193,0.201056,1.06835,0.00664512,0.00332256,False
light 0.25,apple-macos-27.0-1x-light-standard-glass0.25,webgpu,hc-text-28__rrect-lg__rest,probe,gate,C,rest,thick,t1InteriorStdDev,0.134209,0.134824,1.00459,0.0815732,within,0.00433183,0.134209,0.134824,1.00459,0.0075439,0.00377195,False
light 0.25,apple-macos-27.0-1x-light-standard-glass0.25,webgpu,hc-text-28__rrect-md__inactive,probe,gate,C,inactive,mid,t1InteriorStdDev,0.0926839,0.0926393,0.999519,-0.00682548,within,0.000449043,0.0926839,0.0926393,0.999519,0.00652544,0.00326272,False
light 0.25,apple-macos-27.0-1x-light-standard-glass0.25,webgpu,hc-text-28__rrect-md__rest,probe,gate,C,rest,mid,t1InteriorStdDev,0.155191,0.181694,1.17077,3.70958,miss,0.151225,0.155191,0.181694,1.17077,0.00714438,0.00357219,False
light 0.25,apple-macos-27.0-1x-light-standard-glass0.25,webgpu,hc-text-28__rrect-sm__rest,probe,gate,C,rest,thin,t1InteriorStdDev,0.183492,0.200077,1.09038,2.36797,within,0.083475,0.183492,0.200077,1.09038,0.00700355,0.00350177,False
light 0.25,apple-macos-27.0-1x-light-standard-glass0.25,webgpu,hc-text__capsule-button__inactive,holdout,holdout,C,inactive,thin,t1InteriorStdDev,0.0578291,0.112531,1.94593,8.78112,miss,0.617313,0.0578291,0.112531,1.94593,0.00622953,0.00311476,False
light 0.25,apple-macos-27.0-1x-light-standard-glass0.25,webgpu,hc-text__capsule-button__inactive-tint-orange,holdout,holdout,C,inactive,thin,t1InteriorStdDev,0.0477365,0.08305,1.73976,6.81665,miss,0.511227,0.0477365,0.08305,1.73976,0.00518047,0.00259023,False
light 0.25,apple-macos-27.0-1x-light-standard-glass0.25,webgpu,hc-text__capsule-button__rest,holdout,holdout,C,rest,thin,t1InteriorStdDev,0.170891,0.173036,1.01255,0.302108,within,0.0119765,0.170891,0.173036,1.01255,0.00709848,0.00354924,False
light 0.25,apple-macos-27.0-1x-light-standard-glass0.25,webgpu,hc-text__capsule-button__rest-tint-orange,holdout,holdout,C,rest,thin,t1InteriorStdDev,0.0412855,0.0392505,0.950709,-0.407709,within,0.0449708,0.0412855,0.0392505,0.950709,0.00499131,0.00249565,False
light 0.25,apple-macos-27.0-1x-light-standard-glass0.25,webgpu,hc-text__rrect-lg__inactive,probe,gate,C,inactive,thick,t1InteriorStdDev,0.120916,0.0998987,0.826181,-3.1661,miss,0.180051,0.120916,0.0998987,0.826181,0.00663829,0.00331914,False
light 0.25,apple-macos-27.0-1x-light-standard-glass0.25,webgpu,hc-text__rrect-lg__rest,probe,gate,C,rest,thick,t1InteriorStdDev,0.12378,0.116457,0.94084,-0.986559,within,0.057431,0.12378,0.116457,0.94084,0.00742257,0.00371128,False
light 0.25,apple-macos-27.0-1x-light-standard-glass0.25,webgpu,hc-text__rrect-md__inactive,holdout,holdout,C,inactive,mid,t1InteriorStdDev,0.0683765,0.0721121,1.05463,0.601148,within,0.0488679,0.0683765,0.0721121,1.05463,0.00621415,0.00310707,False
light 0.25,apple-macos-27.0-1x-light-standard-glass0.25,webgpu,hc-text__rrect-md__rest,holdout,holdout,C,rest,mid,t1InteriorStdDev,0.120975,0.145022,1.19877,3.38581,miss,0.17206,0.120975,0.145022,1.19877,0.00710213,0.00355106,False
light 0.25,apple-macos-27.0-1x-light-standard-glass0.25,webgpu,hc-text__rrect-sm__inactive,probe,gate,C,inactive,thin,t1InteriorStdDev,0.0632772,0.123604,1.95337,9.8806,miss,0.625656,0.0632772,0.123604,1.95337,0.00610554,0.00305277,False
light 0.25,apple-macos-27.0-1x-light-standard-glass0.25,webgpu,hc-text__rrect-sm__rest,probe,gate,C,rest,thin,t1InteriorStdDev,0.163254,0.174286,1.06758,1.48566,within,0.0626354,0.163254,0.174286,1.06758,0.00742598,0.00371299,False
light 0.25,apple-macos-27.0-1x-light-standard-glass0.25,webgpu,impulse__capsule-button__inactive,validation,gate,C,inactive,thin,t1InteriorStdDev,0.0173175,0.0153561,0.886736,-0.601095,within,0.100158,0.0173175,0.0153561,0.886736,0.00326314,0.00163157,False
light 0.25,apple-macos-27.0-1x-light-standard-glass0.25,webgpu,impulse__capsule-button__inactive-tint-orange,calibration,gate,C,inactive,thin,t1InteriorStdDev,0.0091052,0.00999601,1.09784,0.366915,within,0.0744024,0.0091052,0.00999601,1.09784,0.00242786,0.00121393,False
light 0.25,apple-macos-27.0-1x-light-standard-glass0.25,webgpu,impulse__capsule-button__rest,validation,gate,C,rest,thin,t1InteriorStdDev,0.0340312,0.0299427,0.879861,-1.23267,miss,0.115939,0.0340312,0.0299427,0.879861,0.00331675,0.00165838,False
light 0.25,apple-macos-27.0-1x-light-standard-glass0.25,webgpu,impulse__capsule-button__rest-tint-orange,calibration,gate,C,rest,thin,t1InteriorStdDev,0.0261068,0.025129,0.962546,-0.247718,within,0.0330757,0.0261068,0.025129,0.962546,0.00394723,0.00197361,False
light 0.25,apple-macos-27.0-1x-light-standard-glass0.25,webgpu,impulse__rrect-lg__inactive,probe,gate,C,inactive,thick,t1InteriorStdDev,0.00823335,0.00530162,0.64392,-0.891696,within,0.293653,0.00823335,0.00530162,0.64392,0.00328781,0.00164391,False
light 0.25,apple-macos-27.0-1x-light-standard-glass0.25,webgpu,impulse__rrect-lg__rest,probe,gate,C,rest,thick,t1InteriorStdDev,0.0135799,0.0154668,1.13895,0.557621,within,0.105469,0.0135799,0.0154668,1.13895,0.00338384,0.00169192,False
light 0.25,apple-macos-27.0-1x-light-standard-glass0.25,webgpu,impulse__rrect-md__inactive,validation,gate,C,inactive,mid,t1InteriorStdDev,0.0105584,0.0100248,0.949461,-0.163013,within,0.0393425,0.0105584,0.0100248,0.949461,0.00327343,0.00163672,False
light 0.25,apple-macos-27.0-1x-light-standard-glass0.25,webgpu,impulse__rrect-md__rest,validation,gate,C,rest,mid,t1InteriorStdDev,0.025463,0.0238149,0.935275,-0.494445,within,0.0589359,0.025463,0.0238149,0.935275,0.0033332,0.0016666,False
light 0.25,apple-macos-27.0-1x-light-standard-glass0.25,webgpu,impulse__rrect-ml__inactive,probe,gate,C,inactive,thick,t1InteriorStdDev,0.00866842,0.00476038,0.549163,-1.19294,miss,0.396287,0.00866842,0.00476038,0.549163,0.00327598,0.00163799,False
light 0.25,apple-macos-27.0-1x-light-standard-glass0.25,webgpu,impulse__rrect-ml__rest,probe,gate,C,rest,thick,t1InteriorStdDev,0.0145713,0.0163739,1.12371,0.539042,within,0.0958717,0.0145713,0.0163739,1.12371,0.0033441,0.00167205,False
light 0.25,apple-macos-27.0-1x-light-standard-glass0.25,webgpu,impulse__rrect-sm__rest,probe,gate,C,rest,thin,t1InteriorStdDev,0.0500022,0.0396843,0.793652,-3.06838,miss,0.21486,0.0500022,0.0396843,0.793652,0.00336264,0.00168132,False
light 0.25,apple-macos-27.0-1x-light-standard-glass0.25,webgpu,checkerboard-4__capsule-button__rest,probe,gate,F,rest,thin,t1InteriorStdDev,0.141464,0.0486332,0.343786,-14.3782,miss,0.987711,0.141464,0.0486332,0.343786,0.00645635,0.00322817,False
light 0.25,apple-macos-27.0-1x-light-standard-glass0.25,webgpu,checkerboard-4__capsule-button__rest-tint-orange,probe,referee,F,rest,thin,t1InteriorStdDev,0.0359068,0.023046,0.641828,-2.66661,miss,0.379446,0.0359068,0.023046,0.641828,0.00482291,0.00241145,False
light 0.25,apple-macos-27.0-1x-light-standard-glass0.25,webgpu,checkerboard-4__rrect-lg__rest,probe,gate,F,rest,thick,t1InteriorStdDev,0.0290908,0.025875,0.889456,-0.508383,within,0.0951902,0.0290908,0.025875,0.889456,0.00632556,0.00316278,False
light 0.25,apple-macos-27.0-1x-light-standard-glass0.25,webgpu,checkerboard-4__rrect-md__inactive,probe,gate,F,inactive,mid,t1InteriorStdDev,0.0192223,0.0224039,1.16552,0.562791,within,0.120358,0.0192223,0.0224039,1.16552,0.00565322,0.00282661,False
light 0.25,apple-macos-27.0-1x-light-standard-glass0.25,webgpu,checkerboard-4__rrect-md__rest,probe,gate,F,rest,mid,t1InteriorStdDev,0.0784422,0.0390991,0.498445,-6.23984,miss,0.624069,0.0784422,0.0390991,0.498445,0.00630515,0.00315258,False
light 0.25,apple-macos-27.0-1x-light-standard-glass0.25,webgpu,checkerboard-4__rrect-ml__rest,probe,referee,F,rest,thick,t1InteriorStdDev,0.0469698,0.0317673,0.676334,-2.41406,miss,0.336033,0.0469698,0.0317673,0.676334,0.00629748,0.00314874,False
light 0.25,apple-macos-27.0-1x-light-standard-glass0.25,webgpu,checkerboard-4__rrect-sm__rest,probe,gate,F,rest,thin,t1InteriorStdDev,0.14219,0.0501173,0.352467,-14.2814,miss,0.96613,0.14219,0.0501173,0.352467,0.00644705,0.00322352,False
light 0.25,apple-macos-27.0-1x-light-standard-glass0.25,webgpu,checkerboard-8__capsule-button__rest,probe,gate,F,rest,thin,t1InteriorStdDev,0.168866,0.134079,0.793996,-5.26584,miss,0.220957,0.168866,0.134079,0.793996,0.00660621,0.0033031,False
light 0.25,apple-macos-27.0-1x-light-standard-glass0.25,webgpu,checkerboard-8__capsule-button__rest-tint-orange,probe,gate,F,rest,thin,t1InteriorStdDev,0.0404254,0.0340802,0.843041,-1.30633,miss,0.150966,0.0404254,0.0340802,0.843041,0.00485721,0.00242861,False
light 0.25,apple-macos-27.0-1x-light-standard-glass0.25,webgpu,checkerboard-8__rrect-lg__inactive,probe,referee,F,inactive,thick,t1InteriorStdDev,0.0167762,0.0366484,2.18454,3.52271,miss,0.634704,0.0167762,0.0366484,2.18454,0.00564116,0.00282058,False
light 0.25,apple-macos-27.0-1x-light-standard-glass0.25,webgpu,checkerboard-8__rrect-lg__rest,probe,gate,F,rest,thick,t1InteriorStdDev,0.0275163,0.0693098,2.51887,6.61686,miss,0.804379,0.0275163,0.0693098,2.51887,0.00631622,0.00315811,False
light 0.25,apple-macos-27.0-1x-light-standard-glass0.25,webgpu,checkerboard-8__rrect-md__inactive,probe,gate,F,inactive,mid,t1InteriorStdDev,0.0194017,0.0466381,2.40381,4.82249,miss,0.735873,0.0194017,0.0466381,2.40381,0.00564778,0.00282389,False
light 0.25,apple-macos-27.0-1x-light-standard-glass0.25,webgpu,checkerboard-8__rrect-md__rest,probe,gate,F,rest,mid,t1InteriorStdDev,0.0817794,0.112357,1.3739,4.81127,miss,0.297835,0.0817794,0.112357,1.3739,0.00635539,0.00317769,False
light 0.25,apple-macos-27.0-1x-light-standard-glass0.25,webgpu,checkerboard-8__rrect-ml__rest,probe,gate,F,rest,thick,t1InteriorStdDev,0.0328924,0.0895116,2.72135,9.07699,miss,0.894842,0.0328924,0.0895116,2.72135,0.00623766,0.00311883,False
light 0.25,apple-macos-27.0-1x-light-standard-glass0.25,webgpu,checkerboard-8__rrect-sm__rest,probe,referee,F,rest,thin,t1InteriorStdDev,0.17685,0.152525,0.862454,-3.66087,miss,0.142215,0.17685,0.152525,0.862454,0.00664459,0.0033223,False
light 0.25,apple-macos-27.0-1x-light-standard-glass0.25,webgpu,photo__capsule-button__inactive,calibration,gate,P,inactive,thin,t1InteriorStdDev,0.0552793,0.0447506,0.809536,-1.86813,miss,0.189759,0.0552793,0.0447506,0.809536,0.00563594,0.00281797,False
light 0.25,apple-macos-27.0-1x-light-standard-glass0.25,webgpu,photo__capsule-button__inactive-pressed,recorded,gate,P,inactive,thin,t1InteriorStdDev,0.0552793,0.0805316,1.45681,4.48058,miss,0.34681,0.0552793,0.0805316,1.45681,0.00563594,0.00281797,False
light 0.25,apple-macos-27.0-1x-light-standard-glass0.25,webgpu,photo__capsule-button__inactive-tint-blue,calibration,gate,P,inactive,thin,t1InteriorStdDev,0.0413658,0.0326174,0.788511,-1.91457,miss,0.211278,0.0413658,0.0326174,0.788511,0.00456939,0.00228469,False
light 0.25,apple-macos-27.0-1x-light-standard-glass0.25,webgpu,photo__capsule-button__inactive-tint-orange,calibration,gate,P,inactive,thin,t1InteriorStdDev,0.0413658,0.0326174,0.788511,-1.91457,miss,0.211278,0.0413658,0.0326174,0.788511,0.00456939,0.00228469,False
light 0.25,apple-macos-27.0-1x-light-standard-glass0.25,webgpu,photo__capsule-button__inactive-tint-orange-half,calibration,gate,P,inactive,thin,t1InteriorStdDev,0.0476998,0.0377381,0.791159,-1.95925,miss,0.209147,0.0476998,0.0377381,0.791159,0.00508443,0.00254222,False
light 0.25,apple-macos-27.0-1x-light-standard-glass0.25,webgpu,photo__capsule-button__pressed,recorded,gate,P,rest,thin,t1InteriorStdDev,0.0659574,0.0893665,1.35491,3.93873,miss,0.281846,0.0659574,0.0893665,1.35491,0.00594331,0.00297165,False
light 0.25,apple-macos-27.0-1x-light-standard-glass0.25,webgpu,photo__capsule-button__rest,calibration,gate,P,rest,thin,t1InteriorStdDev,0.0659574,0.0429015,0.650442,-3.87931,miss,0.386639,0.0659574,0.0429015,0.650442,0.00594331,0.00297165,False
light 0.25,apple-macos-27.0-1x-light-standard-glass0.25,webgpu,photo__capsule-button__rest-tint-blue,calibration,gate,P,rest,thin,t1InteriorStdDev,0.0203427,0.013257,0.651683,-2.13335,miss,0.355859,0.0203427,0.013257,0.651683,0.0033214,0.0016607,False
light 0.25,apple-macos-27.0-1x-light-standard-glass0.25,webgpu,photo__capsule-button__rest-tint-orange,calibration,gate,P,rest,thin,t1InteriorStdDev,0.0249037,0.014476,0.581279,-2.23846,miss,0.435005,0.0249037,0.014476,0.581279,0.00465841,0.00232921,False
light 0.25,apple-macos-27.0-1x-light-standard-glass0.25,webgpu,photo__capsule-button__rest-tint-orange-half,calibration,gate,P,rest,thin,t1InteriorStdDev,0.0350488,0.0222913,0.636009,-2.48862,miss,0.38206,0.0350488,0.0222913,0.636009,0.00512631,0.00256315,False
light 0.25,apple-macos-27.0-1x-light-standard-glass0.25,webgpu,photo__glass-over-glass__inactive,holdout,holdout,P,inactive,thick,t1InteriorStdDev,0.104438,0.0932289,0.892672,-1.89858,miss,0.107123,0.104438,0.0932289,0.892672,0.00590393,0.00295197,False
light 0.25,apple-macos-27.0-1x-light-standard-glass0.25,webgpu,photo__glass-over-glass__rest,holdout,holdout,P,rest,thick,t1InteriorStdDev,0.125871,0.120217,0.955087,-0.882992,within,0.0436796,0.125871,0.120217,0.955087,0.00640239,0.0032012,False
light 0.25,apple-macos-27.0-1x-light-standard-glass0.25,webgpu,photo__rrect-lg__inactive,holdout,holdout,P,inactive,thick,t1InteriorStdDev,0.0931328,0.0664561,0.713563,-4.68424,miss,0.314616,0.0931328,0.0664561,0.713563,0.00569499,0.00284749,False
light 0.25,apple-macos-27.0-1x-light-standard-glass0.25,webgpu,photo__rrect-lg__inactive-tint-orange,holdout,holdout,P,inactive,thick,t1InteriorStdDev,0.0676112,0.0486667,0.719803,-4.15546,miss,0.304486,0.0676112,0.0486667,0.719803,0.00455894,0.00227947,False
light 0.25,apple-macos-27.0-1x-light-standard-glass0.25,webgpu,photo__rrect-lg__rest,holdout,holdout,P,rest,thick,t1InteriorStdDev,0.108387,0.0643666,0.593859,-7.0741,miss,0.484654,0.108387,0.0643666,0.593859,0.00622275,0.00311138,False
light 0.25,apple-macos-27.0-1x-light-standard-glass0.25,webgpu,photo__rrect-lg__rest-tint-orange,holdout,holdout,P,rest,thick,t1InteriorStdDev,0.0238481,0.0156379,0.655731,-1.76021,miss,0.339607,0.0238481,0.0156379,0.655731,0.00466431,0.00233216,False
light 0.25,apple-macos-27.0-1x-light-standard-glass0.25,webgpu,photo__rrect-md__inactive,calibration,gate,P,inactive,mid,t1InteriorStdDev,0.0718474,0.0558097,0.776781,-2.84922,miss,0.231934,0.0718474,0.0558097,0.776781,0.00562879,0.0028144,False
light 0.25,apple-macos-27.0-1x-light-standard-glass0.25,webgpu,photo__rrect-md__inactive-pressed,recorded,gate,P,inactive,mid,t1InteriorStdDev,0.0718474,0.0866566,1.20612,2.63098,miss,0.174915,0.0718474,0.0866566,1.20612,0.00562879,0.0028144,False
light 0.25,apple-macos-27.0-1x-light-standard-glass0.25,webgpu,photo__rrect-md__inactive-tint-orange,validation,gate,P,inactive,mid,t1InteriorStdDev,0.0540873,0.0407908,0.754166,-2.92877,miss,0.257214,0.0540873,0.0407908,0.754166,0.00453996,0.00226998,False
light 0.25,apple-macos-27.0-1x-light-standard-glass0.25,webgpu,photo__rrect-md__pressed,recorded,gate,P,rest,mid,t1InteriorStdDev,0.0887693,0.0982871,1.10722,1.58281,miss,0.0956901,0.0887693,0.0982871,1.10722,0.00601329,0.00300664,False
light 0.25,apple-macos-27.0-1x-light-standard-glass0.25,webgpu,photo__rrect-md__rest,calibration,gate,P,rest,mid,t1InteriorStdDev,0.0887693,0.0573298,0.645829,-5.22833,miss,0.403019,0.0887693,0.0573298,0.645829,0.00601329,0.00300664,False
light 0.25,apple-macos-27.0-1x-light-standard-glass0.25,webgpu,photo__rrect-md__rest-tint-orange,validation,gate,P,rest,mid,t1InteriorStdDev,0.0220303,0.0152637,0.69285,-1.45984,miss,0.292707,0.0220303,0.0152637,0.69285,0.00463516,0.00231758,False
light 0.25,apple-macos-27.0-1x-light-standard-glass0.25,webgpu,photo__rrect-ml__inactive,probe,gate,P,inactive,thick,t1InteriorStdDev,0.0892397,0.066805,0.748602,-3.95718,miss,0.269686,0.0892397,0.066805,0.748602,0.00566935,0.00283468,False
light 0.25,apple-macos-27.0-1x-light-standard-glass0.25,webgpu,photo__rrect-ml__rest,calibration,gate,P,rest,thick,t1InteriorStdDev,0.102906,0.0658442,0.639849,-6.04958,miss,0.415386,0.102906,0.0658442,0.639849,0.00612631,0.00306315,False
light 0.25,apple-macos-27.0-1x-light-standard-glass0.25,webgpu,photo__rrect-sm__inactive,validation,gate,P,inactive,thin,t1InteriorStdDev,0.0264008,0.0180686,0.684396,-1.54884,miss,0.304055,0.0264008,0.0180686,0.684396,0.00537964,0.00268982,False
light 0.25,apple-macos-27.0-1x-light-standard-glass0.25,webgpu,photo__rrect-sm__rest,validation,gate,P,rest,thin,t1InteriorStdDev,0.039124,0.0237221,0.606331,-2.69529,miss,0.42083,0.039124,0.0237221,0.606331,0.00571437,0.00285718,False
light 0.25,apple-macos-27.0-1x-light-standard-glass0.25,webgpu,photo__toolbar-group__inactive,validation,gate,P,inactive,thin,t1InteriorStdDev,0.103281,0.0697203,0.675054,-5.73232,miss,0.367467,0.103281,0.0697203,0.675054,0.00585466,0.00292733,False
light 0.25,apple-macos-27.0-1x-light-standard-glass0.25,webgpu,photo__toolbar-group__rest,validation,gate,P,rest,thin,t1InteriorStdDev,0.109767,0.0785441,0.715553,-5.10093,miss,0.31392,0.109767,0.0785441,0.715553,0.00612101,0.0030605,False
light 0.25,apple-macos-27.0-1x-light-standard-glass0.25,webgpu,hc-text-7__rrect-lg__rest,probe,gate,T,rest,thick,t1FineStdDev,0.0094383,0.0340311,3.60564,3.31516,miss,0.899732,0.12385,0.0995659,0.803922,0.0074183,0.00370915,False
light 0.25,apple-macos-27.0-1x-light-standard-glass0.25,webgpu,hc-text-7__rrect-md__inactive,probe,referee,T,inactive,mid,t1FineStdDev,0.00577119,0.0229786,3.9816,2.76064,miss,0.889304,0.058292,0.056876,0.975709,0.00623311,0.00311656,False
light 0.25,apple-macos-27.0-1x-light-standard-glass0.25,webgpu,hc-text-7__rrect-md__rest,probe,gate,T,rest,mid,t1FineStdDev,0.0527324,0.0601989,1.14159,1.07367,miss,0.117868,0.098574,0.0883777,0.896562,0.00695418,0.00347709,False
light 0.25,apple-macos-27.0-1x-light-standard-glass0.25,webgpu,hc-text-7__rrect-sm__rest,probe,gate,T,rest,thin,t1FineStdDev,0.118736,0.0789327,0.664774,-5.66655,miss,0.380532,0.144709,0.0962717,0.665277,0.00702429,0.00351215,False
light 0.25,apple-macos-27.0-2x-light-standard-glass0.25,css,checkerboard-32__capsule-button__rest,probe,gate,C,rest,thin,t1InteriorStdDev,0.219463,0.232968,1.06154,1.99367,within,0.0579817,0.219463,0.232968,1.06154,0.0067741,0.00338705,False
light 0.25,apple-macos-27.0-2x-light-standard-glass0.25,css,checkerboard-32__capsule-button__rest-tint-orange,probe,gate,C,rest,thin,t1InteriorStdDev,0.0506361,0.00500258,0.0987948,-9.32411,miss,1.72472,0.0506361,0.00500258,0.0987948,0.00489414,0.00244707,False
light 0.25,apple-macos-27.0-2x-light-standard-glass0.25,css,checkerboard-32__rrect-lg__inactive,probe,referee,C,inactive,thick,t1InteriorStdDev,0.0836886,0.0826806,0.987956,-0.171653,within,0.011318,0.0836886,0.0826806,0.987956,0.00587192,0.00293596,False
light 0.25,apple-macos-27.0-2x-light-standard-glass0.25,css,checkerboard-32__rrect-lg__rest,probe,gate,C,rest,thick,t1InteriorStdDev,0.133635,0.0851787,0.637396,-7.26787,miss,0.42369,0.133635,0.0851787,0.637396,0.00666727,0.00333363,False
light 0.25,apple-macos-27.0-2x-light-standard-glass0.25,css,checkerboard-32__rrect-md__rest,probe,gate,C,rest,mid,t1InteriorStdDev,0.181683,0.157625,0.867585,-3.57433,miss,0.136604,0.181683,0.157625,0.867585,0.00673062,0.00336531,False
light 0.25,apple-macos-27.0-2x-light-standard-glass0.25,css,checkerboard-32__rrect-ml__rest,probe,gate,C,rest,thick,t1InteriorStdDev,0.155605,0.134798,0.866286,-3.12952,miss,0.137235,0.155605,0.134798,0.866286,0.00664846,0.00332423,False
light 0.25,apple-macos-27.0-2x-light-standard-glass0.25,css,checkerboard-32__rrect-sm__rest,probe,gate,C,rest,thin,t1InteriorStdDev,0.216083,0.240166,1.11145,3.56272,miss,0.102618,0.216083,0.240166,1.11145,0.00675952,0.00337976,False
light 0.25,apple-macos-27.0-2x-light-standard-glass0.25,css,checkerboard-64__capsule-button__rest,probe,gate,C,rest,thin,t1InteriorStdDev,0.297873,0.300337,1.00827,0.355355,within,0.0080503,0.297873,0.300337,1.00827,0.00693304,0.00346652,False
light 0.25,apple-macos-27.0-2x-light-standard-glass0.25,css,checkerboard-64__capsule-button__rest-tint-orange,probe,gate,C,rest,thin,t1InteriorStdDev,0.0691124,0.00499995,0.0723452,-13.0447,miss,2.01041,0.0691124,0.00499995,0.0723452,0.00491482,0.00245741,False
light 0.25,apple-macos-27.0-2x-light-standard-glass0.25,css,checkerboard-64__rrect-lg__inactive,probe,gate,C,inactive,thick,t1InteriorStdDev,0.205198,0.207135,1.00944,0.322652,within,0.00912898,0.205198,0.207135,1.00944,0.00600298,0.00300149,False
light 0.25,apple-macos-27.0-2x-light-standard-glass0.25,css,checkerboard-64__rrect-lg__rest,probe,gate,C,rest,thick,t1InteriorStdDev,0.244555,0.207784,0.849641,-5.54064,miss,0.158277,0.244555,0.207784,0.849641,0.0066366,0.0033183,False
light 0.25,apple-macos-27.0-2x-light-standard-glass0.25,css,checkerboard-64__rrect-md__inactive,probe,gate,C,inactive,mid,t1InteriorStdDev,0.192632,0.232864,1.20886,6.91726,miss,0.184597,0.192632,0.232864,1.20886,0.0058162,0.0029081,False
light 0.25,apple-macos-27.0-2x-light-standard-glass0.25,css,checkerboard-64__rrect-md__rest,probe,gate,C,rest,mid,t1InteriorStdDev,0.248498,0.233381,0.939164,-2.33262,within,0.0611204,0.248498,0.233381,0.939164,0.00648101,0.00324051,False
light 0.25,apple-macos-27.0-2x-light-standard-glass0.25,css,checkerboard-64__rrect-ml__rest,probe,gate,C,rest,thick,t1InteriorStdDev,0.227569,0.215431,0.946665,-1.84837,within,0.0532315,0.227569,0.215431,0.946665,0.00656657,0.00328329,False
light 0.25,apple-macos-27.0-2x-light-standard-glass0.25,css,checkerboard-64__rrect-sm__rest,probe,gate,C,rest,thin,t1InteriorStdDev,0.0679541,0.0306881,0.4516,-4.44494,miss,0.669765,0.0679541,0.0306881,0.4516,0.00838391,0.00419196,False
light 0.25,apple-macos-27.0-2x-light-standard-glass0.25,css,checkerboard-lc16__capsule-button__inactive,probe,gate,C,inactive,thin,t1InteriorStdDev,0.0348142,0.0606884,1.74321,3.86096,miss,0.484423,0.0348142,0.0606884,1.74321,0.0067015,0.00335075,False
light 0.25,apple-macos-27.0-2x-light-standard-glass0.25,css,checkerboard-lc16__capsule-button__rest,probe,gate,C,rest,thin,t1InteriorStdDev,0.0918149,0.0564843,0.615198,-4.82199,miss,0.440621,0.0918149,0.0564843,0.615198,0.00732696,0.00366348,False
light 0.25,apple-macos-27.0-2x-light-standard-glass0.25,css,checkerboard-lc16__rrect-lg__rest,probe,gate,C,rest,thick,t1InteriorStdDev,0.0322211,0.0182884,0.56759,-1.86663,miss,0.432447,0.0322211,0.0182884,0.56759,0.00746411,0.00373206,False
light 0.25,apple-macos-27.0-2x-light-standard-glass0.25,css,checkerboard-lc16__rrect-md__inactive,probe,gate,C,inactive,mid,t1InteriorStdDev,0.0253553,0.049561,1.95466,3.61985,miss,0.562715,0.0253553,0.049561,1.95466,0.00668694,0.00334347,False
light 0.25,apple-macos-27.0-2x-light-standard-glass0.25,css,checkerboard-lc16__rrect-md__rest,probe,gate,C,rest,mid,t1InteriorStdDev,0.0678685,0.036631,0.539734,-4.24617,miss,0.536578,0.0678685,0.036631,0.539734,0.00735664,0.00367832,False
light 0.25,apple-macos-27.0-2x-light-standard-glass0.25,css,checkerboard-lc16__rrect-ml__rest,probe,gate,C,rest,thick,t1InteriorStdDev,0.0369854,0.026301,0.711119,-1.45184,miss,0.275674,0.0369854,0.026301,0.711119,0.00735921,0.00367961,False
light 0.25,apple-macos-27.0-2x-light-standard-glass0.25,css,checkerboard-lc16__rrect-sm__rest,probe,gate,C,rest,thin,t1InteriorStdDev,0.0946621,0.0613778,0.648388,-4.56977,miss,0.395253,0.0946621,0.0613778,0.648388,0.00728359,0.00364179,False
light 0.25,apple-macos-27.0-2x-light-standard-glass0.25,css,checkerboard__capsule-button__inactive,calibration,gate,C,inactive,thin,t1InteriorStdDev,0.0695408,0.110857,1.59413,7.06234,miss,0.436981,0.0695408,0.110857,1.59413,0.00585023,0.00292511,False
light 0.25,apple-macos-27.0-2x-light-standard-glass0.25,css,checkerboard__capsule-button__inactive-pressed,recorded,gate,C,inactive,thin,t1InteriorStdDev,0.0695408,0.145023,2.08544,12.9025,miss,0.693754,0.0695408,0.145023,2.08544,0.00585023,0.00292511,False
light 0.25,apple-macos-27.0-2x-light-standard-glass0.25,css,checkerboard__capsule-button__inactive-tint-blue,validation,gate,C,inactive,thin,t1InteriorStdDev,0.0564911,0.00904474,0.160109,-9.80896,miss,1.48566,0.0564911,0.00904474,0.160109,0.00483704,0.00241852,False
light 0.25,apple-macos-27.0-2x-light-standard-glass0.25,css,checkerboard__capsule-button__inactive-tint-orange,calibration,gate,C,inactive,thin,t1InteriorStdDev,0.0564911,0.00904474,0.160109,-9.80896,miss,1.48566,0.0564911,0.00904474,0.160109,0.00483704,0.00241852,False
light 0.25,apple-macos-27.0-2x-light-standard-glass0.25,css,checkerboard__capsule-button__pressed,recorded,gate,C,rest,thin,t1InteriorStdDev,0.193784,0.145982,0.753321,-7.03568,miss,0.272233,0.193784,0.145982,0.753321,0.0067943,0.00339715,False
light 0.25,apple-macos-27.0-2x-light-standard-glass0.25,css,checkerboard__capsule-button__rest,calibration,gate,C,rest,thin,t1InteriorStdDev,0.193784,0.143515,0.74059,-7.39879,miss,0.288513,0.193784,0.143515,0.74059,0.0067943,0.00339715,False
light 0.25,apple-macos-27.0-2x-light-standard-glass0.25,css,checkerboard__capsule-button__rest-tint-blue,validation,gate,C,rest,thin,t1InteriorStdDev,0.0314298,0.00443521,0.141115,-7.70206,miss,1.48156,0.0314298,0.00443521,0.141115,0.00350486,0.00175243,False
light 0.25,apple-macos-27.0-2x-light-standard-glass0.25,css,checkerboard__capsule-button__rest-tint-orange,calibration,gate,C,rest,thin,t1InteriorStdDev,0.0457363,0.00469284,0.102606,-8.37226,miss,1.66346,0.0457363,0.00469284,0.102606,0.00490232,0.00245116,False
light 0.25,apple-macos-27.0-2x-light-standard-glass0.25,css,checkerboard__glass-over-glass__inactive,holdout,holdout,C,inactive,thick,t1InteriorStdDev,0.0685711,0.0876445,1.27816,3.19898,miss,0.227856,0.0685711,0.0876445,1.27816,0.00596233,0.00298117,False
light 0.25,apple-macos-27.0-2x-light-standard-glass0.25,css,checkerboard__glass-over-glass__rest,holdout,holdout,C,rest,thick,t1InteriorStdDev,0.108727,0.111784,1.02811,0.455278,within,0.0261327,0.108727,0.111784,1.02811,0.00671356,0.00335678,False
light 0.25,apple-macos-27.0-2x-light-standard-glass0.25,css,checkerboard__rrect-lg__inactive,holdout,holdout,C,inactive,thick,t1InteriorStdDev,0.0191678,0.040953,2.13655,3.83094,miss,0.629412,0.0191678,0.040953,2.13655,0.00568664,0.00284332,False
light 0.25,apple-macos-27.0-2x-light-standard-glass0.25,css,checkerboard__rrect-lg__rest,holdout,holdout,C,rest,thick,t1InteriorStdDev,0.060971,0.0443273,0.727023,-2.578,miss,0.283477,0.060971,0.0443273,0.727023,0.00645605,0.00322802,False
light 0.25,apple-macos-27.0-2x-light-standard-glass0.25,css,checkerboard__rrect-md__inactive,calibration,gate,C,inactive,mid,t1InteriorStdDev,0.0506177,0.0890662,1.75959,6.62962,miss,0.519688,0.0506177,0.0890662,1.75959,0.0057995,0.00289975,False
light 0.25,apple-macos-27.0-2x-light-standard-glass0.25,css,checkerboard__rrect-md__inactive-pressed,recorded,gate,C,inactive,mid,t1InteriorStdDev,0.0506177,0.128772,2.54401,13.4761,miss,0.869322,0.0506177,0.128772,2.54401,0.0057995,0.00289975,False
light 0.25,apple-macos-27.0-2x-light-standard-glass0.25,css,checkerboard__rrect-md__pressed,recorded,gate,C,rest,mid,t1InteriorStdDev,0.150051,0.103414,0.689193,-7.03749,miss,0.35334,0.150051,0.103414,0.689193,0.00662691,0.00331346,False
light 0.25,apple-macos-27.0-2x-light-standard-glass0.25,css,checkerboard__rrect-md__rest,calibration,gate,C,rest,mid,t1InteriorStdDev,0.150051,0.08513,0.567342,-9.7965,miss,0.535047,0.150051,0.08513,0.567342,0.00662691,0.00331346,False
light 0.25,apple-macos-27.0-2x-light-standard-glass0.25,css,checkerboard__rrect-ml__inactive,probe,gate,C,inactive,thick,t1InteriorStdDev,0.0327534,0.0655042,1.99992,5.70706,miss,0.615643,0.0327534,0.0655042,1.99992,0.00573864,0.00286932,False
light 0.25,apple-macos-27.0-2x-light-standard-glass0.25,css,checkerboard__rrect-ml__rest,calibration,gate,C,rest,thick,t1InteriorStdDev,0.0815224,0.062104,0.761803,-3.01777,miss,0.249451,0.0815224,0.062104,0.761803,0.00643469,0.00321734,False
light 0.25,apple-macos-27.0-2x-light-standard-glass0.25,css,checkerboard__rrect-sm__inactive,calibration,gate,C,inactive,thin,t1InteriorStdDev,0.0831561,0.127298,1.53084,7.48167,miss,0.402572,0.0831561,0.127298,1.53084,0.00590005,0.00295002,False
light 0.25,apple-macos-27.0-2x-light-standard-glass0.25,css,checkerboard__rrect-sm__rest,calibration,gate,C,rest,thin,t1InteriorStdDev,0.193952,0.168062,0.866511,-3.80483,miss,0.138073,0.193952,0.168062,0.866511,0.00680463,0.00340232,False
light 0.25,apple-macos-27.0-2x-light-standard-glass0.25,css,checkerboard__toolbar-group__inactive,calibration,gate,C,inactive,thin,t1InteriorStdDev,0.0717024,0.117982,1.64544,7.91863,miss,0.468001,0.0717024,0.117982,1.64544,0.00584443,0.00292221,False
light 0.25,apple-macos-27.0-2x-light-standard-glass0.25,css,checkerboard__toolbar-group__rest,calibration,gate,C,rest,thin,t1InteriorStdDev,0.193303,0.149427,0.773018,-6.51268,miss,0.247612,0.193303,0.149427,0.773018,0.00673705,0.00336852,False
light 0.25,apple-macos-27.0-2x-light-standard-glass0.25,css,hc-text-28__rrect-lg__rest,probe,gate,C,rest,thick,t1InteriorStdDev,0.131341,0.106265,0.809076,-3.33189,miss,0.199155,0.131341,0.106265,0.809076,0.00752612,0.00376306,False
light 0.25,apple-macos-27.0-2x-light-standard-glass0.25,css,hc-text-28__rrect-md__inactive,probe,gate,C,inactive,mid,t1InteriorStdDev,0.106003,0.141686,1.33662,5.40541,miss,0.275269,0.106003,0.141686,1.33662,0.00660128,0.00330064,False
light 0.25,apple-macos-27.0-2x-light-standard-glass0.25,css,hc-text-28__rrect-md__rest,probe,gate,C,rest,mid,t1InteriorStdDev,0.166283,0.13351,0.802907,-4.56614,miss,0.20941,0.166283,0.13351,0.802907,0.00717744,0.00358872,False
light 0.25,apple-macos-27.0-2x-light-standard-glass0.25,css,hc-text-28__rrect-sm__rest,probe,gate,C,rest,thin,t1InteriorStdDev,0.189095,0.196659,1.04,1.07608,within,0.0378437,0.189095,0.196659,1.04,0.00702952,0.00351476,False
light 0.25,apple-macos-27.0-2x-light-standard-glass0.25,css,hc-text__capsule-button__inactive,holdout,holdout,C,inactive,thin,t1InteriorStdDev,0.0503938,0.098219,1.94903,7.69382,miss,0.612381,0.0503938,0.098219,1.94903,0.00621604,0.00310802,False
light 0.25,apple-macos-27.0-2x-light-standard-glass0.25,css,hc-text__capsule-button__inactive-tint-orange,holdout,holdout,C,inactive,thin,t1InteriorStdDev,0.0420266,0.00953628,0.226911,-6.28939,miss,1.16624,0.0420266,0.00953628,0.226911,0.00516589,0.00258295,False
light 0.25,apple-macos-27.0-2x-light-standard-glass0.25,css,hc-text__capsule-button__rest,holdout,holdout,C,rest,thin,t1InteriorStdDev,0.178766,0.123478,0.690724,-7.69968,miss,0.352872,0.178766,0.123478,0.690724,0.00718056,0.00359028,False
light 0.25,apple-macos-27.0-2x-light-standard-glass0.25,css,hc-text__capsule-button__rest-tint-orange,holdout,holdout,C,rest,thin,t1InteriorStdDev,0.0430509,0.00431735,0.100285,-7.72963,miss,1.63943,0.0430509,0.00431735,0.100285,0.00501104,0.00250552,False
light 0.25,apple-macos-27.0-2x-light-standard-glass0.25,css,hc-text__rrect-lg__inactive,probe,gate,C,inactive,thick,t1InteriorStdDev,0.121449,0.103774,0.854466,-2.65636,miss,0.14847,0.121449,0.103774,0.854466,0.00665382,0.00332691,False
light 0.25,apple-macos-27.0-2x-light-standard-glass0.25,css,hc-text__rrect-lg__rest,probe,gate,C,rest,thick,t1InteriorStdDev,0.123638,0.102718,0.830796,-2.82356,miss,0.173922,0.123638,0.102718,0.830796,0.0074091,0.00370455,False
light 0.25,apple-macos-27.0-2x-light-standard-glass0.25,css,hc-text__rrect-md__inactive,holdout,holdout,C,inactive,mid,t1InteriorStdDev,0.0794107,0.0877364,1.10484,1.3263,miss,0.0927274,0.0794107,0.0877364,1.10484,0.00627739,0.0031387,False
light 0.25,apple-macos-27.0-2x-light-standard-glass0.25,css,hc-text__rrect-md__rest,holdout,holdout,C,rest,mid,t1InteriorStdDev,0.136488,0.0845682,0.619603,-7.24893,miss,0.448524,0.136488,0.0845682,0.619603,0.00716236,0.00358118,False
light 0.25,apple-macos-27.0-2x-light-standard-glass0.25,css,hc-text__rrect-sm__inactive,probe,gate,C,inactive,thin,t1InteriorStdDev,0.0458405,0.101151,2.20659,9.25203,miss,0.726287,0.0458405,0.101151,2.20659,0.00597824,0.00298912,False
light 0.25,apple-macos-27.0-2x-light-standard-glass0.25,css,hc-text__rrect-sm__rest,probe,gate,C,rest,thin,t1InteriorStdDev,0.159504,0.143155,0.897501,-2.17008,miss,0.103003,0.159504,0.143155,0.897501,0.0075338,0.0037669,False
light 0.25,apple-macos-27.0-2x-light-standard-glass0.25,css,impulse__capsule-button__inactive,validation,gate,C,inactive,thin,t1InteriorStdDev,0.0133643,0.0183057,1.36975,1.50917,miss,0.260043,0.0133643,0.0183057,1.36975,0.00327427,0.00163713,False
light 0.25,apple-macos-27.0-2x-light-standard-glass0.25,css,impulse__capsule-button__inactive-tint-orange,calibration,gate,C,inactive,thin,t1InteriorStdDev,0.00687117,0.00274122,0.398945,-1.69644,miss,0.586647,0.00687117,0.00274122,0.398945,0.00243449,0.00121725,False
light 0.25,apple-macos-27.0-2x-light-standard-glass0.25,css,impulse__capsule-button__rest,validation,gate,C,rest,thin,t1InteriorStdDev,0.0377142,0.0119116,0.315837,-7.73839,miss,0.990445,0.0377142,0.0119116,0.315837,0.00333437,0.00166719,False
light 0.25,apple-macos-27.0-2x-light-standard-glass0.25,css,impulse__capsule-button__rest-tint-orange,calibration,gate,C,rest,thin,t1InteriorStdDev,0.0288277,0.00430265,0.149254,-6.20078,miss,1.37875,0.0288277,0.00430265,0.149254,0.00395516,0.00197758,False
light 0.25,apple-macos-27.0-2x-light-standard-glass0.25,css,impulse__rrect-lg__inactive,probe,gate,C,inactive,thick,t1InteriorStdDev,0.00652363,0.00496396,0.760919,-0.473978,within,0.173068,0.00652363,0.00496396,0.760919,0.0032906,0.0016453,False
light 0.25,apple-macos-27.0-2x-light-standard-glass0.25,css,impulse__rrect-lg__rest,probe,gate,C,rest,thick,t1InteriorStdDev,0.0134602,0.0150458,1.1178,0.468112,within,0.0899464,0.0134602,0.0150458,1.1178,0.00338723,0.00169362,False
light 0.25,apple-macos-27.0-2x-light-standard-glass0.25,css,impulse__rrect-md__inactive,validation,gate,C,inactive,mid,t1InteriorStdDev,0.00877119,0.0157159,1.79176,2.11646,miss,0.45502,0.00877119,0.0157159,1.79176,0.00328128,0.00164064,False
light 0.25,apple-macos-27.0-2x-light-standard-glass0.25,css,impulse__rrect-md__rest,validation,gate,C,rest,mid,t1InteriorStdDev,0.0244882,0.00826257,0.33741,-4.8559,miss,0.874752,0.0244882,0.00826257,0.33741,0.00334143,0.00167071,False
light 0.25,apple-macos-27.0-2x-light-standard-glass0.25,css,impulse__rrect-ml__inactive,probe,gate,C,inactive,thick,t1InteriorStdDev,0.00710401,0.0144599,2.03546,2.24369,miss,0.53561,0.00710401,0.0144599,2.03546,0.00327847,0.00163924,False
light 0.25,apple-macos-27.0-2x-light-standard-glass0.25,css,impulse__rrect-ml__rest,probe,gate,C,rest,thick,t1InteriorStdDev,0.0145248,0.017537,1.20739,0.899677,within,0.155753,0.0145248,0.017537,1.20739,0.00334816,0.00167408,False
light 0.25,apple-macos-27.0-2x-light-standard-glass0.25,css,impulse__rrect-sm__rest,probe,gate,C,rest,thin,t1InteriorStdDev,0.0534989,0.0178561,0.333766,-10.5477,miss,0.985246,0.0534989,0.0178561,0.333766,0.00337919,0.00168959,False
light 0.25,apple-macos-27.0-2x-light-standard-glass0.25,css,checkerboard-4__capsule-button__rest,probe,gate,F,rest,thin,t1InteriorStdDev,0.172663,0.0151058,0.0874868,-23.6862,miss,2.10918,0.172663,0.0151058,0.0874868,0.00665187,0.00332593,False
light 0.25,apple-macos-27.0-2x-light-standard-glass0.25,css,checkerboard-4__capsule-button__rest-tint-orange,probe,referee,F,rest,thin,t1InteriorStdDev,0.0420963,0.00301632,0.0716528,-8.02478,miss,1.78431,0.0420963,0.00301632,0.0716528,0.00486991,0.00243496,False
light 0.25,apple-macos-27.0-2x-light-standard-glass0.25,css,checkerboard-4__rrect-lg__rest,probe,gate,F,rest,thick,t1InteriorStdDev,0.0227215,0.0041322,0.181863,-2.95983,miss,1.02434,0.0227215,0.0041322,0.181863,0.00628053,0.00314026,False
light 0.25,apple-macos-27.0-2x-light-standard-glass0.25,css,checkerboard-4__rrect-md__inactive,probe,gate,F,inactive,mid,t1InteriorStdDev,0.0157353,0.0103214,0.655936,-0.959978,within,0.292071,0.0157353,0.0103214,0.655936,0.00563966,0.00281983,False
light 0.25,apple-macos-27.0-2x-light-standard-glass0.25,css,checkerboard-4__rrect-md__rest,probe,gate,F,rest,mid,t1InteriorStdDev,0.0297438,0.00758014,0.254847,-3.62706,miss,0.962745,0.0297438,0.00758014,0.254847,0.00611066,0.00305533,False
light 0.25,apple-macos-27.0-2x-light-standard-glass0.25,css,checkerboard-4__rrect-ml__rest,probe,referee,F,rest,thick,t1InteriorStdDev,0.0243747,0.00547202,0.224496,-3.05881,miss,0.964052,0.0243747,0.00547202,0.224496,0.00617976,0.00308988,False
light 0.25,apple-macos-27.0-2x-light-standard-glass0.25,css,checkerboard-4__rrect-sm__rest,probe,gate,F,rest,thin,t1InteriorStdDev,0.172058,0.0197114,0.114562,-22.9498,miss,1.91423,0.172058,0.0197114,0.114562,0.00663824,0.00331912,False
light 0.25,apple-macos-27.0-2x-light-standard-glass0.25,css,checkerboard-8__capsule-button__rest,probe,gate,F,rest,thin,t1InteriorStdDev,0.185479,0.0796229,0.429281,-15.7223,miss,0.800125,0.185479,0.0796229,0.429281,0.00673288,0.00336644,False
light 0.25,apple-macos-27.0-2x-light-standard-glass0.25,css,checkerboard-8__capsule-button__rest-tint-orange,probe,gate,F,rest,thin,t1InteriorStdDev,0.0442911,0.00400987,0.0905345,-8.24016,miss,1.70962,0.0442911,0.00400987,0.0905345,0.0048884,0.0024442,False
light 0.25,apple-macos-27.0-2x-light-standard-glass0.25,css,checkerboard-8__rrect-lg__inactive,probe,referee,F,inactive,thick,t1InteriorStdDev,0.0134033,0.0247787,1.8487,2.0152,miss,0.468248,0.0134033,0.0247787,1.8487,0.00564482,0.00282241,False
light 0.25,apple-macos-27.0-2x-light-standard-glass0.25,css,checkerboard-8__rrect-lg__rest,probe,gate,F,rest,thick,t1InteriorStdDev,0.0223714,0.025449,1.13757,0.489485,within,0.102003,0.0223714,0.025449,1.13757,0.00628737,0.00314368,False
light 0.25,apple-macos-27.0-2x-light-standard-glass0.25,css,checkerboard-8__rrect-md__inactive,probe,gate,F,inactive,mid,t1InteriorStdDev,0.0159365,0.0485994,3.04957,5.78514,miss,0.921637,0.0159365,0.0485994,3.04957,0.005646,0.002823,False
light 0.25,apple-macos-27.0-2x-light-standard-glass0.25,css,checkerboard-8__rrect-md__rest,probe,gate,F,rest,mid,t1InteriorStdDev,0.0990612,0.0460837,0.465204,-8.27514,miss,0.697821,0.0990612,0.0460837,0.465204,0.00640201,0.00320101,False
light 0.25,apple-macos-27.0-2x-light-standard-glass0.25,css,checkerboard-8__rrect-ml__rest,probe,gate,F,rest,thick,t1InteriorStdDev,0.0261313,0.0349619,1.33793,1.4251,miss,0.2415,0.0261313,0.0349619,1.33793,0.00619649,0.00309824,False
light 0.25,apple-macos-27.0-2x-light-standard-glass0.25,css,checkerboard-8__rrect-sm__rest,probe,referee,F,rest,thin,t1InteriorStdDev,0.187614,0.0944292,0.503316,-13.8121,miss,0.652857,0.187614,0.0944292,0.503316,0.00674664,0.00337332,False
light 0.25,apple-macos-27.0-2x-light-standard-glass0.25,css,photo__capsule-button__inactive,calibration,gate,P,inactive,thin,t1InteriorStdDev,0.054983,0.0488542,0.888532,-1.08598,miss,0.106574,0.054983,0.0488542,0.888532,0.00564359,0.0028218,False
light 0.25,apple-macos-27.0-2x-light-standard-glass0.25,css,photo__capsule-button__inactive-pressed,recorded,gate,P,inactive,thin,t1InteriorStdDev,0.054983,0.0704454,1.28122,2.73982,miss,0.227171,0.054983,0.0704454,1.28122,0.00564359,0.0028218,False
light 0.25,apple-macos-27.0-2x-light-standard-glass0.25,css,photo__capsule-button__inactive-tint-blue,calibration,gate,P,inactive,thin,t1InteriorStdDev,0.0411426,0.00290545,0.0706189,-8.35678,miss,1.81013,0.0411426,0.00290545,0.0706189,0.00457559,0.00228779,False
light 0.25,apple-macos-27.0-2x-light-standard-glass0.25,css,photo__capsule-button__inactive-tint-orange,calibration,gate,P,inactive,thin,t1InteriorStdDev,0.0411426,0.00290545,0.0706189,-8.35678,miss,1.81013,0.0411426,0.00290545,0.0706189,0.00457559,0.00228779,False
light 0.25,apple-macos-27.0-2x-light-standard-glass0.25,css,photo__capsule-button__inactive-tint-orange-half,calibration,gate,P,inactive,thin,t1InteriorStdDev,0.0475613,0.0205503,0.432081,-5.30614,miss,0.719514,0.0475613,0.0205503,0.432081,0.00509051,0.00254526,False
light 0.25,apple-macos-27.0-2x-light-standard-glass0.25,css,photo__capsule-button__pressed,recorded,gate,P,rest,thin,t1InteriorStdDev,0.0673736,0.0583503,0.86607,-1.51434,miss,0.131303,0.0673736,0.0583503,0.86607,0.00595862,0.00297931,False
light 0.25,apple-macos-27.0-2x-light-standard-glass0.25,css,photo__capsule-button__rest,calibration,gate,P,rest,thin,t1InteriorStdDev,0.0673736,0.0433646,0.643644,-4.02929,miss,0.396605,0.0673736,0.0433646,0.643644,0.00595862,0.00297931,False
light 0.25,apple-macos-27.0-2x-light-standard-glass0.25,css,photo__capsule-button__rest-tint-blue,calibration,gate,P,rest,thin,t1InteriorStdDev,0.022479,0.00179659,0.0799232,-6.21742,miss,1.61683,0.022479,0.00179659,0.0799232,0.00332652,0.00166326,False
light 0.25,apple-macos-27.0-2x-light-standard-glass0.25,css,photo__capsule-button__rest-tint-orange,calibration,gate,P,rest,thin,t1InteriorStdDev,0.0266358,0.00177906,0.066792,-5.33024,miss,1.58069,0.0266358,0.00177906,0.066792,0.00466334,0.00233167,False
light 0.25,apple-macos-27.0-2x-light-standard-glass0.25,css,photo__capsule-button__rest-tint-orange-half,calibration,gate,P,rest,thin,t1InteriorStdDev,0.0371251,0.0140534,0.378541,-4.49118,miss,0.789479,0.0371251,0.0140534,0.378541,0.00513711,0.00256856,False
light 0.25,apple-macos-27.0-2x-light-standard-glass0.25,css,photo__glass-over-glass__inactive,holdout,holdout,P,inactive,thick,t1InteriorStdDev,0.10438,0.0952982,0.912995,-1.53322,within,0.0859207,0.10438,0.0952982,0.912995,0.0059232,0.0029616,False
light 0.25,apple-macos-27.0-2x-light-standard-glass0.25,css,photo__glass-over-glass__rest,holdout,holdout,P,rest,thick,t1InteriorStdDev,0.125425,0.125541,1.00093,0.0182039,within,0.000884565,0.125425,0.125541,1.00093,0.00640889,0.00320444,False
light 0.25,apple-macos-27.0-2x-light-standard-glass0.25,css,photo__rrect-lg__inactive,holdout,holdout,P,inactive,thick,t1InteriorStdDev,0.0935102,0.0671815,0.71844,-4.61749,miss,0.308399,0.0935102,0.0671815,0.71844,0.00570196,0.00285098,False
light 0.25,apple-macos-27.0-2x-light-standard-glass0.25,css,photo__rrect-lg__inactive-tint-orange,holdout,holdout,P,inactive,thick,t1InteriorStdDev,0.0679369,0.00129992,0.0191342,-14.5962,miss,2.51457,0.0679369,0.00129992,0.0191342,0.00456536,0.00228268,False
light 0.25,apple-macos-27.0-2x-light-standard-glass0.25,css,photo__rrect-lg__rest,holdout,holdout,P,rest,thick,t1InteriorStdDev,0.108356,0.0592401,0.54672,-7.89171,miss,0.559769,0.108356,0.0592401,0.54672,0.00622367,0.00311183,False
light 0.25,apple-macos-27.0-2x-light-standard-glass0.25,css,photo__rrect-lg__rest-tint-orange,holdout,holdout,P,rest,thick,t1InteriorStdDev,0.0242439,0.00106615,0.0439758,-4.96887,miss,1.61829,0.0242439,0.00106615,0.0439758,0.00466459,0.0023323,False
light 0.25,apple-macos-27.0-2x-light-standard-glass0.25,css,photo__rrect-md__inactive,calibration,gate,P,inactive,mid,t1InteriorStdDev,0.074212,0.0627494,0.845543,-2.02668,miss,0.154923,0.074212,0.0627494,0.845543,0.00565581,0.00282791,False
light 0.25,apple-macos-27.0-2x-light-standard-glass0.25,css,photo__rrect-md__inactive-pressed,recorded,gate,P,inactive,mid,t1InteriorStdDev,0.074212,0.0810482,1.09212,1.20871,within,0.0821279,0.074212,0.0810482,1.09212,0.00565581,0.00282791,False
light 0.25,apple-macos-27.0-2x-light-standard-glass0.25,css,photo__rrect-md__inactive-tint-orange,validation,gate,P,inactive,mid,t1InteriorStdDev,0.0558505,0.00148456,0.026581,-11.9138,miss,2.30152,0.0558505,0.00148456,0.026581,0.00456327,0.00228163,False
light 0.25,apple-macos-27.0-2x-light-standard-glass0.25,css,photo__rrect-md__pressed,recorded,gate,P,rest,mid,t1InteriorStdDev,0.0893458,0.0747161,0.836258,-2.42653,miss,0.166517,0.0893458,0.0747161,0.836258,0.00602904,0.00301452,False
light 0.25,apple-macos-27.0-2x-light-standard-glass0.25,css,photo__rrect-md__rest,calibration,gate,P,rest,mid,t1InteriorStdDev,0.0893458,0.056033,0.627148,-5.52538,miss,0.42968,0.0893458,0.056033,0.627148,0.00602904,0.00301452,False
light 0.25,apple-macos-27.0-2x-light-standard-glass0.25,css,photo__rrect-md__rest-tint-orange,validation,gate,P,rest,mid,t1InteriorStdDev,0.0224236,0.00103369,0.0460981,-4.6112,miss,1.56253,0.0224236,0.00103369,0.0460981,0.00463869,0.00231934,False
light 0.25,apple-macos-27.0-2x-light-standard-glass0.25,css,photo__rrect-ml__inactive,probe,gate,P,inactive,thick,t1InteriorStdDev,0.0906403,0.0672498,0.741941,-4.1161,miss,0.278173,0.0906403,0.0672498,0.741941,0.00568269,0.00284134,False
light 0.25,apple-macos-27.0-2x-light-standard-glass0.25,css,photo__rrect-ml__rest,calibration,gate,P,rest,thick,t1InteriorStdDev,0.103205,0.0592126,0.573738,-7.17992,miss,0.514789,0.103205,0.0592126,0.573738,0.00612712,0.00306356,False
light 0.25,apple-macos-27.0-2x-light-standard-glass0.25,css,photo__rrect-sm__inactive,validation,gate,P,inactive,thin,t1InteriorStdDev,0.0224642,0.0186777,0.831445,-0.702703,within,0.14612,0.0224642,0.0186777,0.831445,0.00538841,0.0026942,False
light 0.25,apple-macos-27.0-2x-light-standard-glass0.25,css,photo__rrect-sm__rest,validation,gate,P,rest,thin,t1InteriorStdDev,0.0391836,0.0196002,0.500214,-3.41821,miss,0.572759,0.0391836,0.0196002,0.500214,0.00572915,0.00286458,False
light 0.25,apple-macos-27.0-2x-light-standard-glass0.25,css,photo__toolbar-group__inactive,validation,gate,P,inactive,thin,t1InteriorStdDev,0.0997951,0.0734956,0.736465,-4.47301,miss,0.28618,0.0997951,0.0734956,0.736465,0.0058796,0.0029398,False
light 0.25,apple-macos-27.0-2x-light-standard-glass0.25,css,photo__toolbar-group__rest,validation,gate,P,rest,thin,t1InteriorStdDev,0.107602,0.0693757,0.644742,-6.20749,miss,0.409514,0.107602,0.0693757,0.644742,0.00615815,0.00307907,False
light 0.25,apple-macos-27.0-2x-light-standard-glass0.25,css,hc-text-7__rrect-lg__rest,probe,gate,T,rest,thick,t1FineStdDev,0.00318988,0.0074624,2.3394,0.575909,within,0.338428,0.123647,0.0965156,0.780571,0.00741874,0.00370937,False
light 0.25,apple-macos-27.0-2x-light-standard-glass0.25,css,hc-text-7__rrect-md__inactive,probe,referee,T,inactive,mid,t1FineStdDev,0.00336828,0.0133616,3.9669,1.59858,miss,0.712382,0.0629447,0.0624839,0.992679,0.0062514,0.0031257,False
light 0.25,apple-macos-27.0-2x-light-standard-glass0.25,css,hc-text-7__rrect-md__rest,probe,gate,T,rest,mid,t1FineStdDev,0.0280691,0.0136672,0.486912,-2.07574,miss,0.530003,0.0990351,0.0619332,0.625366,0.00693821,0.0034691,False
light 0.25,apple-macos-27.0-2x-light-standard-glass0.25,css,hc-text-7__rrect-sm__rest,probe,gate,T,rest,thin,t1FineStdDev,0.117233,0.0269132,0.229571,-12.5112,miss,1.29368,0.165333,0.0628026,0.379856,0.00721909,0.00360955,False
light 0.25,apple-macos-27.0-2x-light-standard-glass0.25,webgpu,checkerboard-32__capsule-button__rest,probe,gate,C,rest,thin,t1InteriorStdDev,0.219463,0.255001,1.16193,5.24625,miss,0.145905,0.219463,0.255001,1.16193,0.0067741,0.00338705,False
light 0.25,apple-macos-27.0-2x-light-standard-glass0.25,webgpu,checkerboard-32__capsule-button__rest-tint-orange,probe,gate,C,rest,thin,t1InteriorStdDev,0.0506361,0.0532527,1.05167,0.534638,within,0.0460437,0.0506361,0.0532527,1.05167,0.00489414,0.00244707,False
light 0.25,apple-macos-27.0-2x-light-standard-glass0.25,webgpu,checkerboard-32__rrect-lg__inactive,probe,referee,C,inactive,thick,t1InteriorStdDev,0.0836886,0.138761,1.65806,9.37889,miss,0.479283,0.0836886,0.138761,1.65806,0.00587192,0.00293596,False
light 0.25,apple-macos-27.0-2x-light-standard-glass0.25,webgpu,checkerboard-32__rrect-lg__rest,probe,gate,C,rest,thick,t1InteriorStdDev,0.133635,0.156602,1.17186,3.44467,miss,0.151598,0.133635,0.156602,1.17186,0.00666727,0.00333363,False
light 0.25,apple-macos-27.0-2x-light-standard-glass0.25,webgpu,checkerboard-32__rrect-md__rest,probe,gate,C,rest,mid,t1InteriorStdDev,0.181683,0.195739,1.07737,2.08841,within,0.0719517,0.181683,0.195739,1.07737,0.00673062,0.00336531,False
light 0.25,apple-macos-27.0-2x-light-standard-glass0.25,webgpu,checkerboard-32__rrect-ml__rest,probe,gate,C,rest,thick,t1InteriorStdDev,0.155605,0.158962,1.02157,0.504952,within,0.0204797,0.155605,0.158962,1.02157,0.00664846,0.00332423,False
light 0.25,apple-macos-27.0-2x-light-standard-glass0.25,webgpu,checkerboard-32__rrect-sm__rest,probe,gate,C,rest,thin,t1InteriorStdDev,0.216083,0.265025,1.2265,7.24048,miss,0.198545,0.216083,0.265025,1.2265,0.00675952,0.00337976,False
light 0.25,apple-macos-27.0-2x-light-standard-glass0.25,webgpu,checkerboard-64__capsule-button__rest,probe,gate,C,rest,thin,t1InteriorStdDev,0.297873,0.303878,1.02016,0.866065,within,0.0195077,0.297873,0.303878,1.02016,0.00693304,0.00346652,False
light 0.25,apple-macos-27.0-2x-light-standard-glass0.25,webgpu,checkerboard-64__capsule-button__rest-tint-orange,probe,gate,C,rest,thin,t1InteriorStdDev,0.0691124,0.062796,0.908607,-1.28517,within,0.0891866,0.0691124,0.062796,0.908607,0.00491482,0.00245741,False
light 0.25,apple-macos-27.0-2x-light-standard-glass0.25,webgpu,checkerboard-64__rrect-lg__inactive,probe,gate,C,inactive,thick,t1InteriorStdDev,0.205198,0.237912,1.15942,5.44956,miss,0.144008,0.205198,0.237912,1.15942,0.00600298,0.00300149,False
light 0.25,apple-macos-27.0-2x-light-standard-glass0.25,webgpu,checkerboard-64__rrect-lg__rest,probe,gate,C,rest,thick,t1InteriorStdDev,0.244555,0.242244,0.990549,-0.348275,within,0.0092442,0.244555,0.242244,0.990549,0.0066366,0.0033183,False
light 0.25,apple-macos-27.0-2x-light-standard-glass0.25,webgpu,checkerboard-64__rrect-md__inactive,probe,gate,C,inactive,mid,t1InteriorStdDev,0.192632,0.235215,1.22106,7.32153,miss,0.194401,0.192632,0.235215,1.22106,0.0058162,0.0029081,False
light 0.25,apple-macos-27.0-2x-light-standard-glass0.25,webgpu,checkerboard-64__rrect-md__rest,probe,gate,C,rest,mid,t1InteriorStdDev,0.248498,0.254607,1.02458,0.942598,within,0.0236762,0.248498,0.254607,1.02458,0.00648101,0.00324051,False
light 0.25,apple-macos-27.0-2x-light-standard-glass0.25,webgpu,checkerboard-64__rrect-ml__rest,probe,gate,C,rest,thick,t1InteriorStdDev,0.227569,0.219714,0.965486,-1.19612,within,0.0341219,0.227569,0.219714,0.965486,0.00656657,0.00328329,False
light 0.25,apple-macos-27.0-2x-light-standard-glass0.25,webgpu,checkerboard-64__rrect-sm__rest,probe,gate,C,rest,thin,t1InteriorStdDev,0.0679541,0.0132501,0.194986,-6.52487,miss,1.2609,0.0679541,0.0132501,0.194986,0.00838391,0.00419196,False
light 0.25,apple-macos-27.0-2x-light-standard-glass0.25,webgpu,checkerboard-lc16__capsule-button__inactive,probe,gate,C,inactive,thin,t1InteriorStdDev,0.0348142,0.048774,1.40098,2.08308,miss,0.289869,0.0348142,0.048774,1.40098,0.0067015,0.00335075,False
light 0.25,apple-macos-27.0-2x-light-standard-glass0.25,webgpu,checkerboard-lc16__capsule-button__rest,probe,gate,C,rest,thin,t1InteriorStdDev,0.0918149,0.0840965,0.915936,-1.05342,within,0.0810491,0.0918149,0.0840965,0.915936,0.00732696,0.00366348,False
light 0.25,apple-macos-27.0-2x-light-standard-glass0.25,webgpu,checkerboard-lc16__rrect-lg__rest,probe,gate,C,rest,thick,t1InteriorStdDev,0.0322211,0.037128,1.15229,0.657399,within,0.116578,0.0322211,0.037128,1.15229,0.00746411,0.00373206,False
light 0.25,apple-macos-27.0-2x-light-standard-glass0.25,webgpu,checkerboard-lc16__rrect-md__inactive,probe,gate,C,inactive,mid,t1InteriorStdDev,0.0253553,0.0385363,1.51985,1.97116,miss,0.344557,0.0253553,0.0385363,1.51985,0.00668694,0.00334347,False
light 0.25,apple-macos-27.0-2x-light-standard-glass0.25,webgpu,checkerboard-lc16__rrect-md__rest,probe,gate,C,rest,mid,t1InteriorStdDev,0.0678685,0.0621238,0.915356,-0.780882,within,0.0794397,0.0678685,0.0621238,0.915356,0.00735664,0.00367832,False
light 0.25,apple-macos-27.0-2x-light-standard-glass0.25,webgpu,checkerboard-lc16__rrect-ml__rest,probe,gate,C,rest,thick,t1InteriorStdDev,0.0369854,0.0377455,1.02055,0.103283,within,0.0169952,0.0369854,0.0377455,1.02055,0.00735921,0.00367961,False
light 0.25,apple-macos-27.0-2x-light-standard-glass0.25,webgpu,checkerboard-lc16__rrect-sm__rest,probe,gate,C,rest,thin,t1InteriorStdDev,0.0946621,0.0888509,0.938611,-0.797845,within,0.0586918,0.0946621,0.0888509,0.938611,0.00728359,0.00364179,False
light 0.25,apple-macos-27.0-2x-light-standard-glass0.25,webgpu,checkerboard__capsule-button__inactive,calibration,gate,C,inactive,thin,t1InteriorStdDev,0.0695408,0.0862661,1.24051,2.85893,miss,0.200365,0.0695408,0.0862661,1.24051,0.00585023,0.00292511,False
light 0.25,apple-macos-27.0-2x-light-standard-glass0.25,webgpu,checkerboard__capsule-button__inactive-pressed,recorded,gate,C,inactive,thin,t1InteriorStdDev,0.0695408,0.155523,2.23643,14.6972,miss,0.761032,0.0695408,0.155523,2.23643,0.00585023,0.00292511,False
light 0.25,apple-macos-27.0-2x-light-standard-glass0.25,webgpu,checkerboard__capsule-button__inactive-tint-blue,validation,gate,C,inactive,thin,t1InteriorStdDev,0.0564911,0.0635765,1.12543,1.46484,miss,0.109333,0.0564911,0.0635765,1.12543,0.00483704,0.00241852,False
light 0.25,apple-macos-27.0-2x-light-standard-glass0.25,webgpu,checkerboard__capsule-button__inactive-tint-orange,calibration,gate,C,inactive,thin,t1InteriorStdDev,0.0564911,0.0635765,1.12543,1.46484,miss,0.109333,0.0564911,0.0635765,1.12543,0.00483704,0.00241852,False
light 0.25,apple-macos-27.0-2x-light-standard-glass0.25,webgpu,checkerboard__capsule-button__pressed,recorded,gate,C,rest,thin,t1InteriorStdDev,0.193784,0.235789,1.21676,6.18226,miss,0.190137,0.193784,0.235789,1.21676,0.0067943,0.00339715,False
light 0.25,apple-macos-27.0-2x-light-standard-glass0.25,webgpu,checkerboard__capsule-button__rest,calibration,gate,C,rest,thin,t1InteriorStdDev,0.193784,0.206016,1.06312,1.80023,within,0.0591932,0.193784,0.206016,1.06312,0.0067943,0.00339715,False
light 0.25,apple-macos-27.0-2x-light-standard-glass0.25,webgpu,checkerboard__capsule-button__rest-tint-blue,validation,gate,C,rest,thin,t1InteriorStdDev,0.0314298,0.0262629,0.835604,-1.47422,miss,0.160054,0.0314298,0.0262629,0.835604,0.00350486,0.00175243,False
light 0.25,apple-macos-27.0-2x-light-standard-glass0.25,webgpu,checkerboard__capsule-button__rest-tint-orange,calibration,gate,C,rest,thin,t1InteriorStdDev,0.0457363,0.0438901,0.959632,-0.37661,within,0.0371408,0.0457363,0.0438901,0.959632,0.00490232,0.00245116,False
light 0.25,apple-macos-27.0-2x-light-standard-glass0.25,webgpu,checkerboard__glass-over-glass__inactive,holdout,holdout,C,inactive,thick,t1InteriorStdDev,0.0685711,0.0774562,1.12958,1.49021,miss,0.112623,0.0685711,0.0774562,1.12958,0.00596233,0.00298117,False
light 0.25,apple-macos-27.0-2x-light-standard-glass0.25,webgpu,checkerboard__glass-over-glass__rest,holdout,holdout,C,rest,thick,t1InteriorStdDev,0.108727,0.126891,1.16706,2.7055,miss,0.146125,0.108727,0.126891,1.16706,0.00671356,0.00335678,False
light 0.25,apple-macos-27.0-2x-light-standard-glass0.25,webgpu,checkerboard__rrect-lg__inactive,holdout,holdout,C,inactive,thick,t1InteriorStdDev,0.0191678,0.0412429,2.15167,3.88192,miss,0.63561,0.0191678,0.0412429,2.15167,0.00568664,0.00284332,False
light 0.25,apple-macos-27.0-2x-light-standard-glass0.25,webgpu,checkerboard__rrect-lg__rest,holdout,holdout,C,rest,thick,t1InteriorStdDev,0.060971,0.0851197,1.39607,3.74048,miss,0.306121,0.060971,0.0851197,1.39607,0.00645605,0.00322802,False
light 0.25,apple-macos-27.0-2x-light-standard-glass0.25,webgpu,checkerboard__rrect-md__inactive,calibration,gate,C,inactive,mid,t1InteriorStdDev,0.0506177,0.0671477,1.32657,2.85025,miss,0.256962,0.0506177,0.0671477,1.32657,0.0057995,0.00289975,False
light 0.25,apple-macos-27.0-2x-light-standard-glass0.25,webgpu,checkerboard__rrect-md__inactive-pressed,recorded,gate,C,inactive,mid,t1InteriorStdDev,0.0506177,0.143958,2.84403,16.0946,miss,0.976244,0.0506177,0.143958,2.84403,0.0057995,0.00289975,False
light 0.25,apple-macos-27.0-2x-light-standard-glass0.25,webgpu,checkerboard__rrect-md__pressed,recorded,gate,C,rest,mid,t1InteriorStdDev,0.150051,0.185784,1.23814,5.39214,miss,0.205443,0.150051,0.185784,1.23814,0.00662691,0.00331346,False
light 0.25,apple-macos-27.0-2x-light-standard-glass0.25,webgpu,checkerboard__rrect-md__rest,calibration,gate,C,rest,mid,t1InteriorStdDev,0.150051,0.140348,0.935336,-1.46417,within,0.0639301,0.150051,0.140348,0.935336,0.00662691,0.00331346,False
light 0.25,apple-macos-27.0-2x-light-standard-glass0.25,webgpu,checkerboard__rrect-ml__inactive,probe,gate,C,inactive,thick,t1InteriorStdDev,0.0327534,0.040477,1.23581,1.34589,miss,0.182867,0.0327534,0.040477,1.23581,0.00573864,0.00286932,False
light 0.25,apple-macos-27.0-2x-light-standard-glass0.25,webgpu,checkerboard__rrect-ml__rest,calibration,gate,C,rest,thick,t1InteriorStdDev,0.0815224,0.0871311,1.0688,0.871645,within,0.0618164,0.0815224,0.0871311,1.0688,0.00643469,0.00321734,False
light 0.25,apple-macos-27.0-2x-light-standard-glass0.25,webgpu,checkerboard__rrect-sm__inactive,calibration,gate,C,inactive,thin,t1InteriorStdDev,0.0831561,0.0965865,1.16151,2.27633,miss,0.140465,0.0831561,0.0965865,1.16151,0.00590005,0.00295002,False
light 0.25,apple-macos-27.0-2x-light-standard-glass0.25,webgpu,checkerboard__rrect-sm__rest,calibration,gate,C,rest,thin,t1InteriorStdDev,0.193952,0.232234,1.19738,5.62581,miss,0.17453,0.193952,0.232234,1.19738,0.00680463,0.00340232,False
light 0.25,apple-macos-27.0-2x-light-standard-glass0.25,webgpu,checkerboard__toolbar-group__inactive,calibration,gate,C,inactive,thin,t1InteriorStdDev,0.0717024,0.0923599,1.2881,3.53457,miss,0.236169,0.0717024,0.0923599,1.2881,0.00584443,0.00292221,False
light 0.25,apple-macos-27.0-2x-light-standard-glass0.25,webgpu,checkerboard__toolbar-group__rest,calibration,gate,C,rest,thin,t1InteriorStdDev,0.193303,0.215929,1.11705,3.35846,miss,0.107156,0.193303,0.215929,1.11705,0.00673705,0.00336852,False
light 0.25,apple-macos-27.0-2x-light-standard-glass0.25,webgpu,hc-text-28__rrect-lg__rest,probe,gate,C,rest,thick,t1InteriorStdDev,0.131341,0.14076,1.07171,1.25145,within,0.0656232,0.131341,0.14076,1.07171,0.00752612,0.00376306,False
light 0.25,apple-macos-27.0-2x-light-standard-glass0.25,webgpu,hc-text-28__rrect-md__inactive,probe,gate,C,inactive,mid,t1InteriorStdDev,0.106003,0.118322,1.11621,1.86613,miss,0.103819,0.106003,0.118322,1.11621,0.00660128,0.00330064,False
light 0.25,apple-macos-27.0-2x-light-standard-glass0.25,webgpu,hc-text-28__rrect-md__rest,probe,gate,C,rest,mid,t1InteriorStdDev,0.166283,0.178685,1.07459,1.72795,within,0.0690588,0.166283,0.178685,1.07459,0.00717744,0.00358872,False
light 0.25,apple-macos-27.0-2x-light-standard-glass0.25,webgpu,hc-text-28__rrect-sm__rest,probe,gate,C,rest,thin,t1InteriorStdDev,0.189095,0.225278,1.19135,5.14729,miss,0.169312,0.189095,0.225278,1.19135,0.00702952,0.00351476,False
light 0.25,apple-macos-27.0-2x-light-standard-glass0.25,webgpu,hc-text__capsule-button__inactive,holdout,holdout,C,inactive,thin,t1InteriorStdDev,0.0503938,0.0737957,1.46438,3.76475,miss,0.34599,0.0503938,0.0737957,1.46438,0.00621604,0.00310802,False
light 0.25,apple-macos-27.0-2x-light-standard-glass0.25,webgpu,hc-text__capsule-button__inactive-tint-orange,holdout,holdout,C,inactive,thin,t1InteriorStdDev,0.0420266,0.0545388,1.29772,2.42208,miss,0.235176,0.0420266,0.0545388,1.29772,0.00516589,0.00258295,False
light 0.25,apple-macos-27.0-2x-light-standard-glass0.25,webgpu,hc-text__capsule-button__rest,holdout,holdout,C,rest,thin,t1InteriorStdDev,0.178766,0.190126,1.06355,1.58203,within,0.0592987,0.178766,0.190126,1.06355,0.00718056,0.00359028,False
light 0.25,apple-macos-27.0-2x-light-standard-glass0.25,webgpu,hc-text__capsule-button__rest-tint-orange,holdout,holdout,C,rest,thin,t1InteriorStdDev,0.0430509,0.0399509,0.927993,-0.61863,within,0.0666738,0.0430509,0.0399509,0.927993,0.00501104,0.00250552,False
light 0.25,apple-macos-27.0-2x-light-standard-glass0.25,webgpu,hc-text__rrect-lg__inactive,probe,gate,C,inactive,thick,t1InteriorStdDev,0.121449,0.10198,0.839692,-2.92604,miss,0.164853,0.121449,0.10198,0.839692,0.00665382,0.00332691,False
light 0.25,apple-macos-27.0-2x-light-standard-glass0.25,webgpu,hc-text__rrect-lg__rest,probe,gate,C,rest,thick,t1InteriorStdDev,0.123638,0.111573,0.902414,-1.62845,within,0.0965869,0.123638,0.111573,0.902414,0.0074091,0.00370455,False
light 0.25,apple-macos-27.0-2x-light-standard-glass0.25,webgpu,hc-text__rrect-md__inactive,holdout,holdout,C,inactive,mid,t1InteriorStdDev,0.0794107,0.0756853,0.953087,-0.593464,within,0.0444498,0.0794107,0.0756853,0.953087,0.00627739,0.0031387,False
light 0.25,apple-macos-27.0-2x-light-standard-glass0.25,webgpu,hc-text__rrect-md__rest,holdout,holdout,C,rest,mid,t1InteriorStdDev,0.136488,0.132252,0.968964,-0.59143,within,0.0299321,0.136488,0.132252,0.968964,0.00716236,0.00358118,False
light 0.25,apple-macos-27.0-2x-light-standard-glass0.25,webgpu,hc-text__rrect-sm__inactive,probe,gate,C,inactive,thin,t1InteriorStdDev,0.0458405,0.0724257,1.57995,4.447,miss,0.414123,0.0458405,0.0724257,1.57995,0.00597824,0.00298912,False
light 0.25,apple-macos-27.0-2x-light-standard-glass0.25,webgpu,hc-text__rrect-sm__rest,probe,gate,C,rest,thin,t1InteriorStdDev,0.159504,0.190564,1.19473,4.12272,miss,0.170539,0.159504,0.190564,1.19473,0.0075338,0.0037669,False
light 0.25,apple-macos-27.0-2x-light-standard-glass0.25,webgpu,impulse__capsule-button__inactive,validation,gate,C,inactive,thin,t1InteriorStdDev,0.0133643,0.011371,0.850851,-0.60877,within,0.127604,0.0133643,0.011371,0.850851,0.00327427,0.00163713,False
light 0.25,apple-macos-27.0-2x-light-standard-glass0.25,webgpu,impulse__capsule-button__inactive-tint-orange,calibration,gate,C,inactive,thin,t1InteriorStdDev,0.00687117,0.00741236,1.07876,0.222301,within,0.0565286,0.00687117,0.00741236,1.07876,0.00243449,0.00121725,False
light 0.25,apple-macos-27.0-2x-light-standard-glass0.25,webgpu,impulse__capsule-button__rest,validation,gate,C,rest,thin,t1InteriorStdDev,0.0377142,0.0307581,0.815557,-2.08619,miss,0.18568,0.0377142,0.0307581,0.815557,0.00333437,0.00166719,False
light 0.25,apple-macos-27.0-2x-light-standard-glass0.25,webgpu,impulse__capsule-button__rest-tint-orange,calibration,gate,C,rest,thin,t1InteriorStdDev,0.0288277,0.0227767,0.790097,-1.5299,miss,0.20405,0.0288277,0.0227767,0.790097,0.00395516,0.00197758,False
light 0.25,apple-macos-27.0-2x-light-standard-glass0.25,webgpu,impulse__rrect-lg__inactive,probe,gate,C,inactive,thick,t1InteriorStdDev,0.00652363,0.00536466,0.822342,-0.352208,within,0.125667,0.00652363,0.00536466,0.822342,0.0032906,0.0016453,False
light 0.25,apple-macos-27.0-2x-light-standard-glass0.25,webgpu,impulse__rrect-lg__rest,probe,gate,C,rest,thick,t1InteriorStdDev,0.0134602,0.014755,1.0962,0.382265,within,0.0740455,0.0134602,0.014755,1.0962,0.00338723,0.00169362,False
light 0.25,apple-macos-27.0-2x-light-standard-glass0.25,webgpu,impulse__rrect-md__inactive,validation,gate,C,inactive,mid,t1InteriorStdDev,0.00877119,0.00904376,1.03108,0.0830697,within,0.0223637,0.00877119,0.00904376,1.03108,0.00328128,0.00164064,False
light 0.25,apple-macos-27.0-2x-light-standard-glass0.25,webgpu,impulse__rrect-md__rest,validation,gate,C,rest,mid,t1InteriorStdDev,0.0244882,0.0219076,0.894619,-0.772303,within,0.0973134,0.0244882,0.0219076,0.894619,0.00334143,0.00167071,False
light 0.25,apple-macos-27.0-2x-light-standard-glass0.25,webgpu,impulse__rrect-ml__inactive,probe,gate,C,inactive,thick,t1InteriorStdDev,0.00710401,0.00450177,0.633694,-0.793737,within,0.288533,0.00710401,0.00450177,0.633694,0.00327847,0.00163924,False
light 0.25,apple-macos-27.0-2x-light-standard-glass0.25,webgpu,impulse__rrect-ml__rest,probe,gate,C,rest,thick,t1InteriorStdDev,0.0145248,0.0146677,1.00984,0.0426761,within,0.00796278,0.0145248,0.0146677,1.00984,0.00334816,0.00167408,False
light 0.25,apple-macos-27.0-2x-light-standard-glass0.25,webgpu,impulse__rrect-sm__rest,probe,gate,C,rest,thin,t1InteriorStdDev,0.0534989,0.0442499,0.827118,-2.73705,miss,0.177466,0.0534989,0.0442499,0.827118,0.00337919,0.00168959,False
light 0.25,apple-macos-27.0-2x-light-standard-glass0.25,webgpu,checkerboard-4__capsule-button__rest,probe,gate,F,rest,thin,t1InteriorStdDev,0.172663,0.0952616,0.551718,-11.6361,miss,0.565022,0.172663,0.0952616,0.551718,0.00665187,0.00332593,False
light 0.25,apple-macos-27.0-2x-light-standard-glass0.25,webgpu,checkerboard-4__capsule-button__rest-tint-orange,probe,referee,F,rest,thin,t1InteriorStdDev,0.0420963,0.0241687,0.574128,-3.6813,miss,0.480803,0.0420963,0.0241687,0.574128,0.00486991,0.00243496,False
light 0.25,apple-macos-27.0-2x-light-standard-glass0.25,webgpu,checkerboard-4__rrect-lg__rest,probe,gate,F,rest,thick,t1InteriorStdDev,0.0227215,0.0283615,1.24822,0.898017,within,0.177703,0.0227215,0.0283615,1.24822,0.00628053,0.00314026,False
light 0.25,apple-macos-27.0-2x-light-standard-glass0.25,webgpu,checkerboard-4__rrect-md__inactive,probe,gate,F,inactive,mid,t1InteriorStdDev,0.0157353,0.0164086,1.04279,0.119385,within,0.0310133,0.0157353,0.0164086,1.04279,0.00563966,0.00281983,False
light 0.25,apple-macos-27.0-2x-light-standard-glass0.25,webgpu,checkerboard-4__rrect-md__rest,probe,gate,F,rest,mid,t1InteriorStdDev,0.0297438,0.0373091,1.25435,1.23804,miss,0.191445,0.0297438,0.0373091,1.25435,0.00611066,0.00305533,False
light 0.25,apple-macos-27.0-2x-light-standard-glass0.25,webgpu,checkerboard-4__rrect-ml__rest,probe,referee,F,rest,thick,t1InteriorStdDev,0.0243747,0.0313795,1.28738,1.1335,miss,0.206408,0.0243747,0.0313795,1.28738,0.00617976,0.00308988,False
light 0.25,apple-macos-27.0-2x-light-standard-glass0.25,webgpu,checkerboard-4__rrect-sm__rest,probe,gate,F,rest,thin,t1InteriorStdDev,0.172058,0.107987,0.627621,-9.65176,miss,0.444017,0.172058,0.107987,0.627621,0.00663824,0.00331912,False
light 0.25,apple-macos-27.0-2x-light-standard-glass0.25,webgpu,checkerboard-8__capsule-button__rest,probe,gate,F,rest,thin,t1InteriorStdDev,0.185479,0.156505,0.843786,-4.30343,miss,0.163392,0.185479,0.156505,0.843786,0.00673288,0.00336644,False
light 0.25,apple-macos-27.0-2x-light-standard-glass0.25,webgpu,checkerboard-8__capsule-button__rest-tint-orange,probe,gate,F,rest,thin,t1InteriorStdDev,0.0442911,0.0346203,0.781654,-1.97831,miss,0.218955,0.0442911,0.0346203,0.781654,0.0048884,0.0024442,False
light 0.25,apple-macos-27.0-2x-light-standard-glass0.25,webgpu,checkerboard-8__rrect-lg__inactive,probe,referee,F,inactive,thick,t1InteriorStdDev,0.0134033,0.0231213,1.72505,1.72159,miss,0.412231,0.0134033,0.0231213,1.72505,0.00564482,0.00282241,False
light 0.25,apple-macos-27.0-2x-light-standard-glass0.25,webgpu,checkerboard-8__rrect-lg__rest,probe,gate,F,rest,thick,t1InteriorStdDev,0.0223714,0.0581439,2.59903,5.68958,miss,0.810139,0.0223714,0.0581439,2.59903,0.00628737,0.00314368,False
light 0.25,apple-macos-27.0-2x-light-standard-glass0.25,webgpu,checkerboard-8__rrect-md__inactive,probe,gate,F,inactive,mid,t1InteriorStdDev,0.0159365,0.0387165,2.42943,4.03472,miss,0.720513,0.0159365,0.0387165,2.42943,0.005646,0.002823,False
light 0.25,apple-macos-27.0-2x-light-standard-glass0.25,webgpu,checkerboard-8__rrect-md__rest,probe,gate,F,rest,mid,t1InteriorStdDev,0.0990612,0.0953291,0.962325,-0.582955,within,0.0360288,0.0990612,0.0953291,0.962325,0.00640201,0.00320101,False
light 0.25,apple-macos-27.0-2x-light-standard-glass0.25,webgpu,checkerboard-8__rrect-ml__rest,probe,gate,F,rest,thick,t1InteriorStdDev,0.0261313,0.0611976,2.34192,5.65905,miss,0.734629,0.0261313,0.0611976,2.34192,0.00619649,0.00309824,False
light 0.25,apple-macos-27.0-2x-light-standard-glass0.25,webgpu,checkerboard-8__rrect-sm__rest,probe,referee,F,rest,thin,t1InteriorStdDev,0.187614,0.184989,0.986009,-0.389061,within,0.0135971,0.187614,0.184989,0.986009,0.00674664,0.00337332,False
light 0.25,apple-macos-27.0-2x-light-standard-glass0.25,webgpu,photo__capsule-button__inactive,calibration,gate,P,inactive,thin,t1InteriorStdDev,0.054983,0.046361,0.843189,-1.52774,miss,0.153401,0.054983,0.046361,0.843189,0.00564359,0.0028218,False
light 0.25,apple-macos-27.0-2x-light-standard-glass0.25,webgpu,photo__capsule-button__inactive-pressed,recorded,gate,P,inactive,thin,t1InteriorStdDev,0.054983,0.0802042,1.45871,4.46899,miss,0.347842,0.054983,0.0802042,1.45871,0.00564359,0.0028218,False
light 0.25,apple-macos-27.0-2x-light-standard-glass0.25,webgpu,photo__capsule-button__inactive-tint-blue,calibration,gate,P,inactive,thin,t1InteriorStdDev,0.0411426,0.0339476,0.82512,-1.57248,miss,0.171237,0.0411426,0.0339476,0.82512,0.00457559,0.00228779,False
light 0.25,apple-macos-27.0-2x-light-standard-glass0.25,webgpu,photo__capsule-button__inactive-tint-orange,calibration,gate,P,inactive,thin,t1InteriorStdDev,0.0411426,0.0339476,0.82512,-1.57248,miss,0.171237,0.0411426,0.0339476,0.82512,0.00457559,0.00228779,False
light 0.25,apple-macos-27.0-2x-light-standard-glass0.25,webgpu,photo__capsule-button__inactive-tint-orange-half,calibration,gate,P,inactive,thin,t1InteriorStdDev,0.0475613,0.0391389,0.822916,-1.65452,miss,0.174309,0.0475613,0.0391389,0.822916,0.00509051,0.00254526,False
light 0.25,apple-macos-27.0-2x-light-standard-glass0.25,webgpu,photo__capsule-button__pressed,recorded,gate,P,rest,thin,t1InteriorStdDev,0.0673736,0.0899108,1.33451,3.78227,miss,0.267986,0.0673736,0.0899108,1.33451,0.00595862,0.00297931,False
light 0.25,apple-macos-27.0-2x-light-standard-glass0.25,webgpu,photo__capsule-button__rest,calibration,gate,P,rest,thin,t1InteriorStdDev,0.0673736,0.0436808,0.648336,-3.97623,miss,0.390216,0.0673736,0.0436808,0.648336,0.00595862,0.00297931,False
light 0.25,apple-macos-27.0-2x-light-standard-glass0.25,webgpu,photo__capsule-button__rest-tint-blue,calibration,gate,P,rest,thin,t1InteriorStdDev,0.022479,0.0124997,0.556062,-2.99991,miss,0.488919,0.022479,0.0124997,0.556062,0.00332652,0.00166326,False
light 0.25,apple-macos-27.0-2x-light-standard-glass0.25,webgpu,photo__capsule-button__rest-tint-orange,calibration,gate,P,rest,thin,t1InteriorStdDev,0.0266358,0.0139239,0.522751,-2.72592,miss,0.521115,0.0266358,0.0139239,0.522751,0.00466334,0.00233167,False
light 0.25,apple-macos-27.0-2x-light-standard-glass0.25,webgpu,photo__capsule-button__rest-tint-orange-half,calibration,gate,P,rest,thin,t1InteriorStdDev,0.0371251,0.0222944,0.600522,-2.88696,miss,0.4322,0.0371251,0.0222944,0.600522,0.00513711,0.00256856,False
light 0.25,apple-macos-27.0-2x-light-standard-glass0.25,webgpu,photo__glass-over-glass__inactive,holdout,holdout,P,inactive,thick,t1InteriorStdDev,0.10438,0.0942372,0.90283,-1.71234,within,0.0964576,0.10438,0.0942372,0.90283,0.0059232,0.0029616,False
light 0.25,apple-macos-27.0-2x-light-standard-glass0.25,webgpu,photo__glass-over-glass__rest,holdout,holdout,P,rest,thick,t1InteriorStdDev,0.125425,0.120907,0.963977,-0.704984,within,0.0348728,0.125425,0.120907,0.963977,0.00640889,0.00320444,False
light 0.25,apple-macos-27.0-2x-light-standard-glass0.25,webgpu,photo__rrect-lg__inactive,holdout,holdout,P,inactive,thick,t1InteriorStdDev,0.0935102,0.0707097,0.756171,-3.99871,miss,0.261125,0.0935102,0.0707097,0.756171,0.00570196,0.00285098,False
light 0.25,apple-macos-27.0-2x-light-standard-glass0.25,webgpu,photo__rrect-lg__inactive-tint-orange,holdout,holdout,P,inactive,thick,t1InteriorStdDev,0.0679369,0.0518272,0.762872,-3.52869,miss,0.251281,0.0679369,0.0518272,0.762872,0.00456536,0.00228268,False
light 0.25,apple-macos-27.0-2x-light-standard-glass0.25,webgpu,photo__rrect-lg__rest,holdout,holdout,P,rest,thick,t1InteriorStdDev,0.108356,0.0666641,0.615234,-6.69886,miss,0.452346,0.108356,0.0666641,0.615234,0.00622367,0.00311183,False
light 0.25,apple-macos-27.0-2x-light-standard-glass0.25,webgpu,photo__rrect-lg__rest-tint-orange,holdout,holdout,P,rest,thick,t1InteriorStdDev,0.0242439,0.0159641,0.658478,-1.77504,miss,0.337454,0.0242439,0.0159641,0.658478,0.00466459,0.0023323,False
light 0.25,apple-macos-27.0-2x-light-standard-glass0.25,webgpu,photo__rrect-md__inactive,calibration,gate,P,inactive,mid,t1InteriorStdDev,0.074212,0.0609329,0.821066,-2.34786,miss,0.181837,0.074212,0.0609329,0.821066,0.00565581,0.00282791,False
light 0.25,apple-macos-27.0-2x-light-standard-glass0.25,webgpu,photo__rrect-md__inactive-pressed,recorded,gate,P,inactive,mid,t1InteriorStdDev,0.074212,0.0893013,1.20333,2.66793,miss,0.173052,0.074212,0.0893013,1.20333,0.00565581,0.00282791,False
light 0.25,apple-macos-27.0-2x-light-standard-glass0.25,webgpu,photo__rrect-md__inactive-tint-orange,validation,gate,P,inactive,mid,t1InteriorStdDev,0.0558505,0.0446263,0.799032,-2.45968,miss,0.205535,0.0558505,0.0446263,0.799032,0.00456327,0.00228163,False
light 0.25,apple-macos-27.0-2x-light-standard-glass0.25,webgpu,photo__rrect-md__pressed,recorded,gate,P,rest,mid,t1InteriorStdDev,0.0893458,0.100388,1.12359,1.83148,miss,0.10955,0.0893458,0.100388,1.12359,0.00602904,0.00301452,False
light 0.25,apple-macos-27.0-2x-light-standard-glass0.25,webgpu,photo__rrect-md__rest,calibration,gate,P,rest,mid,t1InteriorStdDev,0.0893458,0.0589188,0.659447,-5.04673,miss,0.38423,0.0893458,0.0589188,0.659447,0.00602904,0.00301452,False
light 0.25,apple-macos-27.0-2x-light-standard-glass0.25,webgpu,photo__rrect-md__rest-tint-orange,validation,gate,P,rest,mid,t1InteriorStdDev,0.0224236,0.015352,0.684637,-1.52448,miss,0.302873,0.0224236,0.015352,0.684637,0.00463869,0.00231934,False
light 0.25,apple-macos-27.0-2x-light-standard-glass0.25,webgpu,photo__rrect-ml__inactive,probe,gate,P,inactive,thick,t1InteriorStdDev,0.0906403,0.0712051,0.785579,-3.42008,miss,0.22536,0.0906403,0.0712051,0.785579,0.00568269,0.00284134,False
light 0.25,apple-macos-27.0-2x-light-standard-glass0.25,webgpu,photo__rrect-ml__rest,calibration,gate,P,rest,thick,t1InteriorStdDev,0.103205,0.067125,0.650406,-5.88854,miss,0.400481,0.103205,0.067125,0.650406,0.00612712,0.00306356,False
light 0.25,apple-macos-27.0-2x-light-standard-glass0.25,webgpu,photo__rrect-sm__inactive,validation,gate,P,inactive,thin,t1InteriorStdDev,0.0224642,0.0166724,0.742179,-1.07485,miss,0.233122,0.0224642,0.0166724,0.742179,0.00538841,0.0026942,False
light 0.25,apple-macos-27.0-2x-light-standard-glass0.25,webgpu,photo__rrect-sm__rest,validation,gate,P,rest,thin,t1InteriorStdDev,0.0391836,0.0221848,0.566176,-2.96707,miss,0.475595,0.0391836,0.0221848,0.566176,0.00572915,0.00286458,False
light 0.25,apple-macos-27.0-2x-light-standard-glass0.25,webgpu,photo__toolbar-group__inactive,validation,gate,P,inactive,thin,t1InteriorStdDev,0.0997951,0.0718295,0.71977,-4.75637,miss,0.307393,0.0997951,0.0718295,0.71977,0.0058796,0.0029398,False
light 0.25,apple-macos-27.0-2x-light-standard-glass0.25,webgpu,photo__toolbar-group__rest,validation,gate,P,rest,thin,t1InteriorStdDev,0.107602,0.0789156,0.733401,-4.65834,miss,0.290577,0.107602,0.0789156,0.733401,0.00615815,0.00307907,False
light 0.25,apple-macos-27.0-2x-light-standard-glass0.25,webgpu,hc-text-7__rrect-lg__rest,probe,gate,T,rest,thick,t1FineStdDev,0.00318988,0.0212452,6.66019,2.43374,miss,0.993973,0.123647,0.0983797,0.795647,0.00741874,0.00370937,False
light 0.25,apple-macos-27.0-2x-light-standard-glass0.25,webgpu,hc-text-7__rrect-md__inactive,probe,referee,T,inactive,mid,t1FineStdDev,0.00336828,0.0105383,3.1287,1.14695,miss,0.556956,0.0629447,0.0543522,0.863492,0.0062514,0.0031257,False
light 0.25,apple-macos-27.0-2x-light-standard-glass0.25,webgpu,hc-text-7__rrect-md__rest,probe,gate,T,rest,mid,t1FineStdDev,0.0280691,0.0374094,1.33276,1.34621,miss,0.236502,0.0990351,0.0802551,0.810369,0.00693821,0.0034691,False
light 0.25,apple-macos-27.0-2x-light-standard-glass0.25,webgpu,hc-text-7__rrect-sm__rest,probe,gate,T,rest,thin,t1FineStdDev,0.117233,0.0927658,0.791297,-3.38919,miss,0.218899,0.165333,0.150054,0.907589,0.00721909,0.00360955,False
light 0.5,apple-macos-27.0-1x-light-increased-contrast-coupled-glass0.5,css,checkerboard__capsule-button__inactive,calibration,gate,C,inactive,thin,t1InteriorStdDev,0.0608096,0.0306548,0.504112,-3.62441,miss,0.573068,0.0608096,0.0306548,0.504112,0.00831991,0.00415995,True
light 0.5,apple-macos-27.0-1x-light-increased-contrast-coupled-glass0.5,css,checkerboard__capsule-button__inactive-tint-orange,calibration,gate,C,inactive,thin,t1InteriorStdDev,0.0515026,0.0116665,0.226522,-5.52886,miss,1.13491,0.0515026,0.0116665,0.226522,0.00720514,0.00360257,True
light 0.5,apple-macos-27.0-1x-light-increased-contrast-coupled-glass0.5,css,checkerboard__capsule-button__rest,calibration,gate,C,rest,thin,t1InteriorStdDev,0.0599323,0.018573,0.309899,-4.95015,miss,0.930554,0.0599323,0.018573,0.309899,0.00835517,0.00417758,True
light 0.5,apple-macos-27.0-1x-light-increased-contrast-coupled-glass0.5,css,checkerboard__capsule-button__rest-tint-orange,calibration,gate,C,rest,thin,t1InteriorStdDev,0.0192652,0.113326,5.88241,17.6593,miss,1.57379,0.0192652,0.113326,5.88241,0.00532642,0.00266321,True
light 0.5,apple-macos-27.0-1x-light-increased-contrast-coupled-glass0.5,css,checkerboard__rrect-md__inactive,calibration,gate,C,inactive,mid,t1InteriorStdDev,0.0397075,0.016934,0.426469,-2.72769,miss,0.642244,0.0397075,0.016934,0.426469,0.008349,0.0041745,True
light 0.5,apple-macos-27.0-1x-light-increased-contrast-coupled-glass0.5,css,checkerboard__rrect-md__rest,calibration,gate,C,rest,mid,t1InteriorStdDev,0.0395987,0.0131452,0.33196,-3.16292,miss,0.801953,0.0395987,0.0131452,0.33196,0.00836363,0.00418181,True
light 0.5,apple-macos-27.0-1x-light-increased-contrast-coupled-glass0.5,css,hc-text__capsule-button__inactive,holdout,holdout,C,inactive,thin,t1InteriorStdDev,0.0400818,0.0236188,0.589264,-1.95129,miss,0.414474,0.0400818,0.0236188,0.589264,0.00843702,0.00421851,True
light 0.5,apple-macos-27.0-1x-light-increased-contrast-coupled-glass0.5,css,hc-text__capsule-button__rest,holdout,holdout,C,rest,thin,t1InteriorStdDev,0.0375767,0.0125643,0.334365,-2.95332,miss,0.78352,0.0375767,0.0125643,0.334365,0.00846924,0.00423462,True
light 0.5,apple-macos-27.0-1x-light-increased-contrast-coupled-glass0.5,css,photo__capsule-button__inactive,calibration,gate,P,inactive,thin,t1InteriorStdDev,0.0557524,0.0210463,0.377497,-4.19,miss,0.780846,0.0557524,0.0210463,0.377497,0.00828307,0.00414153,True
light 0.5,apple-macos-27.0-1x-light-increased-contrast-coupled-glass0.5,css,photo__capsule-button__inactive-tint-orange,calibration,gate,P,inactive,thin,t1InteriorStdDev,0.0481575,0.0053215,0.110502,-5.99329,miss,1.48963,0.0481575,0.0053215,0.110502,0.00714733,0.00357366,True
light 0.5,apple-macos-27.0-1x-light-increased-contrast-coupled-glass0.5,css,photo__capsule-button__rest,calibration,gate,P,rest,thin,t1InteriorStdDev,0.0524564,0.0217605,0.41483,-3.68963,miss,0.703333,0.0524564,0.0217605,0.41483,0.0083195,0.00415975,True
light 0.5,apple-macos-27.0-1x-light-increased-contrast-coupled-glass0.5,css,photo__capsule-button__rest-tint-orange,calibration,gate,P,rest,thin,t1InteriorStdDev,0.0175424,0.113797,6.48695,18.1333,miss,1.65103,0.0175424,0.113797,6.48695,0.00530816,0.00265408,True
light 0.5,apple-macos-27.0-1x-light-increased-contrast-coupled-glass0.5,css,photo__rrect-lg__inactive,holdout,holdout,P,inactive,thick,t1InteriorStdDev,0.0385446,0.0133274,0.345766,-3.03475,miss,0.772638,0.0385446,0.0133274,0.345766,0.00830947,0.00415473,True
light 0.5,apple-macos-27.0-1x-light-increased-contrast-coupled-glass0.5,css,photo__rrect-lg__rest,holdout,holdout,P,rest,thick,t1InteriorStdDev,0.0379591,0.015746,0.414813,-2.67244,miss,0.654054,0.0379591,0.015746,0.414813,0.00831195,0.00415597,True
light 0.5,apple-macos-27.0-1x-light-increased-contrast-coupled-glass0.5,css,photo__rrect-md__inactive,calibration,gate,P,inactive,mid,t1InteriorStdDev,0.0406888,0.0149025,0.366255,-3.10335,miss,0.747124,0.0406888,0.0149025,0.366255,0.00830918,0.00415459,True
light 0.5,apple-macos-27.0-1x-light-increased-contrast-coupled-glass0.5,css,photo__rrect-md__rest,calibration,gate,P,rest,mid,t1InteriorStdDev,0.0398204,0.0178739,0.448863,-2.64114,miss,0.608778,0.0398204,0.0178739,0.448863,0.00830949,0.00415474,True
light 0.5,apple-macos-27.0-1x-light-increased-contrast-coupled-glass0.5,css,photo__toolbar-group__inactive,validation,gate,P,inactive,thin,t1InteriorStdDev,0.0829987,0.0354135,0.426675,-5.75527,miss,0.73686,0.0829987,0.0354135,0.426675,0.00826811,0.00413405,True
light 0.5,apple-macos-27.0-1x-light-increased-contrast-coupled-glass0.5,css,photo__toolbar-group__rest,validation,gate,P,rest,thin,t1InteriorStdDev,0.0742425,0.0295953,0.39863,-5.39152,miss,0.778757,0.0742425,0.0295953,0.39863,0.008281,0.0041405,True
light 0.5,apple-macos-27.0-1x-light-increased-contrast-coupled-glass0.5,webgpu,checkerboard__capsule-button__inactive,calibration,gate,C,inactive,thin,t1InteriorStdDev,0.0608096,0.196981,3.23932,16.367,miss,1.0885,0.0608096,0.196981,3.23932,0.00831991,0.00415995,True
light 0.5,apple-macos-27.0-1x-light-increased-contrast-coupled-glass0.5,webgpu,checkerboard__capsule-button__inactive-tint-orange,calibration,gate,C,inactive,thin,t1InteriorStdDev,0.0515026,0.169638,3.29377,16.396,miss,1.10269,0.0515026,0.169638,3.29377,0.00720514,0.00360257,True
light 0.5,apple-macos-27.0-1x-light-increased-contrast-coupled-glass0.5,webgpu,checkerboard__capsule-button__rest,calibration,gate,C,rest,thin,t1InteriorStdDev,0.0599323,0.0440442,0.734899,-1.90159,miss,0.264832,0.0599323,0.0440442,0.734899,0.00835517,0.00417758,True
light 0.5,apple-macos-27.0-1x-light-increased-contrast-coupled-glass0.5,webgpu,checkerboard__capsule-button__rest-tint-orange,calibration,gate,C,rest,thin,t1InteriorStdDev,0.0192652,0.0951972,4.9414,14.2557,miss,1.40799,0.0192652,0.0951972,4.9414,0.00532642,0.00266321,True
light 0.5,apple-macos-27.0-1x-light-increased-contrast-coupled-glass0.5,webgpu,checkerboard__rrect-md__inactive,calibration,gate,C,inactive,mid,t1InteriorStdDev,0.0397075,0.152635,3.84398,13.5259,miss,1.20893,0.0397075,0.152635,3.84398,0.008349,0.0041745,True
light 0.5,apple-macos-27.0-1x-light-increased-contrast-coupled-glass0.5,webgpu,checkerboard__rrect-md__rest,calibration,gate,C,rest,mid,t1InteriorStdDev,0.0395987,0.0383727,0.969039,-0.14659,within,0.0258946,0.0395987,0.0383727,0.969039,0.00836363,0.00418181,True
light 0.5,apple-macos-27.0-1x-light-increased-contrast-coupled-glass0.5,webgpu,hc-text__capsule-button__inactive,holdout,holdout,C,inactive,thin,t1InteriorStdDev,0.0400818,0.195909,4.88771,18.4694,miss,1.43786,0.0400818,0.195909,4.88771,0.00843702,0.00421851,True
light 0.5,apple-macos-27.0-1x-light-increased-contrast-coupled-glass0.5,webgpu,hc-text__capsule-button__rest,holdout,holdout,C,rest,thin,t1InteriorStdDev,0.0375767,0.0350799,0.933554,-0.294812,within,0.0557503,0.0375767,0.0350799,0.933554,0.00846924,0.00423462,True
light 0.5,apple-macos-27.0-1x-light-increased-contrast-coupled-glass0.5,webgpu,photo__capsule-button__inactive,calibration,gate,P,inactive,thin,t1InteriorStdDev,0.0557524,0.197402,3.54069,17.1011,miss,1.16691,0.0557524,0.197402,3.54069,0.00828307,0.00414153,True
light 0.5,apple-macos-27.0-1x-light-increased-contrast-coupled-glass0.5,webgpu,photo__capsule-button__inactive-tint-orange,calibration,gate,P,inactive,thin,t1InteriorStdDev,0.0481575,0.170385,3.53807,17.1011,miss,1.16629,0.0481575,0.170385,3.53807,0.00714733,0.00357366,True
light 0.5,apple-macos-27.0-1x-light-increased-contrast-coupled-glass0.5,webgpu,photo__capsule-button__rest,calibration,gate,P,rest,thin,t1InteriorStdDev,0.0524564,0.0299706,0.571343,-2.70278,miss,0.462002,0.0524564,0.0299706,0.571343,0.0083195,0.00415975,True
light 0.5,apple-macos-27.0-1x-light-increased-contrast-coupled-glass0.5,webgpu,photo__capsule-button__rest-tint-orange,calibration,gate,P,rest,thin,t1InteriorStdDev,0.0175424,0.0925915,5.27815,14.1384,miss,1.45497,0.0175424,0.0925915,5.27815,0.00530816,0.00265408,True
light 0.5,apple-macos-27.0-1x-light-increased-contrast-coupled-glass0.5,webgpu,photo__rrect-lg__inactive,holdout,holdout,P,inactive,thick,t1InteriorStdDev,0.0385446,0.118562,3.07598,9.62972,miss,0.99614,0.0385446,0.118562,3.07598,0.00830947,0.00415473,True
light 0.5,apple-macos-27.0-1x-light-increased-contrast-coupled-glass0.5,webgpu,photo__rrect-lg__rest,holdout,holdout,P,rest,thick,t1InteriorStdDev,0.0379591,0.0254634,0.670812,-1.50334,miss,0.314785,0.0379591,0.0254634,0.670812,0.00831195,0.00415597,True
light 0.5,apple-macos-27.0-1x-light-increased-contrast-coupled-glass0.5,webgpu,photo__rrect-md__inactive,calibration,gate,P,inactive,mid,t1InteriorStdDev,0.0406888,0.153584,3.7746,13.5868,miss,1.19516,0.0406888,0.153584,3.7746,0.00830918,0.00415459,True
light 0.5,apple-macos-27.0-1x-light-increased-contrast-coupled-glass0.5,webgpu,photo__rrect-md__rest,calibration,gate,P,rest,mid,t1InteriorStdDev,0.0398204,0.0263294,0.661204,-1.62357,miss,0.328927,0.0398204,0.0263294,0.661204,0.00830949,0.00415474,True
light 0.5,apple-macos-27.0-1x-light-increased-contrast-coupled-glass0.5,webgpu,photo__toolbar-group__inactive,validation,gate,P,inactive,thin,t1InteriorStdDev,0.0829987,0.22813,2.7486,17.5531,miss,0.95173,0.0829987,0.22813,2.7486,0.00826811,0.00413405,True
light 0.5,apple-macos-27.0-1x-light-increased-contrast-coupled-glass0.5,webgpu,photo__toolbar-group__rest,validation,gate,P,rest,thin,t1InteriorStdDev,0.0742425,0.0381558,0.513935,-4.35777,miss,0.57499,0.0742425,0.0381558,0.513935,0.008281,0.0041405,True
light 0.5,apple-macos-27.0-1x-light-reduced-transparency-glass0.5,css,checkerboard__capsule-button__inactive,calibration,gate,C,inactive,thin,t1InteriorStdDev,0.0923132,0.0411904,0.446203,-5.85218,miss,0.705061,0.0923132,0.0411904,0.446203,0.00873569,0.00436784,True
light 0.5,apple-macos-27.0-1x-light-reduced-transparency-glass0.5,css,checkerboard__capsule-button__rest,calibration,gate,C,rest,thin,t1InteriorStdDev,0.0867602,0.0265636,0.306173,-6.87102,miss,0.994768,0.0867602,0.0265636,0.306173,0.00876093,0.00438047,True
light 0.5,apple-macos-27.0-1x-light-reduced-transparency-glass0.5,css,checkerboard__rrect-md__inactive,calibration,gate,C,inactive,mid,t1InteriorStdDev,0.059125,0.0237755,0.402124,-4.0201,miss,0.734951,0.059125,0.0237755,0.402124,0.00879317,0.00439659,True
light 0.5,apple-macos-27.0-1x-light-reduced-transparency-glass0.5,css,checkerboard__rrect-md__rest,calibration,gate,C,rest,mid,t1InteriorStdDev,0.0561983,0.0111116,0.197722,-5.124,miss,1.18309,0.0561983,0.0111116,0.197722,0.00879912,0.00439956,True
light 0.5,apple-macos-27.0-1x-light-reduced-transparency-glass0.5,css,hc-text__capsule-button__inactive,holdout,holdout,C,inactive,thin,t1InteriorStdDev,0.0675687,0.0350747,0.519097,-3.69177,miss,0.554218,0.0675687,0.0350747,0.519097,0.00880175,0.00440087,True
light 0.5,apple-macos-27.0-1x-light-reduced-transparency-glass0.5,css,hc-text__capsule-button__rest,holdout,holdout,C,rest,thin,t1InteriorStdDev,0.0610933,0.0208587,0.341423,-4.55857,miss,0.856708,0.0610933,0.0208587,0.341423,0.00882617,0.00441308,True
light 0.5,apple-macos-27.0-1x-light-reduced-transparency-glass0.5,css,photo__capsule-button__inactive,calibration,gate,P,inactive,thin,t1InteriorStdDev,0.0616929,0.0201156,0.32606,-4.75393,miss,0.892237,0.0616929,0.0201156,0.32606,0.0087459,0.00437295,True
light 0.5,apple-macos-27.0-1x-light-reduced-transparency-glass0.5,css,photo__capsule-button__inactive-tint-orange,calibration,gate,P,inactive,thin,t1InteriorStdDev,0.0536209,0.00444991,0.0829883,-6.47464,miss,1.62581,0.0536209,0.00444991,0.0829883,0.0075944,0.0037972,True
light 0.5,apple-macos-27.0-1x-light-reduced-transparency-glass0.5,css,photo__capsule-button__rest,calibration,gate,P,rest,thin,t1InteriorStdDev,0.0542936,0.017309,0.318803,-4.2241,miss,0.883338,0.0542936,0.017309,0.318803,0.00875563,0.00437781,True
light 0.5,apple-macos-27.0-1x-light-reduced-transparency-glass0.5,css,photo__capsule-button__rest-tint-orange,calibration,gate,P,rest,thin,t1InteriorStdDev,0.0170157,0.00150946,0.0887103,-2.85773,miss,1.17427,0.0170157,0.00150946,0.0887103,0.00542605,0.00271302,True
light 0.5,apple-macos-27.0-1x-light-reduced-transparency-glass0.5,css,photo__rrect-lg__inactive,holdout,holdout,P,inactive,thick,t1InteriorStdDev,0.0394457,0.0121773,0.308711,-3.11945,miss,0.834447,0.0394457,0.0121773,0.308711,0.0087414,0.0043707,True
light 0.5,apple-macos-27.0-1x-light-reduced-transparency-glass0.5,css,photo__rrect-lg__rest,holdout,holdout,P,rest,thick,t1InteriorStdDev,0.0375151,0.0120301,0.320672,-2.91503,miss,0.80059,0.0375151,0.0120301,0.320672,0.00874264,0.00437132,True
light 0.5,apple-macos-27.0-1x-light-reduced-transparency-glass0.5,css,photo__rrect-md__inactive,calibration,gate,P,inactive,mid,t1InteriorStdDev,0.0425821,0.014288,0.33554,-3.23165,miss,0.801044,0.0425821,0.014288,0.33554,0.00875531,0.00437765,True
light 0.5,apple-macos-27.0-1x-light-reduced-transparency-glass0.5,css,photo__rrect-md__rest,calibration,gate,P,rest,mid,t1InteriorStdDev,0.0396619,0.013685,0.345041,-2.9676,miss,0.76904,0.0396619,0.013685,0.345041,0.00875352,0.00437676,True
light 0.5,apple-macos-27.0-1x-light-reduced-transparency-glass0.5,css,photo__toolbar-group__inactive,validation,gate,P,inactive,thin,t1InteriorStdDev,0.0886845,0.0363362,0.409724,-6.0316,miss,0.771452,0.0886845,0.0363362,0.409724,0.00867903,0.00433951,True
light 0.5,apple-macos-27.0-1x-light-reduced-transparency-glass0.5,css,photo__toolbar-group__rest,validation,gate,P,rest,thin,t1InteriorStdDev,0.0790225,0.0307044,0.388552,-5.55922,miss,0.80042,0.0790225,0.0307044,0.388552,0.00869152,0.00434576,True
light 0.5,apple-macos-27.0-1x-light-reduced-transparency-glass0.5,webgpu,checkerboard__capsule-button__inactive,calibration,gate,C,inactive,thin,t1InteriorStdDev,0.0923132,0.0610445,0.661275,-3.57943,miss,0.370255,0.0923132,0.0610445,0.661275,0.00873569,0.00436784,True
light 0.5,apple-macos-27.0-1x-light-reduced-transparency-glass0.5,webgpu,checkerboard__capsule-button__rest,calibration,gate,C,rest,thin,t1InteriorStdDev,0.0867602,0.060533,0.697705,-2.99365,miss,0.32099,0.0867602,0.060533,0.697705,0.00876093,0.00438047,True
light 0.5,apple-macos-27.0-1x-light-reduced-transparency-glass0.5,webgpu,checkerboard__rrect-md__inactive,calibration,gate,C,inactive,mid,t1InteriorStdDev,0.059125,0.0450907,0.762633,-1.59605,miss,0.231473,0.059125,0.0450907,0.762633,0.00879317,0.00439659,True
light 0.5,apple-macos-27.0-1x-light-reduced-transparency-glass0.5,webgpu,checkerboard__rrect-md__rest,calibration,gate,C,rest,mid,t1InteriorStdDev,0.0561983,0.0459546,0.817721,-1.16418,miss,0.171503,0.0561983,0.0459546,0.817721,0.00879912,0.00439956,True
light 0.5,apple-macos-27.0-1x-light-reduced-transparency-glass0.5,webgpu,hc-text__capsule-button__inactive,holdout,holdout,C,inactive,thin,t1InteriorStdDev,0.0675687,0.0499344,0.739017,-2.0035,miss,0.262541,0.0675687,0.0499344,0.739017,0.00880175,0.00440087,True
light 0.5,apple-macos-27.0-1x-light-reduced-transparency-glass0.5,webgpu,hc-text__capsule-button__rest,holdout,holdout,C,rest,thin,t1InteriorStdDev,0.0610933,0.0487136,0.797364,-1.40262,miss,0.194868,0.0610933,0.0487136,0.797364,0.00882617,0.00441308,True
light 0.5,apple-macos-27.0-1x-light-reduced-transparency-glass0.5,webgpu,photo__capsule-button__inactive,calibration,gate,P,inactive,thin,t1InteriorStdDev,0.0616929,0.0327203,0.530374,-3.31271,miss,0.529866,0.0616929,0.0327203,0.530374,0.0087459,0.00437295,True
light 0.5,apple-macos-27.0-1x-light-reduced-transparency-glass0.5,webgpu,photo__capsule-button__inactive-tint-orange,calibration,gate,P,inactive,thin,t1InteriorStdDev,0.0536209,0.0222892,0.415681,-4.12564,miss,0.717088,0.0536209,0.0222892,0.415681,0.0075944,0.0037972,True
light 0.5,apple-macos-27.0-1x-light-reduced-transparency-glass0.5,webgpu,photo__capsule-button__rest,calibration,gate,P,rest,thin,t1InteriorStdDev,0.0542936,0.0323654,0.596118,-2.50447,miss,0.427396,0.0542936,0.0323654,0.596118,0.00875563,0.00437781,True
light 0.5,apple-macos-27.0-1x-light-reduced-transparency-glass0.5,webgpu,photo__capsule-button__rest-tint-orange,calibration,gate,P,rest,thin,t1InteriorStdDev,0.0170157,0.0103178,0.606373,-1.23438,miss,0.354469,0.0170157,0.0103178,0.606373,0.00542605,0.00271302,True
light 0.5,apple-macos-27.0-1x-light-reduced-transparency-glass0.5,webgpu,photo__rrect-lg__inactive,holdout,holdout,P,inactive,thick,t1InteriorStdDev,0.0394457,0.0274351,0.695516,-1.37399,miss,0.286681,0.0394457,0.0274351,0.695516,0.0087414,0.0043707,True
light 0.5,apple-macos-27.0-1x-light-reduced-transparency-glass0.5,webgpu,photo__rrect-lg__rest,holdout,holdout,P,rest,thick,t1InteriorStdDev,0.0375151,0.0282183,0.752185,-1.06339,miss,0.224368,0.0375151,0.0282183,0.752185,0.00874264,0.00437132,True
light 0.5,apple-macos-27.0-1x-light-reduced-transparency-glass0.5,webgpu,photo__rrect-md__inactive,calibration,gate,P,inactive,mid,t1InteriorStdDev,0.0425821,0.0293571,0.689423,-1.51051,miss,0.29788,0.0425821,0.0293571,0.689423,0.00875531,0.00437765,True
light 0.5,apple-macos-27.0-1x-light-reduced-transparency-glass0.5,webgpu,photo__rrect-md__rest,calibration,gate,P,rest,mid,t1InteriorStdDev,0.0396619,0.0301731,0.760757,-1.084,miss,0.218141,0.0396619,0.0301731,0.760757,0.00875352,0.00437676,True
light 0.5,apple-macos-27.0-1x-light-reduced-transparency-glass0.5,webgpu,photo__toolbar-group__inactive,validation,gate,P,inactive,thin,t1InteriorStdDev,0.0886845,0.0635029,0.716053,-2.90144,miss,0.299263,0.0886845,0.0635029,0.716053,0.00867903,0.00433951,True
light 0.5,apple-macos-27.0-1x-light-reduced-transparency-glass0.5,webgpu,photo__toolbar-group__rest,validation,gate,P,rest,thin,t1InteriorStdDev,0.0790225,0.0621389,0.786345,-1.94253,miss,0.213793,0.0790225,0.0621389,0.786345,0.00869152,0.00434576,True
light 0.5,apple-macos-27.0-1x-light-standard-glass0.5,css,checkerboard-32__capsule-button__rest,probe,gate,C,rest,thin,t1InteriorStdDev,0.142149,0.157397,1.10726,2.25823,miss,0.0974885,0.142149,0.157397,1.10726,0.00675189,0.00337594,True
light 0.5,apple-macos-27.0-1x-light-standard-glass0.5,css,checkerboard-32__capsule-button__rest-tint-orange,probe,gate,C,rest,thin,t1InteriorStdDev,0.0353698,0.00592094,0.167401,-6.00992,miss,1.31412,0.0353698,0.00592094,0.167401,0.00490003,0.00245002,True
light 0.5,apple-macos-27.0-1x-light-standard-glass0.5,css,checkerboard-32__rrect-lg__inactive,probe,gate,C,inactive,thick,t1InteriorStdDev,0.0678081,0.0411623,0.60704,-4.33083,miss,0.44671,0.0678081,0.0411623,0.60704,0.0061526,0.0030763,True
light 0.5,apple-macos-27.0-1x-light-standard-glass0.5,css,checkerboard-32__rrect-lg__rest,probe,gate,C,rest,thick,t1InteriorStdDev,0.088253,0.0672546,0.762066,-3.06678,miss,0.249492,0.088253,0.0672546,0.762066,0.00684705,0.00342353,True
light 0.5,apple-macos-27.0-1x-light-standard-glass0.5,css,checkerboard-32__rrect-md__rest,probe,gate,C,rest,mid,t1InteriorStdDev,0.10602,0.112067,1.05704,0.892738,within,0.0522272,0.10602,0.112067,1.05704,0.00677404,0.00338702,True
light 0.5,apple-macos-27.0-1x-light-standard-glass0.5,css,checkerboard-32__rrect-ml__rest,probe,gate,C,rest,thick,t1InteriorStdDev,0.105291,0.0903286,0.857898,-2.19114,miss,0.143232,0.105291,0.0903286,0.857898,0.00682838,0.00341419,True
light 0.5,apple-macos-27.0-1x-light-standard-glass0.5,css,checkerboard-32__rrect-sm__rest,probe,gate,C,rest,thin,t1InteriorStdDev,0.140469,0.158427,1.12784,2.66716,miss,0.115106,0.140469,0.158427,1.12784,0.00673285,0.00336643,True
light 0.5,apple-macos-27.0-1x-light-standard-glass0.5,css,checkerboard-64__capsule-button__rest,probe,gate,C,rest,thin,t1InteriorStdDev,0.249378,0.199361,0.799434,-7.22101,miss,0.217094,0.249378,0.199361,0.799434,0.00692656,0.00346328,True
light 0.5,apple-macos-27.0-1x-light-standard-glass0.5,css,checkerboard-64__capsule-button__rest-tint-orange,probe,gate,C,rest,thin,t1InteriorStdDev,0.0575152,0.00578884,0.100649,-10.4975,miss,1.76248,0.0575152,0.00578884,0.100649,0.00492748,0.00246374,True
light 0.5,apple-macos-27.0-1x-light-standard-glass0.5,css,checkerboard-64__rrect-lg__inactive,probe,gate,C,inactive,thick,t1InteriorStdDev,0.186648,0.0796373,0.42667,-17.1639,miss,0.809227,0.186648,0.0796373,0.42667,0.00623468,0.00311734,True
light 0.5,apple-macos-27.0-1x-light-standard-glass0.5,css,checkerboard-64__rrect-lg__rest,probe,gate,C,rest,thick,t1InteriorStdDev,0.20823,0.107564,0.516563,-14.8289,miss,0.631439,0.20823,0.107564,0.516563,0.00678849,0.00339425,True
light 0.5,apple-macos-27.0-1x-light-standard-glass0.5,css,checkerboard-64__rrect-md__inactive,probe,gate,C,inactive,mid,t1InteriorStdDev,0.151643,0.0843336,0.556132,-11.1971,miss,0.55677,0.151643,0.0843336,0.556132,0.00601133,0.00300567,True
light 0.5,apple-macos-27.0-1x-light-standard-glass0.5,css,checkerboard-64__rrect-md__rest,probe,gate,C,rest,mid,t1InteriorStdDev,0.191104,0.142374,0.745005,-7.37977,miss,0.282997,0.191104,0.142374,0.745005,0.00660327,0.00330163,True
light 0.5,apple-macos-27.0-1x-light-standard-glass0.5,css,checkerboard-64__rrect-ml__rest,probe,gate,C,rest,thick,t1InteriorStdDev,0.187174,0.116335,0.621534,-10.4694,miss,0.454543,0.187174,0.116335,0.621534,0.00676627,0.00338314,True
light 0.5,apple-macos-27.0-1x-light-standard-glass0.5,css,checkerboard-64__rrect-sm__rest,probe,gate,C,rest,thin,t1InteriorStdDev,0.0773696,0.0247786,0.320263,-6.4233,miss,0.953703,0.0773696,0.0247786,0.320263,0.00818754,0.00409377,True
light 0.5,apple-macos-27.0-1x-light-standard-glass0.5,css,checkerboard-lc16__capsule-button__inactive,probe,gate,C,inactive,thin,t1InteriorStdDev,0.0329322,0.0389295,1.18211,0.865358,within,0.140152,0.0329322,0.0389295,1.18211,0.00693041,0.00346521,True
light 0.5,apple-macos-27.0-1x-light-standard-glass0.5,css,checkerboard-lc16__capsule-button__rest,probe,gate,C,rest,thin,t1InteriorStdDev,0.0565675,0.0453957,0.802505,-1.52226,miss,0.192147,0.0565675,0.0453957,0.802505,0.00733895,0.00366948,True
light 0.5,apple-macos-27.0-1x-light-standard-glass0.5,css,checkerboard-lc16__rrect-lg__rest,probe,gate,C,rest,thick,t1InteriorStdDev,0.0337149,0.020224,0.599855,-1.77035,miss,0.395083,0.0337149,0.020224,0.599855,0.00762042,0.00381021,True
light 0.5,apple-macos-27.0-1x-light-standard-glass0.5,css,checkerboard-lc16__rrect-md__inactive,probe,gate,C,inactive,mid,t1InteriorStdDev,0.0180815,0.0222334,1.22963,0.603482,within,0.153867,0.0180815,0.0222334,1.22963,0.00688004,0.00344002,True
light 0.5,apple-macos-27.0-1x-light-standard-glass0.5,css,checkerboard-lc16__rrect-md__rest,probe,gate,C,rest,mid,t1InteriorStdDev,0.0378852,0.0351384,0.927496,-0.369826,within,0.0625345,0.0378852,0.0351384,0.927496,0.00742733,0.00371367,True
light 0.5,apple-macos-27.0-1x-light-standard-glass0.5,css,checkerboard-lc16__rrect-ml__rest,probe,gate,C,rest,thick,t1InteriorStdDev,0.0335762,0.0288965,0.860624,-0.621221,within,0.120853,0.0335762,0.0288965,0.860624,0.00753312,0.00376656,True
light 0.5,apple-macos-27.0-1x-light-standard-glass0.5,css,checkerboard-lc16__rrect-sm__rest,probe,gate,C,rest,thin,t1InteriorStdDev,0.063608,0.0523401,0.822854,-1.52737,miss,0.172849,0.063608,0.0523401,0.822854,0.00737732,0.00368866,True
light 0.5,apple-macos-27.0-1x-light-standard-glass0.5,css,checkerboard__capsule-button__inactive,calibration,gate,C,inactive,thin,t1InteriorStdDev,0.057493,0.0697711,1.21356,1.99471,miss,0.176391,0.057493,0.0697711,1.21356,0.00615529,0.00307765,True
light 0.5,apple-macos-27.0-1x-light-standard-glass0.5,css,checkerboard__capsule-button__inactive-tint-blue,validation,gate,C,inactive,thin,t1InteriorStdDev,0.0467443,0.0109997,0.235317,-6.99312,miss,1.16895,0.0467443,0.0109997,0.235317,0.00511139,0.00255569,True
light 0.5,apple-macos-27.0-1x-light-standard-glass0.5,css,checkerboard__capsule-button__inactive-tint-orange,calibration,gate,C,inactive,thin,t1InteriorStdDev,0.0467443,0.0109997,0.235317,-6.99312,miss,1.16895,0.0467443,0.0109997,0.235317,0.00511139,0.00255569,True
light 0.5,apple-macos-27.0-1x-light-standard-glass0.5,css,checkerboard__capsule-button__rest,calibration,gate,C,rest,thin,t1InteriorStdDev,0.109349,0.0956264,0.874509,-2.03477,miss,0.125791,0.109349,0.0956264,0.874509,0.00674387,0.00337194,True
light 0.5,apple-macos-27.0-1x-light-standard-glass0.5,css,checkerboard__capsule-button__rest-tint-blue,validation,gate,C,rest,thin,t1InteriorStdDev,0.0229731,0.00554589,0.241408,-4.9793,miss,1.07382,0.0229731,0.00554589,0.241408,0.00349993,0.00174996,True
light 0.5,apple-macos-27.0-1x-light-standard-glass0.5,css,checkerboard__capsule-button__rest-tint-orange,calibration,gate,C,rest,thin,t1InteriorStdDev,0.0301047,0.00581651,0.193209,-4.95444,miss,1.18355,0.0301047,0.00581651,0.193209,0.00490231,0.00245115,True
light 0.5,apple-macos-27.0-1x-light-standard-glass0.5,css,checkerboard__glass-over-glass__inactive,holdout,holdout,C,inactive,thick,t1InteriorStdDev,0.0750775,0.0801419,1.06746,0.810789,within,0.0604124,0.0750775,0.0801419,1.06746,0.00624626,0.00312313,True
light 0.5,apple-macos-27.0-1x-light-standard-glass0.5,css,checkerboard__glass-over-glass__rest,holdout,holdout,C,rest,thick,t1InteriorStdDev,0.0981313,0.108965,1.1104,1.55425,miss,0.0981068,0.0981313,0.108965,1.1104,0.00697054,0.00348527,True
light 0.5,apple-macos-27.0-1x-light-standard-glass0.5,css,checkerboard__rrect-lg__inactive,holdout,holdout,C,inactive,thick,t1InteriorStdDev,0.0188417,0.0275163,1.46039,1.44165,miss,0.29933,0.0188417,0.0275163,1.46039,0.00601714,0.00300857,True
light 0.5,apple-macos-27.0-1x-light-standard-glass0.5,css,checkerboard__rrect-lg__rest,holdout,holdout,C,rest,thick,t1InteriorStdDev,0.036782,0.0440421,1.19738,1.07874,miss,0.15431,0.036782,0.0440421,1.19738,0.00673019,0.0033651,True
light 0.5,apple-macos-27.0-1x-light-standard-glass0.5,css,checkerboard__rrect-md__inactive,calibration,gate,C,inactive,mid,t1InteriorStdDev,0.0249007,0.0390197,1.56701,2.34511,miss,0.376112,0.0249007,0.0390197,1.56701,0.0060206,0.0030103,True
light 0.5,apple-macos-27.0-1x-light-standard-glass0.5,css,checkerboard__rrect-md__rest,calibration,gate,C,rest,mid,t1InteriorStdDev,0.0766263,0.0741851,0.968141,-0.364555,within,0.0297362,0.0766263,0.0741851,0.968141,0.00669645,0.00334822,True
light 0.5,apple-macos-27.0-1x-light-standard-glass0.5,css,checkerboard__rrect-ml__inactive,probe,gate,C,inactive,thick,t1InteriorStdDev,0.0201462,0.0341428,1.69475,2.33048,miss,0.42866,0.0201462,0.0341428,1.69475,0.00600587,0.00300294,True
light 0.5,apple-macos-27.0-1x-light-standard-glass0.5,css,checkerboard__rrect-ml__rest,calibration,gate,C,rest,thick,t1InteriorStdDev,0.0596469,0.0584342,0.979669,-0.180755,within,0.0184442,0.0596469,0.0584342,0.979669,0.00670886,0.00335443,True
light 0.5,apple-macos-27.0-1x-light-standard-glass0.5,css,checkerboard__rrect-sm__inactive,calibration,gate,C,inactive,thin,t1InteriorStdDev,0.0668239,0.0828941,1.24049,2.59872,miss,0.198946,0.0668239,0.0828941,1.24049,0.00618389,0.00309195,True
light 0.5,apple-macos-27.0-1x-light-standard-glass0.5,css,checkerboard__rrect-sm__rest,calibration,gate,C,rest,thin,t1InteriorStdDev,0.110637,0.10418,0.941641,-0.953934,within,0.0565644,0.110637,0.10418,0.941641,0.00676842,0.00338421,True
light 0.5,apple-macos-27.0-1x-light-standard-glass0.5,css,checkerboard__toolbar-group__inactive,calibration,gate,C,inactive,thin,t1InteriorStdDev,0.0677971,0.0801347,1.18198,2.01369,miss,0.154348,0.0677971,0.0801347,1.18198,0.00612689,0.00306345,True
light 0.5,apple-macos-27.0-1x-light-standard-glass0.5,css,checkerboard__toolbar-group__rest,calibration,gate,C,rest,thin,t1InteriorStdDev,0.113865,0.100762,0.884923,-1.96439,miss,0.115084,0.113865,0.100762,0.884923,0.00667038,0.00333519,True
light 0.5,apple-macos-27.0-1x-light-standard-glass0.5,css,hc-text-28__rrect-lg__rest,probe,gate,C,rest,thick,t1InteriorStdDev,0.107646,0.0856581,0.795741,-2.85664,miss,0.211498,0.107646,0.0856581,0.795741,0.00769703,0.00384851,True
light 0.5,apple-macos-27.0-1x-light-standard-glass0.5,css,hc-text-28__rrect-md__inactive,probe,gate,C,inactive,mid,t1InteriorStdDev,0.0808633,0.0632287,0.78192,-2.59536,miss,0.224614,0.0808633,0.0632287,0.78192,0.00679468,0.00339734,True
light 0.5,apple-macos-27.0-1x-light-standard-glass0.5,css,hc-text-28__rrect-md__rest,probe,gate,C,rest,mid,t1InteriorStdDev,0.106616,0.105281,0.987484,-0.182351,within,0.0117813,0.106616,0.105281,0.987484,0.00731778,0.00365889,True
light 0.5,apple-macos-27.0-1x-light-standard-glass0.5,css,hc-text-28__rrect-sm__rest,probe,gate,C,rest,thin,t1InteriorStdDev,0.105291,0.130603,1.24041,3.61131,miss,0.203272,0.105291,0.130603,1.24041,0.00700936,0.00350468,True
light 0.5,apple-macos-27.0-1x-light-standard-glass0.5,css,hc-text__capsule-button__inactive,holdout,holdout,C,inactive,thin,t1InteriorStdDev,0.0458811,0.0461191,1.00519,0.0366973,within,0.00453542,0.0458811,0.0461191,1.00519,0.00648686,0.00324343,True
light 0.5,apple-macos-27.0-1x-light-standard-glass0.5,css,hc-text__capsule-button__inactive-tint-orange,holdout,holdout,C,inactive,thin,t1InteriorStdDev,0.0383443,0.0113599,0.296261,-4.97886,miss,0.958642,0.0383443,0.0113599,0.296261,0.00541979,0.00270989,True
light 0.5,apple-macos-27.0-1x-light-standard-glass0.5,css,hc-text__capsule-button__rest,holdout,holdout,C,rest,thin,t1InteriorStdDev,0.105252,0.059347,0.563857,-6.36819,miss,0.524564,0.105252,0.059347,0.563857,0.00720846,0.00360423,True
light 0.5,apple-macos-27.0-1x-light-standard-glass0.5,css,hc-text__capsule-button__rest-tint-orange,holdout,holdout,C,rest,thin,t1InteriorStdDev,0.0294809,0.00572897,0.194328,-4.72941,miss,1.16604,0.0294809,0.00572897,0.194328,0.00502218,0.00251109,True
light 0.5,apple-macos-27.0-1x-light-standard-glass0.5,css,hc-text__rrect-lg__inactive,probe,gate,C,inactive,thick,t1InteriorStdDev,0.110066,0.0730282,0.663492,-5.3744,miss,0.380791,0.110066,0.0730282,0.663492,0.00689159,0.0034458,True
light 0.5,apple-macos-27.0-1x-light-standard-glass0.5,css,hc-text__rrect-md__inactive,holdout,holdout,C,inactive,mid,t1InteriorStdDev,0.05972,0.0385247,0.645089,-3.27673,miss,0.385995,0.05972,0.0385247,0.645089,0.00646842,0.00323421,True
light 0.5,apple-macos-27.0-1x-light-standard-glass0.5,css,hc-text__rrect-md__rest,holdout,holdout,C,rest,mid,t1InteriorStdDev,0.0858271,0.0534531,0.6228,-4.47598,miss,0.427532,0.0858271,0.0534531,0.6228,0.00723283,0.00361641,True
light 0.5,apple-macos-27.0-1x-light-standard-glass0.5,css,impulse__capsule-button__inactive,validation,gate,C,inactive,thin,t1InteriorStdDev,0.0225147,0.0125967,0.559489,-2.60507,miss,0.472881,0.0225147,0.0125967,0.559489,0.00380718,0.00190359,True
light 0.5,apple-macos-27.0-1x-light-standard-glass0.5,css,impulse__capsule-button__inactive-tint-orange,calibration,gate,C,inactive,thin,t1InteriorStdDev,0.0122978,0.00254321,0.206803,-3.35055,miss,1.02544,0.0122978,0.00254321,0.206803,0.00291133,0.00145567,True
light 0.5,apple-macos-27.0-1x-light-standard-glass0.5,css,impulse__capsule-button__rest,validation,gate,C,rest,thin,t1InteriorStdDev,0.0316195,0.00939365,0.297084,-5.78607,miss,0.985568,0.0316195,0.00939365,0.297084,0.00384127,0.00192063,True
light 0.5,apple-macos-27.0-1x-light-standard-glass0.5,css,impulse__capsule-button__rest-tint-orange,calibration,gate,C,rest,thin,t1InteriorStdDev,0.0267055,0.00519715,0.194609,-5.23496,miss,1.19734,0.0267055,0.00519715,0.194609,0.00410861,0.0020543,True
light 0.5,apple-macos-27.0-1x-light-standard-glass0.5,css,impulse__rrect-lg__inactive,probe,gate,C,inactive,thick,t1InteriorStdDev,0.0110001,0.00365594,0.332356,-1.91593,miss,0.68342,0.0110001,0.00365594,0.332356,0.0038332,0.0019166,True
light 0.5,apple-macos-27.0-1x-light-standard-glass0.5,css,impulse__rrect-md__inactive,validation,gate,C,inactive,mid,t1InteriorStdDev,0.0141574,0.00708999,0.500797,-1.8485,miss,0.499318,0.0141574,0.00708999,0.500797,0.00382332,0.00191166,True
light 0.5,apple-macos-27.0-1x-light-standard-glass0.5,css,impulse__rrect-md__rest,validation,gate,C,rest,mid,t1InteriorStdDev,0.0229548,0.00639481,0.278583,-4.27012,miss,0.960117,0.0229548,0.00639481,0.278583,0.0038781,0.00193905,True
light 0.5,apple-macos-27.0-1x-light-standard-glass0.5,css,impulse__rrect-ml__inactive,probe,gate,C,inactive,thick,t1InteriorStdDev,0.0115379,0.00891237,0.772444,-0.686166,within,0.187396,0.0115379,0.00891237,0.772444,0.00382636,0.00191318,True
light 0.5,apple-macos-27.0-1x-light-standard-glass0.5,css,checkerboard-4__capsule-button__rest,probe,gate,F,rest,thin,t1InteriorStdDev,0.08874,0.0113023,0.127364,-11.761,miss,1.67324,0.08874,0.0113023,0.127364,0.00658427,0.00329214,True
light 0.5,apple-macos-27.0-1x-light-standard-glass0.5,css,checkerboard-4__capsule-button__rest-tint-orange,probe,gate,F,rest,thin,t1InteriorStdDev,0.027386,0.00438829,0.160239,-4.73052,miss,1.24883,0.027386,0.00438829,0.160239,0.00486155,0.00243078,True
light 0.5,apple-macos-27.0-1x-light-standard-glass0.5,css,checkerboard-4__rrect-lg__rest,probe,gate,F,rest,thick,t1InteriorStdDev,0.0300048,0.0058281,0.194239,-3.63553,miss,1.07756,0.0300048,0.0058281,0.194239,0.00665011,0.00332506,True
light 0.5,apple-macos-27.0-1x-light-standard-glass0.5,css,checkerboard-4__rrect-md__inactive,probe,gate,F,inactive,mid,t1InteriorStdDev,0.0206721,0.00943612,0.456467,-1.87779,miss,0.547355,0.0206721,0.00943612,0.456467,0.0059836,0.0029918,True
light 0.5,apple-macos-27.0-1x-light-standard-glass0.5,css,checkerboard-4__rrect-md__rest,probe,gate,F,rest,mid,t1InteriorStdDev,0.0513815,0.00758295,0.147581,-6.70511,miss,1.41171,0.0513815,0.00758295,0.147581,0.00653211,0.00326606,True
light 0.5,apple-macos-27.0-1x-light-standard-glass0.5,css,checkerboard-4__rrect-ml__rest,probe,gate,F,rest,thick,t1InteriorStdDev,0.0349433,0.00547898,0.156796,-4.4851,miss,1.23707,0.0349433,0.00547898,0.156796,0.00656938,0.00328469,True
light 0.5,apple-macos-27.0-1x-light-standard-glass0.5,css,checkerboard-4__rrect-sm__rest,probe,gate,F,rest,thin,t1InteriorStdDev,0.0897405,0.012933,0.144116,-11.6809,miss,1.59678,0.0897405,0.012933,0.144116,0.0065755,0.00328775,True
light 0.5,apple-macos-27.0-1x-light-standard-glass0.5,css,checkerboard-8__capsule-button__rest,probe,gate,F,rest,thin,t1InteriorStdDev,0.101665,0.0191278,0.188145,-12.3627,miss,1.43475,0.101665,0.0191278,0.188145,0.00667632,0.00333816,True
light 0.5,apple-macos-27.0-1x-light-standard-glass0.5,css,checkerboard-8__capsule-button__rest-tint-orange,probe,gate,F,rest,thin,t1InteriorStdDev,0.0290315,0.00507603,0.174846,-4.90422,miss,1.22524,0.0290315,0.00507603,0.174846,0.00488465,0.00244233,True
light 0.5,apple-macos-27.0-1x-light-standard-glass0.5,css,checkerboard-8__rrect-lg__inactive,probe,gate,F,inactive,thick,t1InteriorStdDev,0.028066,0.00895871,0.319201,-3.16261,miss,0.821449,0.028066,0.00895871,0.319201,0.00604162,0.00302081,True
light 0.5,apple-macos-27.0-1x-light-standard-glass0.5,css,checkerboard-8__rrect-lg__rest,probe,gate,F,rest,thick,t1InteriorStdDev,0.0465572,0.00963528,0.206956,-5.4869,miss,1.18057,0.0465572,0.00963528,0.206956,0.0067291,0.00336455,True
light 0.5,apple-macos-27.0-1x-light-standard-glass0.5,css,checkerboard-8__rrect-md__inactive,probe,gate,F,inactive,mid,t1InteriorStdDev,0.0206187,0.0131921,0.639813,-1.24076,miss,0.327325,0.0206187,0.0131921,0.639813,0.00598551,0.00299276,True
light 0.5,apple-macos-27.0-1x-light-standard-glass0.5,css,checkerboard-8__rrect-md__rest,probe,gate,F,rest,mid,t1InteriorStdDev,0.0523569,0.0163615,0.312499,-5.48454,miss,0.943971,0.0523569,0.0163615,0.312499,0.00656307,0.00328154,True
light 0.5,apple-macos-27.0-1x-light-standard-glass0.5,css,checkerboard-8__rrect-ml__rest,probe,gate,F,rest,thick,t1InteriorStdDev,0.0289457,0.0125657,0.434113,-2.50847,miss,0.619387,0.0289457,0.0125657,0.434113,0.00652985,0.00326493,True
light 0.5,apple-macos-27.0-1x-light-standard-glass0.5,css,checkerboard-8__rrect-sm__rest,probe,gate,F,rest,thin,t1InteriorStdDev,0.10706,0.0270636,0.252788,-11.9417,miss,1.21473,0.10706,0.0270636,0.252788,0.00669893,0.00334946,True
light 0.5,apple-macos-27.0-1x-light-standard-glass0.5,css,photo__capsule-button__inactive,calibration,gate,P,inactive,thin,t1InteriorStdDev,0.0496047,0.0303344,0.611522,-3.24591,miss,0.426108,0.0496047,0.0303344,0.611522,0.00593682,0.00296841,True
light 0.5,apple-macos-27.0-1x-light-standard-glass0.5,css,photo__capsule-button__inactive-tint-blue,calibration,gate,P,inactive,thin,t1InteriorStdDev,0.0383532,0.00362199,0.0944378,-7.13479,miss,1.62746,0.0383532,0.00362199,0.0944378,0.00486786,0.00243393,True
light 0.5,apple-macos-27.0-1x-light-standard-glass0.5,css,photo__capsule-button__inactive-tint-orange,calibration,gate,P,inactive,thin,t1InteriorStdDev,0.0383532,0.00362199,0.0944378,-7.13479,miss,1.62746,0.0383532,0.00362199,0.0944378,0.00486786,0.00243393,True
light 0.5,apple-macos-27.0-1x-light-standard-glass0.5,css,photo__capsule-button__inactive-tint-orange-half,calibration,gate,P,inactive,thin,t1InteriorStdDev,0.0433593,0.014205,0.327611,-5.41431,miss,0.91158,0.0433593,0.014205,0.327611,0.00538468,0.00269234,True
light 0.5,apple-macos-27.0-1x-light-standard-glass0.5,css,photo__capsule-button__rest,calibration,gate,P,rest,thin,t1InteriorStdDev,0.0586545,0.0358163,0.610632,-3.68596,miss,0.434122,0.0586545,0.0358163,0.610632,0.00619601,0.003098,True
light 0.5,apple-macos-27.0-1x-light-standard-glass0.5,css,photo__capsule-button__rest-tint-blue,calibration,gate,P,rest,thin,t1InteriorStdDev,0.0200995,0.00218691,0.108805,-5.3015,miss,1.43945,0.0200995,0.00218691,0.108805,0.00337877,0.00168938,True
light 0.5,apple-macos-27.0-1x-light-standard-glass0.5,css,photo__capsule-button__rest-tint-orange,calibration,gate,P,rest,thin,t1InteriorStdDev,0.0235931,0.00211417,0.0896096,-4.53536,miss,1.41963,0.0235931,0.00211417,0.0896096,0.00473589,0.00236794,True
light 0.5,apple-macos-27.0-1x-light-standard-glass0.5,css,photo__capsule-button__rest-tint-orange-half,calibration,gate,P,rest,thin,t1InteriorStdDev,0.0331321,0.0118805,0.358581,-4.01536,miss,0.805355,0.0331321,0.0118805,0.358581,0.00529257,0.00264628,True
light 0.5,apple-macos-27.0-1x-light-standard-glass0.5,css,photo__glass-over-glass__inactive,holdout,holdout,P,inactive,thick,t1InteriorStdDev,0.102151,0.0881599,0.863038,-2.25577,miss,0.138253,0.102151,0.0881599,0.863038,0.00620219,0.00310109,True
light 0.5,apple-macos-27.0-1x-light-standard-glass0.5,css,photo__glass-over-glass__rest,holdout,holdout,P,rest,thick,t1InteriorStdDev,0.121402,0.11502,0.947432,-0.957278,within,0.0511159,0.121402,0.11502,0.947432,0.00666665,0.00333332,True
light 0.5,apple-macos-27.0-1x-light-standard-glass0.5,css,photo__rrect-lg__inactive,holdout,holdout,P,inactive,thick,t1InteriorStdDev,0.0841275,0.0397491,0.472487,-7.42563,miss,0.678307,0.0841275,0.0397491,0.472487,0.00597637,0.00298819,True
light 0.5,apple-macos-27.0-1x-light-standard-glass0.5,css,photo__rrect-lg__inactive-tint-orange,holdout,holdout,P,inactive,thick,t1InteriorStdDev,0.0629196,0.00150071,0.0238512,-12.6596,miss,2.36732,0.0629196,0.00150071,0.0238512,0.00485157,0.00242579,True
light 0.5,apple-macos-27.0-1x-light-standard-glass0.5,css,photo__rrect-lg__rest,holdout,holdout,P,rest,thick,t1InteriorStdDev,0.0969436,0.0426219,0.439657,-8.38473,miss,0.744949,0.0969436,0.0426219,0.439657,0.00647864,0.00323932,True
light 0.5,apple-macos-27.0-1x-light-standard-glass0.5,css,photo__rrect-lg__rest-tint-orange,holdout,holdout,P,rest,thick,t1InteriorStdDev,0.0213773,0.00125348,0.0586361,-4.23555,miss,1.47049,0.0213773,0.00125348,0.0586361,0.00475118,0.00237559,True
light 0.5,apple-macos-27.0-1x-light-standard-glass0.5,css,photo__rrect-md__inactive,calibration,gate,P,inactive,mid,t1InteriorStdDev,0.0644093,0.0336413,0.522304,-5.19495,miss,0.575309,0.0644093,0.0336413,0.522304,0.00592269,0.00296135,True
light 0.5,apple-macos-27.0-1x-light-standard-glass0.5,css,photo__rrect-md__inactive-tint-orange,validation,gate,P,inactive,mid,t1InteriorStdDev,0.0497022,0.00204854,0.0412162,-9.8543,miss,2.06965,0.0497022,0.00204854,0.0412162,0.00483583,0.00241791,True
light 0.5,apple-macos-27.0-1x-light-standard-glass0.5,css,photo__rrect-md__rest,calibration,gate,P,rest,mid,t1InteriorStdDev,0.0778538,0.0406652,0.522327,-5.93605,miss,0.583571,0.0778538,0.0406652,0.522327,0.00626488,0.00313244,True
light 0.5,apple-macos-27.0-1x-light-standard-glass0.5,css,photo__rrect-md__rest-tint-orange,validation,gate,P,rest,mid,t1InteriorStdDev,0.0199711,0.0014381,0.072009,-3.9299,miss,1.38918,0.0199711,0.0014381,0.072009,0.0047159,0.00235795,True
light 0.5,apple-macos-27.0-1x-light-standard-glass0.5,css,photo__rrect-ml__inactive,probe,gate,P,inactive,thick,t1InteriorStdDev,0.0792763,0.0396493,0.50014,-6.65437,miss,0.625367,0.0792763,0.0396493,0.50014,0.00595504,0.00297752,True
light 0.5,apple-macos-27.0-1x-light-standard-glass0.5,css,photo__rrect-ml__rest,calibration,gate,P,rest,thick,t1InteriorStdDev,0.0915226,0.0438414,0.479023,-7.46546,miss,0.667464,0.0915226,0.0438414,0.479023,0.0063869,0.00319345,True
light 0.5,apple-macos-27.0-1x-light-standard-glass0.5,css,photo__rrect-sm__inactive,validation,gate,P,inactive,thin,t1InteriorStdDev,0.0267614,0.0142198,0.531356,-2.19542,miss,0.488092,0.0267614,0.0142198,0.531356,0.00571259,0.0028563,True
light 0.5,apple-macos-27.0-1x-light-standard-glass0.5,css,photo__rrect-sm__rest,validation,gate,P,rest,thin,t1InteriorStdDev,0.040086,0.0161755,0.403521,-3.97484,miss,0.731158,0.040086,0.0161755,0.403521,0.00601546,0.00300773,True
light 0.5,apple-macos-27.0-1x-light-standard-glass0.5,css,photo__toolbar-group__inactive,validation,gate,P,inactive,thin,t1InteriorStdDev,0.0909763,0.0584611,0.642597,-5.32865,miss,0.407875,0.0909763,0.0584611,0.642597,0.00610196,0.00305098,True
light 0.5,apple-macos-27.0-1x-light-standard-glass0.5,css,photo__toolbar-group__rest,validation,gate,P,rest,thin,t1InteriorStdDev,0.0962122,0.062749,0.652194,-5.29375,miss,0.395064,0.0962122,0.062749,0.652194,0.00632125,0.00316062,True
light 0.5,apple-macos-27.0-1x-light-standard-glass0.5,css,hc-text-7__rrect-lg__rest,probe,gate,T,rest,thick,t1FineStdDev,0.0117872,0.00681092,0.577823,-0.652753,within,0.296208,0.10826,0.0723162,0.667988,0.00762354,0.00381177,True
light 0.5,apple-macos-27.0-1x-light-standard-glass0.5,css,hc-text-7__rrect-md__inactive,probe,gate,T,inactive,mid,t1FineStdDev,0.00514059,0.00732799,1.42552,0.336273,within,0.172131,0.0542438,0.0352027,0.648972,0.00650484,0.00325242,True
light 0.5,apple-macos-27.0-1x-light-standard-glass0.5,css,hc-text-7__rrect-md__rest,probe,gate,T,rest,mid,t1FineStdDev,0.0293696,0.00980127,0.333722,-2.74035,miss,0.767797,0.0773709,0.043362,0.560443,0.00714081,0.00357041,True
light 0.5,apple-macos-27.0-1x-light-standard-glass0.5,css,hc-text-7__rrect-sm__rest,probe,gate,T,rest,thin,t1FineStdDev,0.0653727,0.0114828,0.175651,-7.60664,miss,1.36159,0.0906241,0.0354835,0.391546,0.00708459,0.00354229,True
light 0.5,apple-macos-27.0-1x-light-standard-glass0.5,webgpu,checkerboard-32__capsule-button__rest,probe,gate,C,rest,thin,t1InteriorStdDev,0.142149,0.184324,1.29669,6.2464,miss,0.249389,0.142149,0.184324,1.29669,0.00675189,0.00337594,True
light 0.5,apple-macos-27.0-1x-light-standard-glass0.5,webgpu,checkerboard-32__capsule-button__rest-tint-orange,probe,gate,C,rest,thin,t1InteriorStdDev,0.0353698,0.0422797,1.19536,1.41018,miss,0.158362,0.0353698,0.0422797,1.19536,0.00490003,0.00245002,True
light 0.5,apple-macos-27.0-1x-light-standard-glass0.5,webgpu,checkerboard-32__rrect-lg__inactive,probe,gate,C,inactive,thick,t1InteriorStdDev,0.0678081,0.0726874,1.07196,0.793032,within,0.0638854,0.0678081,0.0726874,1.07196,0.0061526,0.0030763,True
light 0.5,apple-macos-27.0-1x-light-standard-glass0.5,webgpu,checkerboard-32__rrect-lg__rest,probe,gate,C,rest,thick,t1InteriorStdDev,0.088253,0.102437,1.16072,2.07154,miss,0.139021,0.088253,0.102437,1.16072,0.00684705,0.00342353,True
light 0.5,apple-macos-27.0-1x-light-standard-glass0.5,webgpu,checkerboard-32__rrect-md__rest,probe,gate,C,rest,mid,t1InteriorStdDev,0.10602,0.145149,1.36907,5.77633,miss,0.297812,0.10602,0.145149,1.36907,0.00677404,0.00338702,True
light 0.5,apple-macos-27.0-1x-light-standard-glass0.5,webgpu,checkerboard-32__rrect-ml__rest,probe,gate,C,rest,thick,t1InteriorStdDev,0.105291,0.124081,1.17847,2.75187,miss,0.154948,0.105291,0.124081,1.17847,0.00682838,0.00341419,True
light 0.5,apple-macos-27.0-1x-light-standard-glass0.5,webgpu,checkerboard-32__rrect-sm__rest,probe,gate,C,rest,thin,t1InteriorStdDev,0.140469,0.187634,1.33576,7.00515,miss,0.27794,0.140469,0.187634,1.33576,0.00673285,0.00336643,True
light 0.5,apple-macos-27.0-1x-light-standard-glass0.5,webgpu,checkerboard-64__capsule-button__rest,probe,gate,C,rest,thin,t1InteriorStdDev,0.249378,0.226841,0.909629,-3.25365,within,0.0920376,0.249378,0.226841,0.909629,0.00692656,0.00346328,True
light 0.5,apple-macos-27.0-1x-light-standard-glass0.5,webgpu,checkerboard-64__capsule-button__rest-tint-orange,probe,gate,C,rest,thin,t1InteriorStdDev,0.0575152,0.0502095,0.872978,-1.48265,miss,0.124429,0.0575152,0.0502095,0.872978,0.00492748,0.00246374,True
light 0.5,apple-macos-27.0-1x-light-standard-glass0.5,webgpu,checkerboard-64__rrect-lg__inactive,probe,gate,C,inactive,thick,t1InteriorStdDev,0.186648,0.154129,0.825771,-5.21592,miss,0.184641,0.186648,0.154129,0.825771,0.00623468,0.00311734,True
light 0.5,apple-macos-27.0-1x-light-standard-glass0.5,webgpu,checkerboard-64__rrect-lg__rest,probe,gate,C,rest,thick,t1InteriorStdDev,0.20823,0.169313,0.813104,-5.73284,miss,0.199665,0.20823,0.169313,0.813104,0.00678849,0.00339425,True
light 0.5,apple-macos-27.0-1x-light-standard-glass0.5,webgpu,checkerboard-64__rrect-md__inactive,probe,gate,C,inactive,mid,t1InteriorStdDev,0.151643,0.154599,1.01949,0.491715,within,0.0185754,0.151643,0.154599,1.01949,0.00601133,0.00300567,True
light 0.5,apple-macos-27.0-1x-light-standard-glass0.5,webgpu,checkerboard-64__rrect-md__rest,probe,gate,C,rest,mid,t1InteriorStdDev,0.191104,0.187607,0.9817,-0.529616,within,0.0178471,0.191104,0.187607,0.9817,0.00660327,0.00330163,True
light 0.5,apple-macos-27.0-1x-light-standard-glass0.5,webgpu,checkerboard-64__rrect-ml__rest,probe,gate,C,rest,thick,t1InteriorStdDev,0.187174,0.165006,0.881563,-3.27631,miss,0.121383,0.187174,0.165006,0.881563,0.00676627,0.00338314,True
light 0.5,apple-macos-27.0-1x-light-standard-glass0.5,webgpu,checkerboard-64__rrect-sm__rest,probe,gate,C,rest,thin,t1InteriorStdDev,0.0773696,0.0145904,0.18858,-7.66766,miss,1.32339,0.0773696,0.0145904,0.18858,0.00818754,0.00409377,True
light 0.5,apple-macos-27.0-1x-light-standard-glass0.5,webgpu,checkerboard-lc16__capsule-button__inactive,probe,gate,C,inactive,thin,t1InteriorStdDev,0.0329322,0.0588722,1.78768,3.74292,miss,0.50122,0.0329322,0.0588722,1.78768,0.00693041,0.00346521,True
light 0.5,apple-macos-27.0-1x-light-standard-glass0.5,webgpu,checkerboard-lc16__capsule-button__rest,probe,gate,C,rest,thin,t1InteriorStdDev,0.0565675,0.069658,1.23141,1.7837,miss,0.186345,0.0565675,0.069658,1.23141,0.00733895,0.00366948,True
light 0.5,apple-macos-27.0-1x-light-standard-glass0.5,webgpu,checkerboard-lc16__rrect-lg__rest,probe,gate,C,rest,thick,t1InteriorStdDev,0.0337149,0.0336401,0.997781,-0.00981839,within,0.00181172,0.0337149,0.0336401,0.997781,0.00762042,0.00381021,True
light 0.5,apple-macos-27.0-1x-light-standard-glass0.5,webgpu,checkerboard-lc16__rrect-md__inactive,probe,gate,C,inactive,mid,t1InteriorStdDev,0.0180815,0.0339135,1.8756,2.30116,miss,0.49119,0.0180815,0.0339135,1.8756,0.00688004,0.00344002,True
light 0.5,apple-macos-27.0-1x-light-standard-glass0.5,webgpu,checkerboard-lc16__rrect-md__rest,probe,gate,C,rest,mid,t1InteriorStdDev,0.0378852,0.0545291,1.43932,2.2409,miss,0.312847,0.0378852,0.0545291,1.43932,0.00742733,0.00371367,True
light 0.5,apple-macos-27.0-1x-light-standard-glass0.5,webgpu,checkerboard-lc16__rrect-ml__rest,probe,gate,C,rest,thick,t1InteriorStdDev,0.0335762,0.045719,1.36165,1.61191,miss,0.258802,0.0335762,0.045719,1.36165,0.00753312,0.00376656,True
light 0.5,apple-macos-27.0-1x-light-standard-glass0.5,webgpu,checkerboard-lc16__rrect-sm__rest,probe,gate,C,rest,thin,t1InteriorStdDev,0.063608,0.0806421,1.2678,2.30898,miss,0.215084,0.063608,0.0806421,1.2678,0.00737732,0.00368866,True
light 0.5,apple-macos-27.0-1x-light-standard-glass0.5,webgpu,checkerboard__capsule-button__inactive,calibration,gate,C,inactive,thin,t1InteriorStdDev,0.057493,0.104438,1.81653,7.6267,miss,0.552483,0.057493,0.104438,1.81653,0.00615529,0.00307765,True
light 0.5,apple-macos-27.0-1x-light-standard-glass0.5,webgpu,checkerboard__capsule-button__inactive-tint-blue,validation,gate,C,inactive,thin,t1InteriorStdDev,0.0467443,0.077297,1.65361,5.97738,miss,0.463223,0.0467443,0.077297,1.65361,0.00511139,0.00255569,True
light 0.5,apple-macos-27.0-1x-light-standard-glass0.5,webgpu,checkerboard__capsule-button__inactive-tint-orange,calibration,gate,C,inactive,thin,t1InteriorStdDev,0.0467443,0.077297,1.65361,5.97738,miss,0.463223,0.0467443,0.077297,1.65361,0.00511139,0.00255569,True
light 0.5,apple-macos-27.0-1x-light-standard-glass0.5,webgpu,checkerboard__capsule-button__rest,calibration,gate,C,rest,thin,t1InteriorStdDev,0.109349,0.151307,1.38371,6.2217,miss,0.30853,0.109349,0.151307,1.38371,0.00674387,0.00337194,True
light 0.5,apple-macos-27.0-1x-light-standard-glass0.5,webgpu,checkerboard__capsule-button__rest-tint-blue,validation,gate,C,rest,thin,t1InteriorStdDev,0.0229731,0.0247482,1.07727,0.507182,within,0.0649008,0.0229731,0.0247482,1.07727,0.00349993,0.00174996,True
light 0.5,apple-macos-27.0-1x-light-standard-glass0.5,webgpu,checkerboard__capsule-button__rest-tint-orange,calibration,gate,C,rest,thin,t1InteriorStdDev,0.0301047,0.0368636,1.22451,1.37871,miss,0.176532,0.0301047,0.0368636,1.22451,0.00490231,0.00245115,True
light 0.5,apple-macos-27.0-1x-light-standard-glass0.5,webgpu,checkerboard__glass-over-glass__inactive,holdout,holdout,C,inactive,thick,t1InteriorStdDev,0.0750775,0.088974,1.1851,2.22477,miss,0.157754,0.0750775,0.088974,1.1851,0.00624626,0.00312313,True
light 0.5,apple-macos-27.0-1x-light-standard-glass0.5,webgpu,checkerboard__glass-over-glass__rest,holdout,holdout,C,rest,thick,t1InteriorStdDev,0.0981313,0.125195,1.2758,3.88265,miss,0.229129,0.0981313,0.125195,1.2758,0.00697054,0.00348527,True
light 0.5,apple-macos-27.0-1x-light-standard-glass0.5,webgpu,checkerboard__rrect-lg__inactive,holdout,holdout,C,inactive,thick,t1InteriorStdDev,0.0188417,0.0453782,2.40839,4.41015,miss,0.726334,0.0188417,0.0453782,2.40839,0.00601714,0.00300857,True
light 0.5,apple-macos-27.0-1x-light-standard-glass0.5,webgpu,checkerboard__rrect-lg__rest,holdout,holdout,C,rest,thick,t1InteriorStdDev,0.036782,0.0745977,2.0281,5.61881,miss,0.625448,0.036782,0.0745977,2.0281,0.00673019,0.0033651,True
light 0.5,apple-macos-27.0-1x-light-standard-glass0.5,webgpu,checkerboard__rrect-md__inactive,calibration,gate,C,inactive,mid,t1InteriorStdDev,0.0249007,0.0598275,2.40265,5.80122,miss,0.755906,0.0249007,0.0598275,2.40265,0.0060206,0.0030103,True
light 0.5,apple-macos-27.0-1x-light-standard-glass0.5,webgpu,checkerboard__rrect-md__rest,calibration,gate,C,rest,mid,t1InteriorStdDev,0.0766263,0.120094,1.56726,6.4911,miss,0.419811,0.0766263,0.120094,1.56726,0.00669645,0.00334822,True
light 0.5,apple-macos-27.0-1x-light-standard-glass0.5,webgpu,checkerboard__rrect-ml__inactive,probe,gate,C,inactive,thick,t1InteriorStdDev,0.0201462,0.0533688,2.64908,5.53169,miss,0.81994,0.0201462,0.0533688,2.64908,0.00600587,0.00300294,True
light 0.5,apple-macos-27.0-1x-light-standard-glass0.5,webgpu,checkerboard__rrect-ml__rest,calibration,gate,C,rest,thick,t1InteriorStdDev,0.0596469,0.0955793,1.60242,5.35597,miss,0.432763,0.0596469,0.0955793,1.60242,0.00670886,0.00335443,True
light 0.5,apple-macos-27.0-1x-light-standard-glass0.5,webgpu,checkerboard__rrect-sm__inactive,calibration,gate,C,inactive,thin,t1InteriorStdDev,0.0668239,0.119592,1.78966,8.53312,miss,0.543934,0.0668239,0.119592,1.78966,0.00618389,0.00309195,True
light 0.5,apple-macos-27.0-1x-light-standard-glass0.5,webgpu,checkerboard__rrect-sm__rest,calibration,gate,C,rest,thin,t1InteriorStdDev,0.110637,0.16483,1.48983,8.00676,miss,0.379525,0.110637,0.16483,1.48983,0.00676842,0.00338421,True
light 0.5,apple-macos-27.0-1x-light-standard-glass0.5,webgpu,checkerboard__toolbar-group__inactive,calibration,gate,C,inactive,thin,t1InteriorStdDev,0.0677971,0.114524,1.68922,7.62652,miss,0.489863,0.0677971,0.114524,1.68922,0.00612689,0.00306345,True
light 0.5,apple-macos-27.0-1x-light-standard-glass0.5,webgpu,checkerboard__toolbar-group__rest,calibration,gate,C,rest,thin,t1InteriorStdDev,0.113865,0.159009,1.39647,6.76783,miss,0.318111,0.113865,0.159009,1.39647,0.00667038,0.00333519,True
light 0.5,apple-macos-27.0-1x-light-standard-glass0.5,webgpu,hc-text-28__rrect-lg__rest,probe,gate,C,rest,thick,t1InteriorStdDev,0.107646,0.105035,0.97575,-0.339146,within,0.0228918,0.107646,0.105035,0.97575,0.00769703,0.00384851,True
light 0.5,apple-macos-27.0-1x-light-standard-glass0.5,webgpu,hc-text-28__rrect-md__inactive,probe,gate,C,inactive,mid,t1InteriorStdDev,0.0808633,0.0810751,1.00262,0.031174,within,0.00241349,0.0808633,0.0810751,1.00262,0.00679468,0.00339734,True
light 0.5,apple-macos-27.0-1x-light-standard-glass0.5,webgpu,hc-text-28__rrect-md__rest,probe,gate,C,rest,mid,t1InteriorStdDev,0.106616,0.140233,1.31531,4.5939,miss,0.258556,0.106616,0.140233,1.31531,0.00731778,0.00365889,True
light 0.5,apple-macos-27.0-1x-light-standard-glass0.5,webgpu,hc-text-28__rrect-sm__rest,probe,gate,C,rest,thin,t1InteriorStdDev,0.105291,0.153865,1.46134,6.92996,miss,0.359452,0.105291,0.153865,1.46134,0.00700936,0.00350468,True
light 0.5,apple-macos-27.0-1x-light-standard-glass0.5,webgpu,hc-text__capsule-button__inactive,holdout,holdout,C,inactive,thin,t1InteriorStdDev,0.0458811,0.0938831,2.04623,7.39989,miss,0.650568,0.0458811,0.0938831,2.04623,0.00648686,0.00324343,True
light 0.5,apple-macos-27.0-1x-light-standard-glass0.5,webgpu,hc-text__capsule-button__inactive-tint-orange,holdout,holdout,C,inactive,thin,t1InteriorStdDev,0.0383443,0.0699096,1.82321,5.82409,miss,0.543057,0.0383443,0.0699096,1.82321,0.00541979,0.00270989,True
light 0.5,apple-macos-27.0-1x-light-standard-glass0.5,webgpu,hc-text__capsule-button__rest,holdout,holdout,C,rest,thin,t1InteriorStdDev,0.105252,0.134879,1.28149,4.11011,miss,0.233845,0.105252,0.134879,1.28149,0.00720846,0.00360423,True
light 0.5,apple-macos-27.0-1x-light-standard-glass0.5,webgpu,hc-text__capsule-button__rest-tint-orange,holdout,holdout,C,rest,thin,t1InteriorStdDev,0.0294809,0.0326544,1.10765,0.631892,within,0.0879894,0.0294809,0.0326544,1.10765,0.00502218,0.00251109,True
light 0.5,apple-macos-27.0-1x-light-standard-glass0.5,webgpu,hc-text__rrect-lg__inactive,probe,gate,C,inactive,thick,t1InteriorStdDev,0.110066,0.0799219,0.726124,-4.3741,miss,0.298053,0.110066,0.0799219,0.726124,0.00689159,0.0034458,True
light 0.5,apple-macos-27.0-1x-light-standard-glass0.5,webgpu,hc-text__rrect-md__inactive,holdout,holdout,C,inactive,mid,t1InteriorStdDev,0.05972,0.0639706,1.07117,0.657124,within,0.0622412,0.05972,0.0639706,1.07117,0.00646842,0.00323421,True
light 0.5,apple-macos-27.0-1x-light-standard-glass0.5,webgpu,hc-text__rrect-md__rest,holdout,holdout,C,rest,mid,t1InteriorStdDev,0.0858271,0.112536,1.31119,3.69273,miss,0.25232,0.0858271,0.112536,1.31119,0.00723283,0.00361641,True
light 0.5,apple-macos-27.0-1x-light-standard-glass0.5,webgpu,impulse__capsule-button__inactive,validation,gate,C,inactive,thin,t1InteriorStdDev,0.0225147,0.0181483,0.806067,-1.14687,miss,0.181381,0.0225147,0.0181483,0.806067,0.00380718,0.00190359,True
light 0.5,apple-macos-27.0-1x-light-standard-glass0.5,webgpu,impulse__capsule-button__inactive-tint-orange,calibration,gate,C,inactive,thin,t1InteriorStdDev,0.0122978,0.0105575,0.858493,-0.59774,within,0.121512,0.0122978,0.0105575,0.858493,0.00291133,0.00145567,True
light 0.5,apple-macos-27.0-1x-light-standard-glass0.5,webgpu,impulse__capsule-button__rest,validation,gate,C,rest,thin,t1InteriorStdDev,0.0316195,0.0272429,0.861585,-1.13937,miss,0.131729,0.0316195,0.0272429,0.861585,0.00384127,0.00192063,True
light 0.5,apple-macos-27.0-1x-light-standard-glass0.5,webgpu,impulse__capsule-button__rest-tint-orange,calibration,gate,C,rest,thin,t1InteriorStdDev,0.0267055,0.0245893,0.920757,-0.515075,within,0.0711497,0.0267055,0.0245893,0.920757,0.00410861,0.0020543,True
light 0.5,apple-macos-27.0-1x-light-standard-glass0.5,webgpu,impulse__rrect-lg__inactive,probe,gate,C,inactive,thick,t1InteriorStdDev,0.0110001,0.00601507,0.54682,-1.30049,miss,0.409579,0.0110001,0.00601507,0.54682,0.0038332,0.0019166,True
light 0.5,apple-macos-27.0-1x-light-standard-glass0.5,webgpu,impulse__rrect-md__inactive,validation,gate,C,inactive,mid,t1InteriorStdDev,0.0141574,0.013377,0.944876,-0.20412,within,0.044373,0.0141574,0.013377,0.944876,0.00382332,0.00191166,True
light 0.5,apple-macos-27.0-1x-light-standard-glass0.5,webgpu,impulse__rrect-md__rest,validation,gate,C,rest,mid,t1InteriorStdDev,0.0229548,0.0216725,0.944139,-0.330647,within,0.0489672,0.0229548,0.0216725,0.944139,0.0038781,0.00193905,True
light 0.5,apple-macos-27.0-1x-light-standard-glass0.5,webgpu,impulse__rrect-ml__inactive,probe,gate,C,inactive,thick,t1InteriorStdDev,0.0115379,0.00765379,0.663361,-1.01509,miss,0.291424,0.0115379,0.00765379,0.663361,0.00382636,0.00191318,True
light 0.5,apple-macos-27.0-1x-light-standard-glass0.5,webgpu,checkerboard-4__capsule-button__rest,probe,gate,F,rest,thin,t1InteriorStdDev,0.08874,0.0420957,0.474371,-7.08421,miss,0.672018,0.08874,0.0420957,0.474371,0.00658427,0.00329214,True
light 0.5,apple-macos-27.0-1x-light-standard-glass0.5,webgpu,checkerboard-4__capsule-button__rest-tint-orange,probe,gate,F,rest,thin,t1InteriorStdDev,0.027386,0.0226748,0.827971,-0.969069,within,0.157935,0.027386,0.0226748,0.827971,0.00486155,0.00243078,True
light 0.5,apple-macos-27.0-1x-light-standard-glass0.5,webgpu,checkerboard-4__rrect-lg__rest,probe,gate,F,rest,thick,t1InteriorStdDev,0.0300048,0.0239918,0.7996,-0.904188,within,0.179177,0.0300048,0.0239918,0.7996,0.00665011,0.00332506,True
light 0.5,apple-macos-27.0-1x-light-standard-glass0.5,webgpu,checkerboard-4__rrect-md__inactive,probe,gate,F,inactive,mid,t1InteriorStdDev,0.0206721,0.0227557,1.10079,0.348215,within,0.0752618,0.0206721,0.0227557,1.10079,0.0059836,0.0029918,True
light 0.5,apple-macos-27.0-1x-light-standard-glass0.5,webgpu,checkerboard-4__rrect-md__rest,probe,gate,F,rest,mid,t1InteriorStdDev,0.0513815,0.0327036,0.636487,-2.85939,miss,0.389364,0.0513815,0.0327036,0.636487,0.00653211,0.00326606,True
light 0.5,apple-macos-27.0-1x-light-standard-glass0.5,webgpu,checkerboard-4__rrect-ml__rest,probe,gate,F,rest,thick,t1InteriorStdDev,0.0349433,0.0280542,0.802848,-1.04867,miss,0.181465,0.0349433,0.0280542,0.802848,0.00656938,0.00328469,True
light 0.5,apple-macos-27.0-1x-light-standard-glass0.5,webgpu,checkerboard-4__rrect-sm__rest,probe,gate,F,rest,thin,t1InteriorStdDev,0.0897405,0.0441536,0.492015,-6.93283,miss,0.641134,0.0897405,0.0441536,0.492015,0.0065755,0.00328775,True
light 0.5,apple-macos-27.0-1x-light-standard-glass0.5,webgpu,checkerboard-8__capsule-button__rest,probe,gate,F,rest,thin,t1InteriorStdDev,0.101665,0.105373,1.03647,0.555393,within,0.0336523,0.101665,0.105373,1.03647,0.00667632,0.00333816,True
light 0.5,apple-macos-27.0-1x-light-standard-glass0.5,webgpu,checkerboard-8__capsule-button__rest-tint-orange,probe,gate,F,rest,thin,t1InteriorStdDev,0.0290315,0.0299408,1.03132,0.186162,within,0.0264582,0.0290315,0.0299408,1.03132,0.00488465,0.00244233,True
light 0.5,apple-macos-27.0-1x-light-standard-glass0.5,webgpu,checkerboard-8__rrect-lg__inactive,probe,gate,F,inactive,thick,t1InteriorStdDev,0.028066,0.0350049,1.24724,1.14852,miss,0.185185,0.028066,0.0350049,1.24724,0.00604162,0.00302081,True
light 0.5,apple-macos-27.0-1x-light-standard-glass0.5,webgpu,checkerboard-8__rrect-lg__rest,probe,gate,F,rest,thick,t1InteriorStdDev,0.0465572,0.0546267,1.17332,1.1992,miss,0.141011,0.0465572,0.0546267,1.17332,0.0067291,0.00336455,True
light 0.5,apple-macos-27.0-1x-light-standard-glass0.5,webgpu,checkerboard-8__rrect-md__inactive,probe,gate,F,inactive,mid,t1InteriorStdDev,0.0206187,0.0449812,2.18157,4.07025,miss,0.650103,0.0206187,0.0449812,2.18157,0.00598551,0.00299276,True
light 0.5,apple-macos-27.0-1x-light-standard-glass0.5,webgpu,checkerboard-8__rrect-md__rest,probe,gate,F,rest,mid,t1InteriorStdDev,0.0523569,0.0879423,1.67967,5.42206,miss,0.472476,0.0523569,0.0879423,1.67967,0.00656307,0.00328154,True
light 0.5,apple-macos-27.0-1x-light-standard-glass0.5,webgpu,checkerboard-8__rrect-ml__rest,probe,gate,F,rest,thick,t1InteriorStdDev,0.0289457,0.069887,2.41442,6.26987,miss,0.767361,0.0289457,0.069887,2.41442,0.00652985,0.00326493,True
light 0.5,apple-macos-27.0-1x-light-standard-glass0.5,webgpu,checkerboard-8__rrect-sm__rest,probe,gate,F,rest,thin,t1InteriorStdDev,0.10706,0.120373,1.12435,1.98736,miss,0.110673,0.10706,0.120373,1.12435,0.00669893,0.00334946,True
light 0.5,apple-macos-27.0-1x-light-standard-glass0.5,webgpu,photo__capsule-button__inactive,calibration,gate,P,inactive,thin,t1InteriorStdDev,0.0496047,0.0358148,0.722003,-2.32279,miss,0.285394,0.0496047,0.0358148,0.722003,0.00593682,0.00296841,True
light 0.5,apple-macos-27.0-1x-light-standard-glass0.5,webgpu,photo__capsule-button__inactive-tint-blue,calibration,gate,P,inactive,thin,t1InteriorStdDev,0.0383532,0.0260597,0.679467,-2.52543,miss,0.334679,0.0383532,0.0260597,0.679467,0.00486786,0.00243393,True
light 0.5,apple-macos-27.0-1x-light-standard-glass0.5,webgpu,photo__capsule-button__inactive-tint-orange,calibration,gate,P,inactive,thin,t1InteriorStdDev,0.0383532,0.0260597,0.679467,-2.52543,miss,0.334679,0.0383532,0.0260597,0.679467,0.00486786,0.00243393,True
light 0.5,apple-macos-27.0-1x-light-standard-glass0.5,webgpu,photo__capsule-button__inactive-tint-orange-half,calibration,gate,P,inactive,thin,t1InteriorStdDev,0.0433593,0.0301872,0.69621,-2.44622,miss,0.315026,0.0433593,0.0301872,0.69621,0.00538468,0.00269234,True
light 0.5,apple-macos-27.0-1x-light-standard-glass0.5,webgpu,photo__capsule-button__rest,calibration,gate,P,rest,thin,t1InteriorStdDev,0.0586545,0.0394979,0.6734,-3.09176,miss,0.350119,0.0586545,0.0394979,0.6734,0.00619601,0.003098,True
light 0.5,apple-macos-27.0-1x-light-standard-glass0.5,webgpu,photo__capsule-button__rest-tint-blue,calibration,gate,P,rest,thin,t1InteriorStdDev,0.0200995,0.0129923,0.646399,-2.10348,miss,0.36056,0.0200995,0.0129923,0.646399,0.00337877,0.00168938,True
light 0.5,apple-macos-27.0-1x-light-standard-glass0.5,webgpu,photo__capsule-button__rest-tint-orange,calibration,gate,P,rest,thin,t1InteriorStdDev,0.0235931,0.0139325,0.590532,-2.03987,miss,0.417055,0.0235931,0.0139325,0.590532,0.00473589,0.00236794,True
light 0.5,apple-macos-27.0-1x-light-standard-glass0.5,webgpu,photo__capsule-button__rest-tint-orange-half,calibration,gate,P,rest,thin,t1InteriorStdDev,0.0331321,0.0207795,0.627171,-2.33395,miss,0.387835,0.0331321,0.0207795,0.627171,0.00529257,0.00264628,True
light 0.5,apple-macos-27.0-1x-light-standard-glass0.5,webgpu,photo__glass-over-glass__inactive,holdout,holdout,P,inactive,thick,t1InteriorStdDev,0.102151,0.0908832,0.889698,-1.81669,miss,0.109802,0.102151,0.0908832,0.889698,0.00620219,0.00310109,True
light 0.5,apple-macos-27.0-1x-light-standard-glass0.5,webgpu,photo__glass-over-glass__rest,holdout,holdout,P,rest,thick,t1InteriorStdDev,0.121402,0.110658,0.911502,-1.61157,within,0.0876198,0.121402,0.110658,0.911502,0.00666665,0.00333332,True
light 0.5,apple-macos-27.0-1x-light-standard-glass0.5,webgpu,photo__rrect-lg__inactive,holdout,holdout,P,inactive,thick,t1InteriorStdDev,0.0841275,0.0522682,0.621297,-5.33087,miss,0.436312,0.0841275,0.0522682,0.621297,0.00597637,0.00298819,True
light 0.5,apple-macos-27.0-1x-light-standard-glass0.5,webgpu,photo__rrect-lg__inactive-tint-orange,holdout,holdout,P,inactive,thick,t1InteriorStdDev,0.0629196,0.0382891,0.60854,-5.07681,miss,0.451671,0.0629196,0.0382891,0.60854,0.00485157,0.00242579,True
light 0.5,apple-macos-27.0-1x-light-standard-glass0.5,webgpu,photo__rrect-lg__rest,holdout,holdout,P,rest,thick,t1InteriorStdDev,0.0969436,0.0542939,0.560057,-6.58312,miss,0.531681,0.0969436,0.0542939,0.560057,0.00647864,0.00323932,True
light 0.5,apple-macos-27.0-1x-light-standard-glass0.5,webgpu,photo__rrect-lg__rest-tint-orange,holdout,holdout,P,rest,thick,t1InteriorStdDev,0.0213773,0.0137824,0.644722,-1.59853,miss,0.343441,0.0213773,0.0137824,0.644722,0.00475118,0.00237559,True
light 0.5,apple-macos-27.0-1x-light-standard-glass0.5,webgpu,photo__rrect-md__inactive,calibration,gate,P,inactive,mid,t1InteriorStdDev,0.0644093,0.0442959,0.687724,-3.396,miss,0.336843,0.0644093,0.0442959,0.687724,0.00592269,0.00296135,True
light 0.5,apple-macos-27.0-1x-light-standard-glass0.5,webgpu,photo__rrect-md__inactive-tint-orange,validation,gate,P,inactive,mid,t1InteriorStdDev,0.0497022,0.0323944,0.65177,-3.57908,miss,0.381778,0.0497022,0.0323944,0.65177,0.00483583,0.00241791,True
light 0.5,apple-macos-27.0-1x-light-standard-glass0.5,webgpu,photo__rrect-md__rest,calibration,gate,P,rest,mid,t1InteriorStdDev,0.0778538,0.048519,0.623206,-4.68243,miss,0.428833,0.0778538,0.048519,0.623206,0.00626488,0.00313244,True
light 0.5,apple-macos-27.0-1x-light-standard-glass0.5,webgpu,photo__rrect-md__rest-tint-orange,validation,gate,P,rest,mid,t1InteriorStdDev,0.0199711,0.0135336,0.67766,-1.36506,miss,0.302138,0.0199711,0.0135336,0.67766,0.0047159,0.00235795,True
light 0.5,apple-macos-27.0-1x-light-standard-glass0.5,webgpu,photo__rrect-ml__inactive,probe,gate,P,inactive,thick,t1InteriorStdDev,0.0792763,0.0526719,0.664409,-4.46754,miss,0.374175,0.0792763,0.0526719,0.664409,0.00595504,0.00297752,True
light 0.5,apple-macos-27.0-1x-light-standard-glass0.5,webgpu,photo__rrect-ml__rest,calibration,gate,P,rest,thick,t1InteriorStdDev,0.0915226,0.0552552,0.603733,-5.6784,miss,0.462698,0.0915226,0.0552552,0.603733,0.0063869,0.00319345,True
light 0.5,apple-macos-27.0-1x-light-standard-glass0.5,webgpu,photo__rrect-sm__inactive,validation,gate,P,inactive,thin,t1InteriorStdDev,0.0267614,0.0181541,0.678368,-1.50673,miss,0.307956,0.0267614,0.0181541,0.678368,0.00571259,0.0028563,True
light 0.5,apple-macos-27.0-1x-light-standard-glass0.5,webgpu,photo__rrect-sm__rest,validation,gate,P,rest,thin,t1InteriorStdDev,0.040086,0.0231867,0.578424,-2.80931,miss,0.456601,0.040086,0.0231867,0.578424,0.00601546,0.00300773,True
light 0.5,apple-macos-27.0-1x-light-standard-glass0.5,webgpu,photo__toolbar-group__inactive,validation,gate,P,inactive,thin,t1InteriorStdDev,0.0909763,0.0652856,0.717611,-4.21023,miss,0.307393,0.0909763,0.0652856,0.717611,0.00610196,0.00305098,True
light 0.5,apple-macos-27.0-1x-light-standard-glass0.5,webgpu,photo__toolbar-group__rest,validation,gate,P,rest,thin,t1InteriorStdDev,0.0962122,0.0722627,0.751076,-3.78873,miss,0.266022,0.0962122,0.0722627,0.751076,0.00632125,0.00316062,True
light 0.5,apple-macos-27.0-1x-light-standard-glass0.5,webgpu,hc-text-7__rrect-lg__rest,probe,gate,T,rest,thick,t1FineStdDev,0.0117872,0.0261459,2.21816,1.88347,miss,0.55373,0.10826,0.0787023,0.726977,0.00762354,0.00381177,True
light 0.5,apple-macos-27.0-1x-light-standard-glass0.5,webgpu,hc-text-7__rrect-md__inactive,probe,gate,T,inactive,mid,t1FineStdDev,0.00514059,0.0225698,4.39051,2.67942,miss,0.914953,0.0542438,0.0483994,0.892257,0.00650484,0.00325242,True
light 0.5,apple-macos-27.0-1x-light-standard-glass0.5,webgpu,hc-text-7__rrect-md__rest,probe,gate,T,rest,mid,t1FineStdDev,0.0293696,0.0468235,1.59428,2.44424,miss,0.390725,0.0773709,0.0700455,0.905321,0.00714081,0.00357041,True
light 0.5,apple-macos-27.0-1x-light-standard-glass0.5,webgpu,hc-text-7__rrect-sm__rest,probe,gate,T,rest,thin,t1FineStdDev,0.0653727,0.0609745,0.932722,-0.620806,within,0.0626203,0.0906241,0.0768332,0.847823,0.00708459,0.00354229,True
light 0.5,apple-macos-27.0-2x-light-standard-glass0.5,css,checkerboard__capsule-button__inactive,calibration,gate,C,inactive,thin,t1InteriorStdDev,0.0463158,0.10565,2.28108,9.70113,miss,0.756893,0.0463158,0.10565,2.28108,0.00611623,0.00305811,True
light 0.5,apple-macos-27.0-2x-light-standard-glass0.5,css,checkerboard__capsule-button__inactive-tint-blue,validation,gate,C,inactive,thin,t1InteriorStdDev,0.0369272,0.00887942,0.240457,-5.52951,miss,1.10205,0.0369272,0.00887942,0.240457,0.00507239,0.00253619,True
light 0.5,apple-macos-27.0-2x-light-standard-glass0.5,css,checkerboard__capsule-button__inactive-tint-orange,calibration,gate,C,inactive,thin,t1InteriorStdDev,0.0369272,0.00887942,0.240457,-5.52951,miss,1.10205,0.0369272,0.00887942,0.240457,0.00507239,0.00253619,True
light 0.5,apple-macos-27.0-2x-light-standard-glass0.5,css,checkerboard__capsule-button__rest,calibration,gate,C,rest,thin,t1InteriorStdDev,0.111522,0.0709909,0.636566,-5.96162,miss,0.419389,0.111522,0.0709909,0.636566,0.00679863,0.00339932,True
light 0.5,apple-macos-27.0-2x-light-standard-glass0.5,css,checkerboard__capsule-button__rest-tint-blue,validation,gate,C,rest,thin,t1InteriorStdDev,0.0250868,0.00415874,0.165774,-5.95695,miss,1.31584,0.0250868,0.00415874,0.165774,0.00351322,0.00175661,True
light 0.5,apple-macos-27.0-2x-light-standard-glass0.5,css,checkerboard__capsule-button__rest-tint-orange,calibration,gate,C,rest,thin,t1InteriorStdDev,0.0317949,0.00408841,0.128587,-5.63407,miss,1.40522,0.0317949,0.00408841,0.128587,0.00491767,0.00245884,True
light 0.5,apple-macos-27.0-2x-light-standard-glass0.5,css,checkerboard__glass-over-glass__inactive,holdout,holdout,C,inactive,thick,t1InteriorStdDev,0.0717558,0.0739466,1.03053,0.348548,within,0.0276849,0.0717558,0.0739466,1.03053,0.00628534,0.00314267,True
light 0.5,apple-macos-27.0-2x-light-standard-glass0.5,css,checkerboard__glass-over-glass__rest,holdout,holdout,C,rest,thick,t1InteriorStdDev,0.0928967,0.0966838,1.04077,0.546397,within,0.0372347,0.0928967,0.0966838,1.04077,0.00693109,0.00346554,True
light 0.5,apple-macos-27.0-2x-light-standard-glass0.5,css,checkerboard__rrect-lg__inactive,holdout,holdout,C,inactive,thick,t1InteriorStdDev,0.0152577,0.00791802,0.518952,-1.22405,miss,0.423629,0.0152577,0.00791802,0.518952,0.00599622,0.00299811,True
light 0.5,apple-macos-27.0-2x-light-standard-glass0.5,css,checkerboard__rrect-lg__rest,holdout,holdout,C,rest,thick,t1InteriorStdDev,0.0462194,0.0212687,0.460168,-3.69954,miss,0.636939,0.0462194,0.0212687,0.460168,0.00674426,0.00337213,True
light 0.5,apple-macos-27.0-2x-light-standard-glass0.5,css,checkerboard__rrect-md__inactive,calibration,gate,C,inactive,mid,t1InteriorStdDev,0.032322,0.0178472,0.552168,-2.37806,miss,0.472987,0.032322,0.0178472,0.552168,0.00608683,0.00304341,True
light 0.5,apple-macos-27.0-2x-light-standard-glass0.5,css,checkerboard__rrect-md__rest,calibration,gate,C,rest,mid,t1InteriorStdDev,0.086877,0.0333464,0.383834,-7.94288,miss,0.848184,0.086877,0.0333464,0.383834,0.00673945,0.00336973,True
light 0.5,apple-macos-27.0-2x-light-standard-glass0.5,css,checkerboard__rrect-ml__rest,calibration,gate,C,rest,thick,t1InteriorStdDev,0.0506624,0.0262325,0.517791,-3.66921,miss,0.555471,0.0506624,0.0262325,0.517791,0.00665806,0.00332903,True
light 0.5,apple-macos-27.0-2x-light-standard-glass0.5,css,checkerboard__rrect-sm__inactive,calibration,gate,C,inactive,thin,t1InteriorStdDev,0.0551353,0.134086,2.43194,12.8391,miss,0.827792,0.0551353,0.134086,2.43194,0.00614923,0.00307461,True
light 0.5,apple-macos-27.0-2x-light-standard-glass0.5,css,checkerboard__rrect-sm__rest,calibration,gate,C,rest,thin,t1InteriorStdDev,0.111871,0.091,0.813435,-3.06774,miss,0.193426,0.111871,0.091,0.813435,0.00680344,0.00340172,True
light 0.5,apple-macos-27.0-2x-light-standard-glass0.5,css,checkerboard__toolbar-group__inactive,calibration,gate,C,inactive,thin,t1InteriorStdDev,0.0509588,0.11741,2.30402,10.8802,miss,0.772168,0.0509588,0.11741,2.30402,0.00610751,0.00305375,True
light 0.5,apple-macos-27.0-2x-light-standard-glass0.5,css,checkerboard__toolbar-group__rest,calibration,gate,C,rest,thin,t1InteriorStdDev,0.111832,0.0779667,0.697175,-5.02273,miss,0.33632,0.111832,0.0779667,0.697175,0.00674246,0.00337123,True
light 0.5,apple-macos-27.0-2x-light-standard-glass0.5,css,hc-text__capsule-button__inactive,holdout,holdout,C,inactive,thin,t1InteriorStdDev,0.041841,0.0931316,2.22585,7.89959,miss,0.723276,0.041841,0.0931316,2.22585,0.00649282,0.00324641,True
light 0.5,apple-macos-27.0-2x-light-standard-glass0.5,css,hc-text__capsule-button__inactive-tint-orange,holdout,holdout,C,inactive,thin,t1InteriorStdDev,0.0355111,0.00922372,0.259742,-4.84568,miss,1.02766,0.0355111,0.00922372,0.259742,0.0054249,0.00271245,True
light 0.5,apple-macos-27.0-2x-light-standard-glass0.5,css,hc-text__capsule-button__rest,holdout,holdout,C,rest,thin,t1InteriorStdDev,0.104996,0.0651932,0.62091,-5.49029,miss,0.437893,0.104996,0.0651932,0.62091,0.0072497,0.00362485,True
light 0.5,apple-macos-27.0-2x-light-standard-glass0.5,css,hc-text__capsule-button__rest-tint-orange,holdout,holdout,C,rest,thin,t1InteriorStdDev,0.0305801,0.00403551,0.131965,-5.26895,miss,1.3675,0.0305801,0.00403551,0.131965,0.00503793,0.00251896,True
light 0.5,apple-macos-27.0-2x-light-standard-glass0.5,css,hc-text__rrect-md__inactive,holdout,holdout,C,inactive,mid,t1InteriorStdDev,0.0647822,0.0432516,0.667646,-3.30283,miss,0.35949,0.0647822,0.0432516,0.667646,0.00651884,0.00325942,True
light 0.5,apple-macos-27.0-2x-light-standard-glass0.5,css,hc-text__rrect-md__rest,holdout,holdout,C,rest,mid,t1InteriorStdDev,0.0911942,0.0480628,0.527038,-5.92759,miss,0.576277,0.0911942,0.0480628,0.527038,0.00727639,0.0036382,True
light 0.5,apple-macos-27.0-2x-light-standard-glass0.5,css,impulse__capsule-button__inactive,validation,gate,C,inactive,thin,t1InteriorStdDev,0.0167335,0.0126007,0.753023,-1.08136,miss,0.224465,0.0167335,0.0126007,0.753023,0.00382185,0.00191093,True
light 0.5,apple-macos-27.0-2x-light-standard-glass0.5,css,impulse__capsule-button__inactive-tint-orange,calibration,gate,C,inactive,thin,t1InteriorStdDev,0.00953484,0.00230159,0.241388,-2.47802,miss,0.869422,0.00953484,0.00230159,0.241388,0.00291897,0.00145948,True
light 0.5,apple-macos-27.0-2x-light-standard-glass0.5,css,impulse__capsule-button__rest,validation,gate,C,rest,thin,t1InteriorStdDev,0.0329979,0.0103887,0.31483,-5.85566,miss,0.950356,0.0329979,0.0103887,0.31483,0.00386108,0.00193054,True
light 0.5,apple-macos-27.0-2x-light-standard-glass0.5,css,impulse__capsule-button__rest-tint-orange,calibration,gate,C,rest,thin,t1InteriorStdDev,0.028244,0.00373202,0.132135,-5.95689,miss,1.41677,0.028244,0.00373202,0.132135,0.00411489,0.00205745,True
light 0.5,apple-macos-27.0-2x-light-standard-glass0.5,css,impulse__rrect-md__inactive,validation,gate,C,inactive,mid,t1InteriorStdDev,0.0101819,0.00914392,0.898057,-0.270875,within,0.0769543,0.0101819,0.00914392,0.898057,0.00383193,0.00191596,True
light 0.5,apple-macos-27.0-2x-light-standard-glass0.5,css,impulse__rrect-md__rest,validation,gate,C,rest,mid,t1InteriorStdDev,0.0216588,0.00755808,0.348961,-3.62705,miss,0.802881,0.0216588,0.00755808,0.348961,0.00388766,0.00194383,True
light 0.5,apple-macos-27.0-2x-light-standard-glass0.5,css,photo__capsule-button__inactive,calibration,gate,P,inactive,thin,t1InteriorStdDev,0.0492919,0.0392606,0.796491,-1.68728,miss,0.20041,0.0492919,0.0392606,0.796491,0.00594528,0.00297264,True
light 0.5,apple-macos-27.0-2x-light-standard-glass0.5,css,photo__capsule-button__inactive-tint-blue,calibration,gate,P,inactive,thin,t1InteriorStdDev,0.0377857,0.00275672,0.0729569,-7.18473,miss,1.72091,0.0377857,0.00275672,0.0729569,0.00487547,0.00243774,True
light 0.5,apple-macos-27.0-2x-light-standard-glass0.5,css,photo__capsule-button__inactive-tint-orange,calibration,gate,P,inactive,thin,t1InteriorStdDev,0.0377857,0.00275672,0.0729569,-7.18473,miss,1.72091,0.0377857,0.00275672,0.0729569,0.00487547,0.00243774,True
light 0.5,apple-macos-27.0-2x-light-standard-glass0.5,css,photo__capsule-button__inactive-tint-orange-half,calibration,gate,P,inactive,thin,t1InteriorStdDev,0.0431167,0.0174047,0.403666,-4.76858,miss,0.755126,0.0431167,0.0174047,0.403666,0.00539195,0.00269597,True
light 0.5,apple-macos-27.0-2x-light-standard-glass0.5,css,photo__capsule-button__rest,calibration,gate,P,rest,thin,t1InteriorStdDev,0.0597569,0.0377787,0.632206,-3.53873,miss,0.405216,0.0597569,0.0377787,0.632206,0.00621077,0.00310538,True
light 0.5,apple-macos-27.0-2x-light-standard-glass0.5,css,photo__capsule-button__rest-tint-blue,calibration,gate,P,rest,thin,t1InteriorStdDev,0.0222986,0.00186763,0.0837555,-6.03725,miss,1.58725,0.0222986,0.00186763,0.0837555,0.00338415,0.00169207,True
light 0.5,apple-macos-27.0-2x-light-standard-glass0.5,css,photo__capsule-button__rest-tint-orange,calibration,gate,P,rest,thin,t1InteriorStdDev,0.0253301,0.00158995,0.0627694,-5.00747,miss,1.55812,0.0253301,0.00158995,0.0627694,0.00474094,0.00237047,True
light 0.5,apple-macos-27.0-2x-light-standard-glass0.5,css,photo__capsule-button__rest-tint-orange-half,calibration,gate,P,rest,thin,t1InteriorStdDev,0.0350866,0.0124653,0.355273,-4.26546,miss,0.821143,0.0350866,0.0124653,0.355273,0.00530336,0.00265168,True
light 0.5,apple-macos-27.0-2x-light-standard-glass0.5,css,photo__glass-over-glass__inactive,holdout,holdout,P,inactive,thick,t1InteriorStdDev,0.101286,0.0922485,0.910774,-1.45328,within,0.0878101,0.101286,0.0922485,0.910774,0.00621862,0.00310931,True
light 0.5,apple-macos-27.0-2x-light-standard-glass0.5,css,photo__glass-over-glass__rest,holdout,holdout,P,rest,thick,t1InteriorStdDev,0.120699,0.116881,0.968372,-0.571987,within,0.0304288,0.120699,0.116881,0.968372,0.00667398,0.00333699,True
light 0.5,apple-macos-27.0-2x-light-standard-glass0.5,css,photo__rrect-lg__inactive,holdout,holdout,P,inactive,thick,t1InteriorStdDev,0.083438,0.0490358,0.587691,-5.75844,miss,0.485742,0.083438,0.0490358,0.587691,0.00597423,0.00298711,True
light 0.5,apple-macos-27.0-2x-light-standard-glass0.5,css,photo__rrect-lg__inactive-tint-orange,holdout,holdout,P,inactive,thick,t1InteriorStdDev,0.0623271,0.00105179,0.0168753,-12.633,miss,2.43201,0.0623271,0.00105179,0.0168753,0.00485042,0.00242521,True
light 0.5,apple-macos-27.0-2x-light-standard-glass0.5,css,photo__rrect-lg__rest,holdout,holdout,P,rest,thick,t1InteriorStdDev,0.0968453,0.0496669,0.512848,-7.27336,miss,0.609858,0.0968453,0.0496669,0.512848,0.00648646,0.00324323,True
light 0.5,apple-macos-27.0-2x-light-standard-glass0.5,css,photo__rrect-lg__rest-tint-orange,holdout,holdout,P,rest,thick,t1InteriorStdDev,0.0218572,0.000894765,0.0409369,-4.4099,miss,1.54997,0.0218572,0.000894765,0.0409369,0.00475349,0.00237675,True
light 0.5,apple-macos-27.0-2x-light-standard-glass0.5,css,photo__rrect-md__inactive,calibration,gate,P,inactive,mid,t1InteriorStdDev,0.0652927,0.045997,0.704473,-3.24746,miss,0.315912,0.0652927,0.045997,0.704473,0.00594181,0.0029709,True
light 0.5,apple-macos-27.0-2x-light-standard-glass0.5,css,photo__rrect-md__inactive-tint-orange,validation,gate,P,inactive,mid,t1InteriorStdDev,0.0504108,0.00110967,0.0220126,-10.1605,miss,2.22671,0.0504108,0.00110967,0.0220126,0.00485223,0.00242611,True
light 0.5,apple-macos-27.0-2x-light-standard-glass0.5,css,photo__rrect-md__rest,calibration,gate,P,rest,mid,t1InteriorStdDev,0.0779907,0.046559,0.596981,-5.00729,miss,0.466805,0.0779907,0.046559,0.596981,0.0062772,0.0031386,True
light 0.5,apple-macos-27.0-2x-light-standard-glass0.5,css,photo__rrect-md__rest-tint-orange,validation,gate,P,rest,mid,t1InteriorStdDev,0.0203534,0.000856161,0.0420647,-4.1319,miss,1.50349,0.0203534,0.000856161,0.0420647,0.00471871,0.00235936,True
light 0.5,apple-macos-27.0-2x-light-standard-glass0.5,css,photo__rrect-ml__rest,calibration,gate,P,rest,thick,t1InteriorStdDev,0.0918703,0.0493236,0.536882,-6.66031,miss,0.567411,0.0918703,0.0493236,0.536882,0.0063881,0.00319405,True
light 0.5,apple-macos-27.0-2x-light-standard-glass0.5,css,photo__rrect-sm__inactive,validation,gate,P,inactive,thin,t1InteriorStdDev,0.0219293,0.0182361,0.83159,-0.645356,within,0.14336,0.0219293,0.0182361,0.83159,0.0057226,0.0028613,True
light 0.5,apple-macos-27.0-2x-light-standard-glass0.5,css,photo__rrect-sm__rest,validation,gate,P,rest,thin,t1InteriorStdDev,0.0395556,0.0152474,0.385467,-4.03077,miss,0.76193,0.0395556,0.0152474,0.385467,0.00603067,0.00301533,True
light 0.5,apple-macos-27.0-2x-light-standard-glass0.5,css,photo__toolbar-group__inactive,validation,gate,P,inactive,thin,t1InteriorStdDev,0.0862161,0.0618573,0.717468,-3.97324,miss,0.30622,0.0862161,0.0618573,0.717468,0.00613071,0.00306536,True
light 0.5,apple-macos-27.0-2x-light-standard-glass0.5,css,photo__toolbar-group__rest,validation,gate,P,rest,thin,t1InteriorStdDev,0.0931422,0.0635437,0.682222,-4.65513,miss,0.353069,0.0931422,0.0635437,0.682222,0.00635825,0.00317913,True
light 0.5,apple-macos-27.0-2x-light-standard-glass0.5,webgpu,checkerboard-32__capsule-button__rest,probe,gate,C,rest,thin,t1InteriorStdDev,0.139693,0.13327,0.954024,-0.946593,within,0.0448363,0.139693,0.13327,0.954024,0.0067848,0.0033924,True
light 0.5,apple-macos-27.0-2x-light-standard-glass0.5,webgpu,checkerboard-32__capsule-button__rest-tint-orange,probe,gate,C,rest,thin,t1InteriorStdDev,0.0361303,0.0307072,0.849903,-1.10457,miss,0.141725,0.0361303,0.0307072,0.849903,0.00490964,0.00245482,True
light 0.5,apple-macos-27.0-2x-light-standard-glass0.5,webgpu,checkerboard-32__rrect-lg__inactive,probe,gate,C,inactive,thick,t1InteriorStdDev,0.0544263,0.132286,2.43056,12.7372,miss,0.826853,0.0544263,0.132286,2.43056,0.0061128,0.0030564,True
light 0.5,apple-macos-27.0-2x-light-standard-glass0.5,webgpu,checkerboard-32__rrect-lg__rest,probe,gate,C,rest,thick,t1InteriorStdDev,0.0910499,0.089686,0.985021,-0.198347,within,0.0140255,0.0910499,0.089686,0.985021,0.00687623,0.00343812,True
light 0.5,apple-macos-27.0-2x-light-standard-glass0.5,webgpu,checkerboard-32__rrect-md__rest,probe,gate,C,rest,mid,t1InteriorStdDev,0.110324,0.0901576,0.81721,-2.96225,miss,0.188943,0.110324,0.0901576,0.81721,0.0068077,0.00340385,True
light 0.5,apple-macos-27.0-2x-light-standard-glass0.5,webgpu,checkerboard-32__rrect-ml__rest,probe,gate,C,rest,thick,t1InteriorStdDev,0.099343,0.0931031,0.937188,-0.917671,within,0.0605869,0.099343,0.0931031,0.937188,0.00679974,0.00339987,True
light 0.5,apple-macos-27.0-2x-light-standard-glass0.5,webgpu,checkerboard-32__rrect-sm__rest,probe,gate,C,rest,thin,t1InteriorStdDev,0.13897,0.142113,1.02262,0.463567,within,0.0213357,0.13897,0.142113,1.02262,0.00678025,0.00339013,True
light 0.5,apple-macos-27.0-2x-light-standard-glass0.5,webgpu,checkerboard-64__capsule-button__rest,probe,gate,C,rest,thin,t1InteriorStdDev,0.243847,0.20706,0.849139,-5.28968,miss,0.158618,0.243847,0.20706,0.849139,0.00695446,0.00347723,True
light 0.5,apple-macos-27.0-2x-light-standard-glass0.5,webgpu,checkerboard-64__capsule-button__rest-tint-orange,probe,gate,C,rest,thin,t1InteriorStdDev,0.057172,0.0443612,0.775925,-2.59497,miss,0.231004,0.057172,0.0443612,0.775925,0.00493679,0.0024684,True
light 0.5,apple-macos-27.0-2x-light-standard-glass0.5,webgpu,checkerboard-64__rrect-lg__inactive,probe,gate,C,inactive,thick,t1InteriorStdDev,0.176634,0.197746,1.11952,3.3984,miss,0.109266,0.176634,0.197746,1.11952,0.00621209,0.00310605,True
light 0.5,apple-macos-27.0-2x-light-standard-glass0.5,webgpu,checkerboard-64__rrect-lg__rest,probe,gate,C,rest,thick,t1InteriorStdDev,0.204939,0.173159,0.844929,-4.66102,miss,0.16261,0.204939,0.173159,0.844929,0.00681827,0.00340913,True
light 0.5,apple-macos-27.0-2x-light-standard-glass0.5,webgpu,checkerboard-64__rrect-md__inactive,probe,gate,C,inactive,mid,t1InteriorStdDev,0.157482,0.188149,1.19473,5.06046,miss,0.171866,0.157482,0.188149,1.19473,0.00606015,0.00303008,True
light 0.5,apple-macos-27.0-2x-light-standard-glass0.5,webgpu,checkerboard-64__rrect-md__rest,probe,gate,C,rest,mid,t1InteriorStdDev,0.192111,0.165907,0.863602,-3.95784,miss,0.141395,0.192111,0.165907,0.863602,0.00662066,0.00331033,True
light 0.5,apple-macos-27.0-2x-light-standard-glass0.5,webgpu,checkerboard-64__rrect-ml__rest,probe,gate,C,rest,thick,t1InteriorStdDev,0.182585,0.152578,0.835656,-4.44516,miss,0.172552,0.182585,0.152578,0.835656,0.00675046,0.00337523,True
light 0.5,apple-macos-27.0-2x-light-standard-glass0.5,webgpu,checkerboard-64__rrect-sm__rest,probe,gate,C,rest,thin,t1InteriorStdDev,0.0760184,0.027041,0.355716,-5.98646,miss,0.871511,0.0760184,0.027041,0.355716,0.00818137,0.00409069,True
light 0.5,apple-macos-27.0-2x-light-standard-glass0.5,webgpu,checkerboard-lc16__capsule-button__inactive,probe,gate,C,inactive,thin,t1InteriorStdDev,0.0277947,0.0767103,2.75989,7.07145,miss,0.879288,0.0277947,0.0767103,2.75989,0.00691734,0.00345867,True
light 0.5,apple-macos-27.0-2x-light-standard-glass0.5,webgpu,checkerboard-lc16__capsule-button__rest,probe,gate,C,rest,thin,t1InteriorStdDev,0.0589332,0.0425435,0.721894,-2.23017,miss,0.28405,0.0589332,0.0425435,0.721894,0.00734906,0.00367453,True
light 0.5,apple-macos-27.0-2x-light-standard-glass0.5,webgpu,checkerboard-lc16__rrect-lg__rest,probe,gate,C,rest,thick,t1InteriorStdDev,0.0363652,0.0219538,0.603704,-1.88791,miss,0.396814,0.0363652,0.0219538,0.603704,0.00763349,0.00381675,True
light 0.5,apple-macos-27.0-2x-light-standard-glass0.5,webgpu,checkerboard-lc16__rrect-md__inactive,probe,gate,C,inactive,mid,t1InteriorStdDev,0.0194755,0.0216246,1.11035,0.311042,within,0.0783066,0.0194755,0.0216246,1.11035,0.0069096,0.0034548,True
light 0.5,apple-macos-27.0-2x-light-standard-glass0.5,webgpu,checkerboard-lc16__rrect-md__rest,probe,gate,C,rest,mid,t1InteriorStdDev,0.0436566,0.0210716,0.482668,-3.02031,miss,0.582822,0.0436566,0.0210716,0.482668,0.0074777,0.00373885,True
light 0.5,apple-macos-27.0-2x-light-standard-glass0.5,webgpu,checkerboard-lc16__rrect-ml__rest,probe,gate,C,rest,thick,t1InteriorStdDev,0.0316084,0.0203597,0.644121,-1.49666,miss,0.338995,0.0316084,0.0203597,0.644121,0.00751591,0.00375796,True
light 0.5,apple-macos-27.0-2x-light-standard-glass0.5,webgpu,checkerboard-lc16__rrect-sm__rest,probe,gate,C,rest,thin,t1InteriorStdDev,0.0647333,0.0504717,0.779686,-1.93105,miss,0.220338,0.0647333,0.0504717,0.779686,0.00738543,0.00369271,True
light 0.5,apple-macos-27.0-2x-light-standard-glass0.5,webgpu,checkerboard__capsule-button__inactive,calibration,gate,C,inactive,thin,t1InteriorStdDev,0.0463158,0.135399,2.92339,14.565,miss,0.992889,0.0463158,0.135399,2.92339,0.00611623,0.00305811,True
light 0.5,apple-macos-27.0-2x-light-standard-glass0.5,webgpu,checkerboard__capsule-button__inactive-tint-blue,validation,gate,C,inactive,thin,t1InteriorStdDev,0.0369272,0.0993944,2.69163,12.3151,miss,0.911209,0.0369272,0.0993944,2.69163,0.00507239,0.00253619,True
light 0.5,apple-macos-27.0-2x-light-standard-glass0.5,webgpu,checkerboard__capsule-button__inactive-tint-orange,calibration,gate,C,inactive,thin,t1InteriorStdDev,0.0369272,0.0993944,2.69163,12.3151,miss,0.911209,0.0369272,0.0993944,2.69163,0.00507239,0.00253619,True
light 0.5,apple-macos-27.0-2x-light-standard-glass0.5,webgpu,checkerboard__capsule-button__rest,calibration,gate,C,rest,thin,t1InteriorStdDev,0.111522,0.0851181,0.763242,-3.88367,miss,0.252513,0.111522,0.0851181,0.763242,0.00679863,0.00339932,True
light 0.5,apple-macos-27.0-2x-light-standard-glass0.5,webgpu,checkerboard__capsule-button__rest-tint-blue,validation,gate,C,rest,thin,t1InteriorStdDev,0.0250868,0.0169684,0.676387,-2.31082,miss,0.333881,0.0250868,0.0169684,0.676387,0.00351322,0.00175661,True
light 0.5,apple-macos-27.0-2x-light-standard-glass0.5,webgpu,checkerboard__capsule-button__rest-tint-orange,calibration,gate,C,rest,thin,t1InteriorStdDev,0.0317949,0.0230495,0.724945,-1.77835,miss,0.272086,0.0317949,0.0230495,0.724945,0.00491767,0.00245884,True
light 0.5,apple-macos-27.0-2x-light-standard-glass0.5,webgpu,checkerboard__glass-over-glass__inactive,holdout,holdout,C,inactive,thick,t1InteriorStdDev,0.0717558,0.0813597,1.13384,1.52799,miss,0.116059,0.0717558,0.0813597,1.13384,0.00628534,0.00314267,True
light 0.5,apple-macos-27.0-2x-light-standard-glass0.5,webgpu,checkerboard__glass-over-glass__rest,holdout,holdout,C,rest,thick,t1InteriorStdDev,0.0928967,0.0954287,1.02726,0.365315,within,0.0250477,0.0928967,0.0954287,1.02726,0.00693109,0.00346554,True
light 0.5,apple-macos-27.0-2x-light-standard-glass0.5,webgpu,checkerboard__rrect-lg__inactive,holdout,holdout,C,inactive,thick,t1InteriorStdDev,0.0152577,0.0370467,2.42806,3.63378,miss,0.705655,0.0152577,0.0370467,2.42806,0.00599622,0.00299811,True
light 0.5,apple-macos-27.0-2x-light-standard-glass0.5,webgpu,checkerboard__rrect-lg__rest,holdout,holdout,C,rest,thick,t1InteriorStdDev,0.0462194,0.0302051,0.653515,-2.37451,miss,0.360058,0.0462194,0.0302051,0.653515,0.00674426,0.00337213,True
light 0.5,apple-macos-27.0-2x-light-standard-glass0.5,webgpu,checkerboard__rrect-md__inactive,calibration,gate,C,inactive,mid,t1InteriorStdDev,0.032322,0.0374262,1.15792,0.83856,within,0.124772,0.032322,0.0374262,1.15792,0.00608683,0.00304341,True
light 0.5,apple-macos-27.0-2x-light-standard-glass0.5,webgpu,checkerboard__rrect-md__rest,calibration,gate,C,rest,mid,t1InteriorStdDev,0.086877,0.0369956,0.425839,-7.40141,miss,0.761057,0.086877,0.0369956,0.425839,0.00673945,0.00336973,True
light 0.5,apple-macos-27.0-2x-light-standard-glass0.5,webgpu,checkerboard__rrect-ml__inactive,probe,gate,C,inactive,thick,t1InteriorStdDev,0.0228121,0.0365145,1.60067,2.26629,miss,0.388535,0.0228121,0.0365145,1.60067,0.0060462,0.0030231,True
light 0.5,apple-macos-27.0-2x-light-standard-glass0.5,webgpu,checkerboard__rrect-ml__rest,calibration,gate,C,rest,thick,t1InteriorStdDev,0.0506624,0.0335978,0.66317,-2.563,miss,0.353402,0.0506624,0.0335978,0.66317,0.00665806,0.00332903,True
light 0.5,apple-macos-27.0-2x-light-standard-glass0.5,webgpu,checkerboard__rrect-sm__inactive,calibration,gate,C,inactive,thin,t1InteriorStdDev,0.0551353,0.163171,2.95947,17.569,miss,1.01627,0.0551353,0.163171,2.95947,0.00614923,0.00307461,True
light 0.5,apple-macos-27.0-2x-light-standard-glass0.5,webgpu,checkerboard__rrect-sm__rest,calibration,gate,C,rest,thin,t1InteriorStdDev,0.111871,0.100282,0.896403,-1.70348,miss,0.102762,0.111871,0.100282,0.896403,0.00680344,0.00340172,True
light 0.5,apple-macos-27.0-2x-light-standard-glass0.5,webgpu,checkerboard__toolbar-group__inactive,calibration,gate,C,inactive,thin,t1InteriorStdDev,0.0509588,0.146284,2.87063,15.6079,miss,0.982239,0.0509588,0.146284,2.87063,0.00610751,0.00305375,True
light 0.5,apple-macos-27.0-2x-light-standard-glass0.5,webgpu,checkerboard__toolbar-group__rest,calibration,gate,C,rest,thin,t1InteriorStdDev,0.111832,0.0961069,0.859384,-2.33229,miss,0.142278,0.111832,0.0961069,0.859384,0.00674246,0.00337123,True
light 0.5,apple-macos-27.0-2x-light-standard-glass0.5,webgpu,hc-text-28__rrect-lg__rest,probe,gate,C,rest,thick,t1InteriorStdDev,0.108055,0.0870512,0.805621,-2.72153,miss,0.200186,0.108055,0.0870512,0.805621,0.00771758,0.00385879,True
light 0.5,apple-macos-27.0-2x-light-standard-glass0.5,webgpu,hc-text-28__rrect-md__inactive,probe,gate,C,inactive,mid,t1InteriorStdDev,0.0843725,0.0891912,1.05711,0.70287,within,0.0514723,0.0843725,0.0891912,1.05711,0.00685571,0.00342786,True
light 0.5,apple-macos-27.0-2x-light-standard-glass0.5,webgpu,hc-text-28__rrect-md__rest,probe,gate,C,rest,mid,t1InteriorStdDev,0.110964,0.0717615,0.646709,-5.34127,miss,0.402528,0.110964,0.0717615,0.646709,0.00733955,0.00366977,True
light 0.5,apple-macos-27.0-2x-light-standard-glass0.5,webgpu,hc-text-28__rrect-sm__rest,probe,gate,C,rest,thin,t1InteriorStdDev,0.106776,0.0985646,0.9231,-1.17045,within,0.0748947,0.106776,0.0985646,0.9231,0.00701529,0.00350765,True
light 0.5,apple-macos-27.0-2x-light-standard-glass0.5,webgpu,hc-text__capsule-button__inactive,holdout,holdout,C,inactive,thin,t1InteriorStdDev,0.041841,0.119586,2.85811,11.974,miss,0.958777,0.041841,0.119586,2.85811,0.00649282,0.00324641,True
light 0.5,apple-macos-27.0-2x-light-standard-glass0.5,webgpu,hc-text__capsule-button__inactive-tint-orange,holdout,holdout,C,inactive,thin,t1InteriorStdDev,0.0355111,0.0878165,2.47293,9.64173,miss,0.823183,0.0355111,0.0878165,2.47293,0.0054249,0.00271245,True
light 0.5,apple-macos-27.0-2x-light-standard-glass0.5,webgpu,hc-text__capsule-button__rest,holdout,holdout,C,rest,thin,t1InteriorStdDev,0.104996,0.0818462,0.779516,-3.19324,miss,0.230979,0.104996,0.0818462,0.779516,0.0072497,0.00362485,True
light 0.5,apple-macos-27.0-2x-light-standard-glass0.5,webgpu,hc-text__capsule-button__rest-tint-orange,holdout,holdout,C,rest,thin,t1InteriorStdDev,0.0305801,0.0211103,0.690327,-1.87971,miss,0.309071,0.0305801,0.0211103,0.690327,0.00503793,0.00251896,True
light 0.5,apple-macos-27.0-2x-light-standard-glass0.5,webgpu,hc-text__rrect-lg__inactive,probe,gate,C,inactive,thick,t1InteriorStdDev,0.110458,0.0802371,0.726403,-4.39106,miss,0.297799,0.110458,0.0802371,0.726403,0.00688241,0.0034412,True
light 0.5,apple-macos-27.0-2x-light-standard-glass0.5,webgpu,hc-text__rrect-md__inactive,holdout,holdout,C,inactive,mid,t1InteriorStdDev,0.0647822,0.0489444,0.755523,-2.42953,miss,0.251189,0.0647822,0.0489444,0.755523,0.00651884,0.00325942,True
light 0.5,apple-macos-27.0-2x-light-standard-glass0.5,webgpu,hc-text__rrect-md__rest,holdout,holdout,C,rest,mid,t1InteriorStdDev,0.0911942,0.0509759,0.558982,-5.52724,miss,0.524975,0.0911942,0.0509759,0.558982,0.00727639,0.0036382,True
light 0.5,apple-macos-27.0-2x-light-standard-glass0.5,webgpu,impulse__capsule-button__inactive,validation,gate,C,inactive,thin,t1InteriorStdDev,0.0167335,0.0175761,1.05035,0.220467,within,0.0401734,0.0167335,0.0175761,1.05035,0.00382185,0.00191093,True
light 0.5,apple-macos-27.0-2x-light-standard-glass0.5,webgpu,impulse__capsule-button__inactive-tint-orange,calibration,gate,C,inactive,thin,t1InteriorStdDev,0.00953484,0.0121576,1.27507,0.898509,within,0.191113,0.00953484,0.0121576,1.27507,0.00291897,0.00145948,True
light 0.5,apple-macos-27.0-2x-light-standard-glass0.5,webgpu,impulse__capsule-button__rest,validation,gate,C,rest,thin,t1InteriorStdDev,0.0329979,0.0224056,0.678999,-2.74337,miss,0.3388,0.0329979,0.0224056,0.678999,0.00386108,0.00193054,True
light 0.5,apple-macos-27.0-2x-light-standard-glass0.5,webgpu,impulse__capsule-button__rest-tint-orange,calibration,gate,C,rest,thin,t1InteriorStdDev,0.028244,0.0215653,0.763536,-1.62305,miss,0.231168,0.028244,0.0215653,0.763536,0.00411489,0.00205745,True
light 0.5,apple-macos-27.0-2x-light-standard-glass0.5,webgpu,impulse__rrect-lg__inactive,probe,gate,C,inactive,thick,t1InteriorStdDev,0.00819352,0.00530399,0.647339,-0.753606,within,0.27475,0.00819352,0.00530399,0.647339,0.00383427,0.00191714,True
light 0.5,apple-macos-27.0-2x-light-standard-glass0.5,webgpu,impulse__rrect-md__inactive,validation,gate,C,inactive,mid,t1InteriorStdDev,0.0101819,0.00791957,0.777809,-0.590387,within,0.176063,0.0101819,0.00791957,0.777809,0.00383193,0.00191596,True
light 0.5,apple-macos-27.0-2x-light-standard-glass0.5,webgpu,impulse__rrect-md__rest,validation,gate,C,rest,mid,t1InteriorStdDev,0.0216588,0.0158022,0.729599,-1.50645,miss,0.260393,0.0216588,0.0158022,0.729599,0.00388766,0.00194383,True
light 0.5,apple-macos-27.0-2x-light-standard-glass0.5,webgpu,impulse__rrect-ml__inactive,probe,gate,C,inactive,thick,t1InteriorStdDev,0.00893239,0.00550623,0.616434,-0.894514,within,0.312595,0.00893239,0.00550623,0.616434,0.00383019,0.0019151,True
light 0.5,apple-macos-27.0-2x-light-standard-glass0.5,webgpu,checkerboard-4__capsule-button__rest,probe,gate,F,rest,thin,t1InteriorStdDev,0.101843,0.0525947,0.516429,-7.33577,miss,0.604525,0.101843,0.0525947,0.516429,0.00671347,0.00335673,True
light 0.5,apple-macos-27.0-2x-light-standard-glass0.5,webgpu,checkerboard-4__capsule-button__rest-tint-orange,probe,gate,F,rest,thin,t1InteriorStdDev,0.0304148,0.0185917,0.611272,-2.41521,miss,0.407721,0.0304148,0.0185917,0.611272,0.00489525,0.00244762,True
light 0.5,apple-macos-27.0-2x-light-standard-glass0.5,webgpu,checkerboard-4__rrect-lg__rest,probe,gate,F,rest,thick,t1InteriorStdDev,0.0249345,0.0207362,0.831627,-0.632769,within,0.142701,0.0249345,0.0207362,0.831627,0.00663479,0.0033174,True
light 0.5,apple-macos-27.0-2x-light-standard-glass0.5,webgpu,checkerboard-4__rrect-md__inactive,probe,gate,F,inactive,mid,t1InteriorStdDev,0.0175352,0.0168586,0.961415,-0.113281,within,0.0292037,0.0175352,0.0168586,0.961415,0.00597269,0.00298634,True
light 0.5,apple-macos-27.0-2x-light-standard-glass0.5,webgpu,checkerboard-4__rrect-md__rest,probe,gate,F,rest,mid,t1InteriorStdDev,0.0278771,0.0256307,0.919419,-0.350544,within,0.0677651,0.0278771,0.0256307,0.919419,0.00640826,0.00320413,True
light 0.5,apple-macos-27.0-2x-light-standard-glass0.5,webgpu,checkerboard-4__rrect-ml__rest,probe,gate,F,rest,thick,t1InteriorStdDev,0.0256165,0.0243931,0.952244,-0.188292,within,0.0388391,0.0256165,0.0243931,0.952244,0.00649708,0.00324854,True
light 0.5,apple-macos-27.0-2x-light-standard-glass0.5,webgpu,checkerboard-4__rrect-sm__rest,probe,gate,F,rest,thin,t1InteriorStdDev,0.10211,0.0605384,0.592874,-6.20629,miss,0.481369,0.10211,0.0605384,0.592874,0.00669832,0.00334916,True
light 0.5,apple-macos-27.0-2x-light-standard-glass0.5,webgpu,checkerboard-8__capsule-button__rest,probe,gate,F,rest,thin,t1InteriorStdDev,0.107703,0.0709043,0.658333,-5.44193,miss,0.387846,0.107703,0.0709043,0.658333,0.00676203,0.00338101,True
light 0.5,apple-macos-27.0-2x-light-standard-glass0.5,webgpu,checkerboard-8__capsule-button__rest-tint-orange,probe,gate,F,rest,thin,t1InteriorStdDev,0.0311833,0.0210701,0.675687,-2.06075,miss,0.328801,0.0311833,0.0210701,0.675687,0.0049075,0.00245375,True
light 0.5,apple-macos-27.0-2x-light-standard-glass0.5,webgpu,checkerboard-8__rrect-lg__inactive,probe,gate,F,inactive,thick,t1InteriorStdDev,0.0165853,0.0168645,1.01684,0.0466843,within,0.0122987,0.0165853,0.0168645,1.01684,0.00598188,0.00299094,True
light 0.5,apple-macos-27.0-2x-light-standard-glass0.5,webgpu,checkerboard-8__rrect-lg__rest,probe,gate,F,rest,thick,t1InteriorStdDev,0.0241133,0.0253213,1.0501,0.182224,within,0.0385411,0.0241133,0.0253213,1.0501,0.00662904,0.00331452,True
light 0.5,apple-macos-27.0-2x-light-standard-glass0.5,webgpu,checkerboard-8__rrect-md__inactive,probe,gate,F,inactive,mid,t1InteriorStdDev,0.0168802,0.0159016,0.942028,-0.163568,within,0.0437449,0.0168802,0.0159016,0.942028,0.00598266,0.00299133,True
light 0.5,apple-macos-27.0-2x-light-standard-glass0.5,webgpu,checkerboard-8__rrect-md__rest,probe,gate,F,rest,mid,t1InteriorStdDev,0.0603436,0.0315343,0.522579,-4.3676,miss,0.56278,0.0603436,0.0315343,0.522579,0.00659614,0.00329807,True
light 0.5,apple-macos-27.0-2x-light-standard-glass0.5,webgpu,checkerboard-8__rrect-ml__rest,probe,gate,F,rest,thick,t1InteriorStdDev,0.0256877,0.0286537,1.11546,0.456071,within,0.0881351,0.0256877,0.0286537,1.11546,0.00650324,0.00325162,True
light 0.5,apple-macos-27.0-2x-light-standard-glass0.5,webgpu,checkerboard-8__rrect-sm__rest,probe,gate,F,rest,thin,t1InteriorStdDev,0.109312,0.0864345,0.790717,-3.37961,miss,0.219499,0.109312,0.0864345,0.790717,0.00676915,0.00338457,True
light 0.5,apple-macos-27.0-2x-light-standard-glass0.5,webgpu,photo__capsule-button__inactive,calibration,gate,P,inactive,thin,t1InteriorStdDev,0.0492919,0.0387502,0.786137,-1.77312,miss,0.211764,0.0492919,0.0387502,0.786137,0.00594528,0.00297264,True
light 0.5,apple-macos-27.0-2x-light-standard-glass0.5,webgpu,photo__capsule-button__inactive-tint-blue,calibration,gate,P,inactive,thin,t1InteriorStdDev,0.0377857,0.0282627,0.747973,-1.95325,miss,0.252604,0.0377857,0.0282627,0.747973,0.00487547,0.00243774,True
light 0.5,apple-macos-27.0-2x-light-standard-glass0.5,webgpu,photo__capsule-button__inactive-tint-orange,calibration,gate,P,inactive,thin,t1InteriorStdDev,0.0377857,0.0282627,0.747973,-1.95325,miss,0.252604,0.0377857,0.0282627,0.747973,0.00487547,0.00243774,True
light 0.5,apple-macos-27.0-2x-light-standard-glass0.5,webgpu,photo__capsule-button__inactive-tint-orange-half,calibration,gate,P,inactive,thin,t1InteriorStdDev,0.0431167,0.0327525,0.759626,-1.92215,miss,0.24036,0.0431167,0.0327525,0.759626,0.00539195,0.00269597,True
light 0.5,apple-macos-27.0-2x-light-standard-glass0.5,webgpu,photo__capsule-button__rest,calibration,gate,P,rest,thin,t1InteriorStdDev,0.0597569,0.0369685,0.618649,-3.66917,miss,0.423803,0.0597569,0.0369685,0.618649,0.00621077,0.00310538,True
light 0.5,apple-macos-27.0-2x-light-standard-glass0.5,webgpu,photo__capsule-button__rest-tint-blue,calibration,gate,P,rest,thin,t1InteriorStdDev,0.0222986,0.0121275,0.543869,-3.00551,miss,0.504227,0.0222986,0.0121275,0.543869,0.00338415,0.00169207,True
light 0.5,apple-macos-27.0-2x-light-standard-glass0.5,webgpu,photo__capsule-button__rest-tint-orange,calibration,gate,P,rest,thin,t1InteriorStdDev,0.0253301,0.0129602,0.511654,-2.60915,miss,0.529931,0.0253301,0.0129602,0.511654,0.00474094,0.00237047,True
light 0.5,apple-macos-27.0-2x-light-standard-glass0.5,webgpu,photo__capsule-button__rest-tint-orange-half,calibration,gate,P,rest,thin,t1InteriorStdDev,0.0350866,0.0190091,0.541775,-3.03158,miss,0.507595,0.0350866,0.0190091,0.541775,0.00530336,0.00265168,True
light 0.5,apple-macos-27.0-2x-light-standard-glass0.5,webgpu,photo__glass-over-glass__inactive,holdout,holdout,P,inactive,thick,t1InteriorStdDev,0.101286,0.092562,0.91387,-1.40285,within,0.0846304,0.101286,0.092562,0.91387,0.00621862,0.00310931,True
light 0.5,apple-macos-27.0-2x-light-standard-glass0.5,webgpu,photo__glass-over-glass__rest,holdout,holdout,P,rest,thick,t1InteriorStdDev,0.120699,0.11071,0.91724,-1.49671,within,0.0816694,0.120699,0.11071,0.91724,0.00667398,0.00333699,True
light 0.5,apple-macos-27.0-2x-light-standard-glass0.5,webgpu,photo__rrect-lg__inactive,holdout,holdout,P,inactive,thick,t1InteriorStdDev,0.083438,0.0564349,0.676369,-4.51994,miss,0.359546,0.083438,0.0564349,0.676369,0.00597423,0.00298711,True
light 0.5,apple-macos-27.0-2x-light-standard-glass0.5,webgpu,photo__rrect-lg__inactive-tint-orange,holdout,holdout,P,inactive,thick,t1InteriorStdDev,0.0623271,0.041268,0.66212,-4.34171,miss,0.376126,0.0623271,0.041268,0.66212,0.00485042,0.00242521,True
light 0.5,apple-macos-27.0-2x-light-standard-glass0.5,webgpu,photo__rrect-lg__rest,holdout,holdout,P,rest,thick,t1InteriorStdDev,0.0968453,0.0548363,0.566226,-6.4764,miss,0.521793,0.0968453,0.0548363,0.566226,0.00648646,0.00324323,True
light 0.5,apple-macos-27.0-2x-light-standard-glass0.5,webgpu,photo__rrect-lg__rest-tint-orange,holdout,holdout,P,rest,thick,t1InteriorStdDev,0.0218572,0.0137646,0.629754,-1.70244,miss,0.362562,0.0218572,0.0137646,0.629754,0.00475349,0.00237675,True
light 0.5,apple-macos-27.0-2x-light-standard-glass0.5,webgpu,photo__rrect-md__inactive,calibration,gate,P,inactive,mid,t1InteriorStdDev,0.0652927,0.0482781,0.73941,-2.86354,miss,0.272929,0.0652927,0.0482781,0.73941,0.00594181,0.0029709,True
light 0.5,apple-macos-27.0-2x-light-standard-glass0.5,webgpu,photo__rrect-md__inactive-tint-orange,validation,gate,P,inactive,mid,t1InteriorStdDev,0.0504108,0.035427,0.702766,-3.08803,miss,0.316269,0.0504108,0.035427,0.702766,0.00485223,0.00242611,True
light 0.5,apple-macos-27.0-2x-light-standard-glass0.5,webgpu,photo__rrect-md__rest,calibration,gate,P,rest,mid,t1InteriorStdDev,0.0779907,0.0463531,0.594341,-5.04009,miss,0.47071,0.0779907,0.0463531,0.594341,0.0062772,0.0031386,True
light 0.5,apple-macos-27.0-2x-light-standard-glass0.5,webgpu,photo__rrect-md__rest-tint-orange,validation,gate,P,rest,mid,t1InteriorStdDev,0.0203534,0.0130339,0.640378,-1.55117,miss,0.345225,0.0203534,0.0130339,0.640378,0.00471871,0.00235936,True
light 0.5,apple-macos-27.0-2x-light-standard-glass0.5,webgpu,photo__rrect-ml__inactive,probe,gate,P,inactive,thick,t1InteriorStdDev,0.0799944,0.0569405,0.711806,-3.86533,miss,0.312245,0.0799944,0.0569405,0.711806,0.00596428,0.00298214,True
light 0.5,apple-macos-27.0-2x-light-standard-glass0.5,webgpu,photo__rrect-ml__rest,calibration,gate,P,rest,thick,t1InteriorStdDev,0.0918703,0.0547969,0.596459,-5.80351,miss,0.473699,0.0918703,0.0547969,0.596459,0.0063881,0.00319405,True
light 0.5,apple-macos-27.0-2x-light-standard-glass0.5,webgpu,photo__rrect-sm__inactive,validation,gate,P,inactive,thin,t1InteriorStdDev,0.0219293,0.017222,0.785344,-0.822572,within,0.18661,0.0219293,0.017222,0.785344,0.0057226,0.0028613,True
light 0.5,apple-macos-27.0-2x-light-standard-glass0.5,webgpu,photo__rrect-sm__rest,validation,gate,P,rest,thin,t1InteriorStdDev,0.0395556,0.0196102,0.495763,-3.30733,miss,0.57542,0.0395556,0.0196102,0.495763,0.00603067,0.00301533,True
light 0.5,apple-macos-27.0-2x-light-standard-glass0.5,webgpu,photo__toolbar-group__inactive,validation,gate,P,inactive,thin,t1InteriorStdDev,0.0862161,0.0690893,0.801351,-2.7936,miss,0.205133,0.0862161,0.0690893,0.801351,0.00613071,0.00306536,True
light 0.5,apple-macos-27.0-2x-light-standard-glass0.5,webgpu,photo__toolbar-group__rest,validation,gate,P,rest,thin,t1InteriorStdDev,0.0931422,0.0678825,0.728804,-3.97276,miss,0.29285,0.0931422,0.0678825,0.728804,0.00635825,0.00317913,True
light 0.5,apple-macos-27.0-2x-light-standard-glass0.5,webgpu,hc-text-7__rrect-lg__rest,probe,gate,T,rest,thick,t1FineStdDev,0.00276512,0.0109597,3.96355,1.07628,miss,0.58196,0.10872,0.0725701,0.667498,0.00761375,0.00380687,True
light 0.5,apple-macos-27.0-2x-light-standard-glass0.5,webgpu,hc-text-7__rrect-md__inactive,probe,gate,T,inactive,mid,t1FineStdDev,0.00244221,0.00443452,1.81578,0.30567,within,0.200779,0.0565043,0.0411269,0.727853,0.00651785,0.00325893,True
light 0.5,apple-macos-27.0-2x-light-standard-glass0.5,webgpu,hc-text-7__rrect-md__rest,probe,gate,T,rest,mid,t1FineStdDev,0.0155325,0.0162136,1.04385,0.0954958,within,0.0296087,0.0785899,0.0459612,0.584823,0.00713235,0.00356617,True
light 0.5,apple-macos-27.0-2x-light-standard-glass0.5,webgpu,hc-text-7__rrect-sm__rest,probe,gate,T,rest,thin,t1FineStdDev,0.0636906,0.0454532,0.713656,-2.52951,miss,0.297363,0.0966485,0.077727,0.804224,0.00720987,0.00360493,True
