comparator,profile,pose,part,family,space,objective,fitFile,fit,power,angleRadians,worstAbsoluteBin,shellZeroWorstAbsoluteBin,observedBarMaximum,effectiveTolerance,populatedBins,pixels,underpopulatedBins,outcome,domain
no-glass,apple-macos-27.0-1x-dark-standard-glass0.5,inactive,arc,body-forward-affine,encoded,least-squares,fits.json,256,2.0,0.0,22.75,22.75,0.0,1,384,3448,0,not closed,circular only
no-glass,apple-macos-27.0-1x-dark-standard-glass0.5,inactive,arc,body-forward-affine,linear,least-squares,fits.json,368,2.0,0.0,42.0,42.0,0.0,1,384,3448,0,not closed,circular only
no-glass,apple-macos-27.0-1x-dark-standard-glass0.5,inactive,arc,body-forward-even-affine,encoded,least-squares,fits.json,272,8.0,0.0,21.5,21.5,0.0,1,384,3448,0,not closed,circular only
no-glass,apple-macos-27.0-1x-dark-standard-glass0.5,inactive,arc,body-forward-even-affine,linear,least-squares,fits.json,384,8.0,0.0,36.333333333333336,36.333333333333336,0.0,1,384,3448,0,not closed,circular only
no-glass,apple-macos-27.0-1x-dark-standard-glass0.5,inactive,arc,colour-gradient,encoded,minimax,fits.json,161,2.0,0.0,128.0,40.77777777777778,0.0,1,672,10744,0,not closed,all shapes
no-glass,apple-macos-27.0-1x-dark-standard-glass0.5,inactive,arc,constant,encoded,minimax,fits.json,1,2.0,0.0,128.0,82.55555555555556,0.0,1,672,10744,0,not closed,all shapes
no-glass,apple-macos-27.0-1x-dark-standard-glass0.5,inactive,arc,coverage-add,encoded,least-squares,fits.json,176,2.0,0.0,28.75,28.75,0.0,1,384,3448,0,not closed,circular only
no-glass,apple-macos-27.0-1x-dark-standard-glass0.5,inactive,arc,coverage-add,linear,minimax,fits.json,289,2.0,0.0,43.44444444444444,43.44444444444444,0.0,1,384,3448,0,not closed,circular only
no-glass,apple-macos-27.0-1x-dark-standard-glass0.5,inactive,arc,coverage-affine,encoded,minimax,fits.json,225,2.0,0.0,20.22222222222222,20.22222222222222,0.0,1,384,3448,0,not closed,circular only
no-glass,apple-macos-27.0-1x-dark-standard-glass0.5,inactive,arc,coverage-affine,linear,minimax,fits.json,337,2.0,0.0,48.0,48.0,0.0,1,384,3448,0,not closed,circular only
no-glass,apple-macos-27.0-1x-dark-standard-glass0.5,inactive,arc,coverage-even-affine,encoded,minimax,fits.json,241,0.5,0.0,21.11111111111111,21.11111111111111,0.0,1,384,3448,0,not closed,circular only
no-glass,apple-macos-27.0-1x-dark-standard-glass0.5,inactive,arc,coverage-even-affine,linear,minimax,fits.json,353,0.5,0.0,48.0,48.0,0.0,1,384,3448,0,not closed,circular only
no-glass,apple-macos-27.0-1x-dark-standard-glass0.5,inactive,arc,coverage-multiply,encoded,least-squares,fits.json,192,2.0,0.0,20.0,19.555555555555557,0.0,1,384,3448,0,not closed,circular only
no-glass,apple-macos-27.0-1x-dark-standard-glass0.5,inactive,arc,coverage-multiply,linear,least-squares,fits.json,304,2.0,0.0,26.0,26.0,0.0,1,384,3448,0,not closed,circular only
no-glass,apple-macos-27.0-1x-dark-standard-glass0.5,inactive,arc,coverage-screen,encoded,least-squares,fits.json,208,2.0,0.0,51.75,51.75,0.0,1,384,3448,0,not closed,circular only
no-glass,apple-macos-27.0-1x-dark-standard-glass0.5,inactive,arc,coverage-screen,linear,least-squares,fits.json,320,2.0,0.0,51.25,51.25,0.0,1,384,3448,0,not closed,circular only
no-glass,apple-macos-27.0-1x-dark-standard-glass0.5,inactive,arc,even,encoded,minimax,fits.json,17,0.5,0.0,128.0,83.22222222222223,0.0,1,672,10744,0,not closed,all shapes
no-glass,apple-macos-27.0-1x-dark-standard-glass0.5,inactive,arc,gradient,encoded,minimax,fits.json,145,2.0,0.0,128.0,78.91666666666667,0.0,1,672,10744,0,not closed,all shapes
no-glass,apple-macos-27.0-1x-dark-standard-glass0.5,inactive,arc,isotropic-even,encoded,minimax,fits.json,33,0.5,0.0,128.0,82.55555555555556,0.0,1,672,10744,0,not closed,all shapes
no-glass,apple-macos-27.0-1x-dark-standard-glass0.5,inactive,arc,isotropic-two-axis,encoded,minimax,fits.json,129,2.0,0.0,128.0,83.33333333333333,0.0,1,672,10744,0,not closed,all shapes
no-glass,apple-macos-27.0-1x-dark-standard-glass0.5,inactive,arc,one-sided-diagonal,encoded,least-squares,fits.json,48,2.0,0.0,142.55555555555554,142.55555555555554,0.0,1,672,10744,0,not closed,all shapes
no-glass,apple-macos-27.0-1x-dark-standard-glass0.5,inactive,arc,rotated-axis,encoded,least-squares,fits.json,112,8.0,0.916297857297023,128.0,105.88888888888889,0.0,1,672,10744,0,not closed,all shapes
no-glass,apple-macos-27.0-1x-dark-standard-glass0.5,inactive,arc,shipped-diagonal,encoded,minimax,fits.json,65,2.0,0.0,128.0,94.63157894736842,0.0,1,672,10744,0,not closed,all shapes
no-glass,apple-macos-27.0-1x-dark-standard-glass0.5,inactive,arc,signed-normal,encoded,minimax,fits.json,81,2.0,0.0,128.0,82.55555555555556,0.0,1,672,10744,0,not closed,all shapes
no-glass,apple-macos-27.0-1x-dark-standard-glass0.5,inactive,arc,two-term-even,encoded,minimax,fits.json,97,0.5,0.0,128.0,83.55555555555556,0.0,1,672,10744,0,not closed,all shapes
no-glass,apple-macos-27.0-1x-dark-standard-glass0.5,inactive,straight,body-forward-affine,encoded,least-squares,fits.json,256,2.0,0.0,19.0,19.0,0.0,1,48,3648,0,not closed,circular only
no-glass,apple-macos-27.0-1x-dark-standard-glass0.5,inactive,straight,body-forward-affine,linear,least-squares,fits.json,368,2.0,0.0,40.0,40.0,0.0,1,48,3648,0,not closed,circular only
no-glass,apple-macos-27.0-1x-dark-standard-glass0.5,inactive,straight,body-forward-even-affine,encoded,minimax,fits.json,273,8.0,0.0,15.0,15.0,0.0,1,48,3648,0,not closed,circular only
no-glass,apple-macos-27.0-1x-dark-standard-glass0.5,inactive,straight,body-forward-even-affine,linear,minimax,fits.json,385,0.5,0.0,9.0,9.0,0.0,1,48,3648,0,not closed,circular only
no-glass,apple-macos-27.0-1x-dark-standard-glass0.5,inactive,straight,colour-gradient,encoded,least-squares,fits.json,160,2.0,0.0,128.0,38.0,0.0,1,84,4152,0,not closed,all shapes
no-glass,apple-macos-27.0-1x-dark-standard-glass0.5,inactive,straight,constant,encoded,minimax,fits.json,1,2.0,0.0,128.0,61.0,0.0,1,84,4152,0,not closed,all shapes
no-glass,apple-macos-27.0-1x-dark-standard-glass0.5,inactive,straight,coverage-add,encoded,least-squares,fits.json,176,2.0,0.0,20.0,12.0,0.0,1,48,3648,0,not closed,circular only
no-glass,apple-macos-27.0-1x-dark-standard-glass0.5,inactive,straight,coverage-add,linear,minimax,fits.json,289,2.0,0.0,68.0,68.0,0.0,1,48,3648,0,not closed,circular only
no-glass,apple-macos-27.0-1x-dark-standard-glass0.5,inactive,straight,coverage-affine,encoded,minimax,fits.json,225,2.0,0.0,22.0,22.0,0.0,1,48,3648,0,not closed,circular only
no-glass,apple-macos-27.0-1x-dark-standard-glass0.5,inactive,straight,coverage-affine,linear,minimax,fits.json,337,2.0,0.0,34.0,34.0,0.0,1,48,3648,0,not closed,circular only
no-glass,apple-macos-27.0-1x-dark-standard-glass0.5,inactive,straight,coverage-even-affine,encoded,least-squares,fits.json,240,8.0,0.0,24.0,24.0,0.0,1,48,3648,0,not closed,circular only
no-glass,apple-macos-27.0-1x-dark-standard-glass0.5,inactive,straight,coverage-even-affine,linear,minimax,fits.json,353,0.5,0.0,44.0,44.0,0.0,1,48,3648,0,not closed,circular only
no-glass,apple-macos-27.0-1x-dark-standard-glass0.5,inactive,straight,coverage-multiply,encoded,least-squares,fits.json,192,2.0,0.0,21.0,21.0,0.0,1,48,3648,0,not closed,circular only
no-glass,apple-macos-27.0-1x-dark-standard-glass0.5,inactive,straight,coverage-multiply,linear,least-squares,fits.json,304,2.0,0.0,33.0,33.0,0.0,1,48,3648,0,not closed,circular only
no-glass,apple-macos-27.0-1x-dark-standard-glass0.5,inactive,straight,coverage-screen,encoded,least-squares,fits.json,208,2.0,0.0,38.0,38.0,0.0,1,48,3648,0,not closed,circular only
no-glass,apple-macos-27.0-1x-dark-standard-glass0.5,inactive,straight,coverage-screen,linear,least-squares,fits.json,320,2.0,0.0,38.0,38.0,0.0,1,48,3648,0,not closed,circular only
no-glass,apple-macos-27.0-1x-dark-standard-glass0.5,inactive,straight,even,encoded,least-squares,fits.json,16,0.5,0.0,128.0,121.0,0.0,1,84,4152,0,not closed,all shapes
no-glass,apple-macos-27.0-1x-dark-standard-glass0.5,inactive,straight,gradient,encoded,least-squares,fits.json,144,2.0,0.0,128.0,87.0,0.0,1,84,4152,0,not closed,all shapes
no-glass,apple-macos-27.0-1x-dark-standard-glass0.5,inactive,straight,isotropic-even,encoded,minimax,fits.json,33,0.5,0.0,128.0,61.0,0.0,1,84,4152,0,not closed,all shapes
no-glass,apple-macos-27.0-1x-dark-standard-glass0.5,inactive,straight,isotropic-two-axis,encoded,minimax,fits.json,129,2.0,0.0,128.0,62.0,0.0,1,84,4152,0,not closed,all shapes
no-glass,apple-macos-27.0-1x-dark-standard-glass0.5,inactive,straight,one-sided-diagonal,encoded,least-squares,fits.json,48,2.0,0.0,128.0,121.0,0.0,1,84,4152,0,not closed,all shapes
no-glass,apple-macos-27.0-1x-dark-standard-glass0.5,inactive,straight,rotated-axis,encoded,least-squares,fits.json,112,8.0,0.916297857297023,128.0,86.0,0.0,1,84,4152,0,not closed,all shapes
no-glass,apple-macos-27.0-1x-dark-standard-glass0.5,inactive,straight,shipped-diagonal,encoded,minimax,fits.json,65,2.0,0.0,128.0,61.0,0.0,1,84,4152,0,not closed,all shapes
no-glass,apple-macos-27.0-1x-dark-standard-glass0.5,inactive,straight,signed-normal,encoded,minimax,fits.json,81,2.0,0.0,128.0,61.0,0.0,1,84,4152,0,not closed,all shapes
no-glass,apple-macos-27.0-1x-dark-standard-glass0.5,inactive,straight,two-term-even,encoded,least-squares,fits.json,96,4.0,0.0,128.0,85.0,0.0,1,84,4152,0,not closed,all shapes
no-glass,apple-macos-27.0-1x-dark-standard-glass0.5,rest,arc,body-forward-affine,encoded,least-squares,fits.json,258,2.0,0.0,47.888888888888886,47.888888888888886,0.0,1,384,3448,0,not closed,circular only
no-glass,apple-macos-27.0-1x-dark-standard-glass0.5,rest,arc,body-forward-affine,linear,minimax,fits.json,371,2.0,0.0,39.25,39.25,0.0,1,384,3448,0,not closed,circular only
no-glass,apple-macos-27.0-1x-dark-standard-glass0.5,rest,arc,body-forward-even-affine,encoded,least-squares,fits.json,274,2.0,0.0,27.0,14.571428571428571,0.0,1,384,3448,0,not closed,circular only
no-glass,apple-macos-27.0-1x-dark-standard-glass0.5,rest,arc,body-forward-even-affine,linear,least-squares,fits.json,386,2.0,0.0,27.25,18.333333333333332,0.0,1,384,3448,0,not closed,circular only
no-glass,apple-macos-27.0-1x-dark-standard-glass0.5,rest,arc,colour-gradient,encoded,minimax,fits.json,163,2.0,0.0,124.0,59.861111111111114,0.0,1,672,10774,0,not closed,all shapes
no-glass,apple-macos-27.0-1x-dark-standard-glass0.5,rest,arc,constant,encoded,minimax,fits.json,3,2.0,0.0,124.0,104.41176470588235,0.0,1,672,10774,0,not closed,all shapes
no-glass,apple-macos-27.0-1x-dark-standard-glass0.5,rest,arc,coverage-add,encoded,least-squares,fits.json,178,2.0,0.0,52.333333333333336,52.333333333333336,0.0,1,384,3448,0,not closed,circular only
no-glass,apple-macos-27.0-1x-dark-standard-glass0.5,rest,arc,coverage-add,linear,least-squares,fits.json,290,2.0,0.0,52.888888888888886,52.888888888888886,0.0,1,384,3448,0,not closed,circular only
no-glass,apple-macos-27.0-1x-dark-standard-glass0.5,rest,arc,coverage-affine,encoded,least-squares,fits.json,226,2.0,0.0,45.111111111111114,45.111111111111114,0.0,1,384,3448,0,not closed,circular only
no-glass,apple-macos-27.0-1x-dark-standard-glass0.5,rest,arc,coverage-affine,linear,minimax,fits.json,339,2.0,0.0,41.75,37.5,0.0,1,384,3448,0,not closed,circular only
no-glass,apple-macos-27.0-1x-dark-standard-glass0.5,rest,arc,coverage-even-affine,encoded,least-squares,fits.json,242,2.0,0.0,39.25,21.77777777777778,0.0,1,384,3448,0,not closed,circular only
no-glass,apple-macos-27.0-1x-dark-standard-glass0.5,rest,arc,coverage-even-affine,linear,minimax,fits.json,355,0.5,0.0,41.75,37.5,0.0,1,384,3448,0,not closed,circular only
no-glass,apple-macos-27.0-1x-dark-standard-glass0.5,rest,arc,coverage-multiply,encoded,least-squares,fits.json,194,2.0,0.0,45.888888888888886,45.888888888888886,0.0,1,384,3448,0,not closed,circular only
no-glass,apple-macos-27.0-1x-dark-standard-glass0.5,rest,arc,coverage-multiply,linear,minimax,fits.json,307,2.0,0.0,41.75,37.5,0.0,1,384,3448,0,not closed,circular only
no-glass,apple-macos-27.0-1x-dark-standard-glass0.5,rest,arc,coverage-screen,encoded,least-squares,fits.json,210,2.0,0.0,58.333333333333336,58.333333333333336,0.0,1,384,3448,0,not closed,circular only
no-glass,apple-macos-27.0-1x-dark-standard-glass0.5,rest,arc,coverage-screen,linear,least-squares,fits.json,322,2.0,0.0,57.77777777777778,57.77777777777778,0.0,1,384,3448,0,not closed,circular only
no-glass,apple-macos-27.0-1x-dark-standard-glass0.5,rest,arc,even,encoded,minimax,fits.json,19,8.0,0.0,124.0,96.17647058823529,0.0,1,672,10774,0,not closed,all shapes
no-glass,apple-macos-27.0-1x-dark-standard-glass0.5,rest,arc,gradient,encoded,least-squares,fits.json,146,2.0,0.0,124.0,104.82352941176471,0.0,1,672,10774,0,not closed,all shapes
no-glass,apple-macos-27.0-1x-dark-standard-glass0.5,rest,arc,isotropic-even,encoded,minimax,fits.json,35,8.0,0.0,124.0,98.33333333333333,0.0,1,672,10774,0,not closed,all shapes
no-glass,apple-macos-27.0-1x-dark-standard-glass0.5,rest,arc,isotropic-two-axis,encoded,least-squares,fits.json,130,0.5,0.0,124.0,94.47058823529412,0.0,1,672,10774,0,not closed,all shapes
no-glass,apple-macos-27.0-1x-dark-standard-glass0.5,rest,arc,one-sided-diagonal,encoded,least-squares,fits.json,50,2.0,0.0,145.41176470588235,145.41176470588235,0.0,1,672,10774,0,not closed,all shapes
no-glass,apple-macos-27.0-1x-dark-standard-glass0.5,rest,arc,rotated-axis,encoded,least-squares,fits.json,114,0.5,1.5707963267948966,124.0,93.88235294117646,0.0,1,672,10774,0,not closed,all shapes
no-glass,apple-macos-27.0-1x-dark-standard-glass0.5,rest,arc,shipped-diagonal,encoded,minimax,fits.json,67,2.0,0.0,124.0,108.17647058823529,0.0,1,672,10774,0,not closed,all shapes
no-glass,apple-macos-27.0-1x-dark-standard-glass0.5,rest,arc,signed-normal,encoded,minimax,fits.json,83,2.0,0.0,124.0,102.23529411764706,0.0,1,672,10774,0,not closed,all shapes
no-glass,apple-macos-27.0-1x-dark-standard-glass0.5,rest,arc,two-term-even,encoded,minimax,fits.json,99,0.5,0.0,124.0,96.3529411764706,0.0,1,672,10774,0,not closed,all shapes
no-glass,apple-macos-27.0-1x-dark-standard-glass0.5,rest,straight,body-forward-affine,encoded,least-squares,fits.json,258,2.0,0.0,36.0,13.0,0.0,1,48,3648,0,not closed,circular only
no-glass,apple-macos-27.0-1x-dark-standard-glass0.5,rest,straight,body-forward-affine,linear,least-squares,fits.json,370,2.0,0.0,36.0,11.0,0.0,1,48,3648,0,not closed,circular only
no-glass,apple-macos-27.0-1x-dark-standard-glass0.5,rest,straight,body-forward-even-affine,encoded,least-squares,fits.json,274,2.0,0.0,36.0,4.0,0.0,1,48,3648,0,not closed,circular only
no-glass,apple-macos-27.0-1x-dark-standard-glass0.5,rest,straight,body-forward-even-affine,linear,least-squares,fits.json,386,2.0,0.0,36.0,3.0,0.0,1,48,3648,0,not closed,circular only
no-glass,apple-macos-27.0-1x-dark-standard-glass0.5,rest,straight,colour-gradient,encoded,minimax,fits.json,163,2.0,0.0,118.0,89.0,0.0,1,84,4152,0,not closed,all shapes
no-glass,apple-macos-27.0-1x-dark-standard-glass0.5,rest,straight,constant,encoded,least-squares,fits.json,2,2.0,0.0,118.0,83.0,0.0,1,84,4152,0,not closed,all shapes
no-glass,apple-macos-27.0-1x-dark-standard-glass0.5,rest,straight,coverage-add,encoded,minimax,fits.json,179,2.0,0.0,49.0,2.0,0.0,1,48,3648,0,not closed,circular only
no-glass,apple-macos-27.0-1x-dark-standard-glass0.5,rest,straight,coverage-add,linear,least-squares,fits.json,290,2.0,0.0,50.0,32.0,0.0,1,48,3648,0,not closed,circular only
no-glass,apple-macos-27.0-1x-dark-standard-glass0.5,rest,straight,coverage-affine,encoded,minimax,fits.json,227,2.0,0.0,49.0,2.0,0.0,1,48,3648,0,not closed,circular only
no-glass,apple-macos-27.0-1x-dark-standard-glass0.5,rest,straight,coverage-affine,linear,least-squares,fits.json,338,2.0,0.0,49.0,15.0,0.0,1,48,3648,0,not closed,circular only
no-glass,apple-macos-27.0-1x-dark-standard-glass0.5,rest,straight,coverage-even-affine,encoded,minimax,fits.json,243,0.5,0.0,49.0,2.0,0.0,1,48,3648,0,not closed,circular only
no-glass,apple-macos-27.0-1x-dark-standard-glass0.5,rest,straight,coverage-even-affine,linear,least-squares,fits.json,354,2.0,0.0,49.0,17.0,0.0,1,48,3648,0,not closed,circular only
no-glass,apple-macos-27.0-1x-dark-standard-glass0.5,rest,straight,coverage-multiply,encoded,minimax,fits.json,195,2.0,0.0,49.0,2.0,0.0,1,48,3648,0,not closed,circular only
no-glass,apple-macos-27.0-1x-dark-standard-glass0.5,rest,straight,coverage-multiply,linear,least-squares,fits.json,306,2.0,0.0,50.0,15.0,0.0,1,48,3648,0,not closed,circular only
no-glass,apple-macos-27.0-1x-dark-standard-glass0.5,rest,straight,coverage-screen,encoded,minimax,fits.json,211,2.0,0.0,49.0,2.0,0.0,1,48,3648,0,not closed,circular only
no-glass,apple-macos-27.0-1x-dark-standard-glass0.5,rest,straight,coverage-screen,linear,minimax,fits.json,323,2.0,0.0,49.0,2.0,0.0,1,48,3648,0,not closed,circular only
no-glass,apple-macos-27.0-1x-dark-standard-glass0.5,rest,straight,even,encoded,least-squares,fits.json,18,4.0,0.0,118.0,92.0,0.0,1,84,4152,0,not closed,all shapes
no-glass,apple-macos-27.0-1x-dark-standard-glass0.5,rest,straight,gradient,encoded,least-squares,fits.json,146,2.0,0.0,118.0,92.0,0.0,1,84,4152,0,not closed,all shapes
no-glass,apple-macos-27.0-1x-dark-standard-glass0.5,rest,straight,isotropic-even,encoded,least-squares,fits.json,34,4.0,0.0,118.0,91.0,0.0,1,84,4152,0,not closed,all shapes
no-glass,apple-macos-27.0-1x-dark-standard-glass0.5,rest,straight,isotropic-two-axis,encoded,minimax,fits.json,131,1.0,0.0,118.0,88.0,0.0,1,84,4152,0,not closed,all shapes
no-glass,apple-macos-27.0-1x-dark-standard-glass0.5,rest,straight,one-sided-diagonal,encoded,least-squares,fits.json,50,2.0,0.0,118.0,84.0,0.0,1,84,4152,0,not closed,all shapes
no-glass,apple-macos-27.0-1x-dark-standard-glass0.5,rest,straight,rotated-axis,encoded,least-squares,fits.json,114,0.5,1.5707963267948966,118.0,91.0,0.0,1,84,4152,0,not closed,all shapes
no-glass,apple-macos-27.0-1x-dark-standard-glass0.5,rest,straight,shipped-diagonal,encoded,least-squares,fits.json,66,2.0,0.0,118.0,84.0,0.0,1,84,4152,0,not closed,all shapes
no-glass,apple-macos-27.0-1x-dark-standard-glass0.5,rest,straight,signed-normal,encoded,least-squares,fits.json,82,2.0,0.0,118.0,84.0,0.0,1,84,4152,0,not closed,all shapes
no-glass,apple-macos-27.0-1x-dark-standard-glass0.5,rest,straight,two-term-even,encoded,least-squares,fits.json,98,4.0,0.0,118.0,91.0,0.0,1,84,4152,0,not closed,all shapes
no-glass,apple-macos-27.0-1x-light-standard-glass0.5,inactive,arc,body-forward-affine,encoded,least-squares,fits.json,260,2.0,0.0,15.75,15.75,0.0,1,384,3448,0,not closed,circular only
no-glass,apple-macos-27.0-1x-light-standard-glass0.5,inactive,arc,body-forward-affine,linear,least-squares,fits.json,372,2.0,0.0,22.75,22.75,0.0,1,384,3448,0,not closed,circular only
no-glass,apple-macos-27.0-1x-light-standard-glass0.5,inactive,arc,body-forward-even-affine,encoded,least-squares,fits.json,276,8.0,0.0,14.625,14.625,0.0,1,384,3448,0,not closed,circular only
no-glass,apple-macos-27.0-1x-light-standard-glass0.5,inactive,arc,body-forward-even-affine,linear,least-squares,fits.json,388,8.0,0.0,22.75,22.75,0.0,1,384,3448,0,not closed,circular only
no-glass,apple-macos-27.0-1x-light-standard-glass0.5,inactive,arc,colour-gradient,encoded,least-squares,fits.json,164,2.0,0.0,97.0,29.25,0.0,1,672,10744,0,not closed,all shapes
no-glass,apple-macos-27.0-1x-light-standard-glass0.5,inactive,arc,constant,encoded,least-squares,fits.json,4,2.0,0.0,97.0,28.666666666666668,0.0,1,672,10744,0,not closed,all shapes
no-glass,apple-macos-27.0-1x-light-standard-glass0.5,inactive,arc,coverage-add,encoded,minimax,fits.json,181,2.0,0.0,79.0,25.0,0.0,1,384,3448,0,not closed,circular only
no-glass,apple-macos-27.0-1x-light-standard-glass0.5,inactive,arc,coverage-add,linear,least-squares,fits.json,292,2.0,0.0,79.0,66.25,0.0,1,384,3448,0,not closed,circular only
no-glass,apple-macos-27.0-1x-light-standard-glass0.5,inactive,arc,coverage-affine,encoded,least-squares,fits.json,228,2.0,0.0,79.0,22.77777777777778,0.0,1,384,3448,0,not closed,circular only
no-glass,apple-macos-27.0-1x-light-standard-glass0.5,inactive,arc,coverage-affine,linear,minimax,fits.json,341,2.0,0.0,79.0,17.666666666666668,0.0,1,384,3448,0,not closed,circular only
no-glass,apple-macos-27.0-1x-light-standard-glass0.5,inactive,arc,coverage-even-affine,encoded,minimax,fits.json,245,0.5,0.0,79.0,27.666666666666668,0.0,1,384,3448,0,not closed,circular only
no-glass,apple-macos-27.0-1x-light-standard-glass0.5,inactive,arc,coverage-even-affine,linear,minimax,fits.json,357,2.0,0.0,79.0,17.666666666666668,0.0,1,384,3448,0,not closed,circular only
no-glass,apple-macos-27.0-1x-light-standard-glass0.5,inactive,arc,coverage-multiply,encoded,least-squares,fits.json,196,2.0,0.0,79.0,18.875,0.0,1,384,3448,0,not closed,circular only
no-glass,apple-macos-27.0-1x-light-standard-glass0.5,inactive,arc,coverage-multiply,linear,minimax,fits.json,309,2.0,0.0,79.0,17.666666666666668,0.0,1,384,3448,0,not closed,circular only
no-glass,apple-macos-27.0-1x-light-standard-glass0.5,inactive,arc,coverage-screen,encoded,least-squares,fits.json,212,2.0,0.0,79.0,42.0,0.0,1,384,3448,0,not closed,circular only
no-glass,apple-macos-27.0-1x-light-standard-glass0.5,inactive,arc,coverage-screen,linear,least-squares,fits.json,324,2.0,0.0,79.0,40.55555555555556,0.0,1,384,3448,0,not closed,circular only
no-glass,apple-macos-27.0-1x-light-standard-glass0.5,inactive,arc,even,encoded,least-squares,fits.json,20,0.5,0.0,97.0,30.666666666666668,0.0,1,672,10744,0,not closed,all shapes
no-glass,apple-macos-27.0-1x-light-standard-glass0.5,inactive,arc,gradient,encoded,least-squares,fits.json,148,2.0,0.0,97.0,32.666666666666664,0.0,1,672,10744,0,not closed,all shapes
no-glass,apple-macos-27.0-1x-light-standard-glass0.5,inactive,arc,isotropic-even,encoded,minimax,fits.json,37,0.5,0.0,97.0,35.55,0.0,1,672,10744,0,not closed,all shapes
no-glass,apple-macos-27.0-1x-light-standard-glass0.5,inactive,arc,isotropic-two-axis,encoded,least-squares,fits.json,132,0.5,0.0,97.0,25.55,0.0,1,672,10744,0,not closed,all shapes
no-glass,apple-macos-27.0-1x-light-standard-glass0.5,inactive,arc,one-sided-diagonal,encoded,least-squares,fits.json,52,2.0,0.0,97.0,50.666666666666664,0.0,1,672,10744,0,not closed,all shapes
no-glass,apple-macos-27.0-1x-light-standard-glass0.5,inactive,arc,rotated-axis,encoded,least-squares,fits.json,116,0.5,0.0,97.0,35.666666666666664,0.0,1,672,10744,0,not closed,all shapes
no-glass,apple-macos-27.0-1x-light-standard-glass0.5,inactive,arc,shipped-diagonal,encoded,least-squares,fits.json,68,2.0,0.0,97.0,34.26315789473684,0.0,1,672,10744,0,not closed,all shapes
no-glass,apple-macos-27.0-1x-light-standard-glass0.5,inactive,arc,signed-normal,encoded,least-squares,fits.json,84,2.0,0.0,97.0,28.666666666666668,0.0,1,672,10744,0,not closed,all shapes
no-glass,apple-macos-27.0-1x-light-standard-glass0.5,inactive,arc,two-term-even,encoded,least-squares,fits.json,100,8.0,0.0,97.0,29.36842105263158,0.0,1,672,10744,0,not closed,all shapes
no-glass,apple-macos-27.0-1x-light-standard-glass0.5,inactive,straight,body-forward-affine,encoded,least-squares,fits.json,260,2.0,0.0,10.0,10.0,0.0,1,48,3648,0,not closed,circular only
no-glass,apple-macos-27.0-1x-light-standard-glass0.5,inactive,straight,body-forward-affine,linear,least-squares,fits.json,372,2.0,0.0,21.0,21.0,0.0,1,48,3648,0,not closed,circular only
no-glass,apple-macos-27.0-1x-light-standard-glass0.5,inactive,straight,body-forward-even-affine,encoded,minimax,fits.json,277,8.0,0.0,9.0,9.0,0.0,1,48,3648,0,not closed,circular only
no-glass,apple-macos-27.0-1x-light-standard-glass0.5,inactive,straight,body-forward-even-affine,linear,least-squares,fits.json,388,8.0,0.0,21.0,21.0,0.0,1,48,3648,0,not closed,circular only
no-glass,apple-macos-27.0-1x-light-standard-glass0.5,inactive,straight,colour-gradient,encoded,least-squares,fits.json,164,2.0,0.0,97.0,21.0,0.0,1,84,4152,0,not closed,all shapes
no-glass,apple-macos-27.0-1x-light-standard-glass0.5,inactive,straight,constant,encoded,minimax,fits.json,5,2.0,0.0,97.0,19.0,0.0,1,84,4152,0,not closed,all shapes
no-glass,apple-macos-27.0-1x-light-standard-glass0.5,inactive,straight,coverage-add,encoded,least-squares,fits.json,180,2.0,0.0,81.0,15.0,0.0,1,48,3648,0,not closed,circular only
no-glass,apple-macos-27.0-1x-light-standard-glass0.5,inactive,straight,coverage-add,linear,least-squares,fits.json,292,2.0,0.0,82.0,69.0,0.0,1,48,3648,0,not closed,circular only
no-glass,apple-macos-27.0-1x-light-standard-glass0.5,inactive,straight,coverage-affine,encoded,least-squares,fits.json,228,2.0,0.0,80.0,20.0,0.0,1,48,3648,0,not closed,circular only
no-glass,apple-macos-27.0-1x-light-standard-glass0.5,inactive,straight,coverage-affine,linear,minimax,fits.json,341,2.0,0.0,80.0,8.0,0.0,1,48,3648,0,not closed,circular only
no-glass,apple-macos-27.0-1x-light-standard-glass0.5,inactive,straight,coverage-even-affine,encoded,least-squares,fits.json,244,0.5,0.0,80.0,15.0,0.0,1,48,3648,0,not closed,circular only
no-glass,apple-macos-27.0-1x-light-standard-glass0.5,inactive,straight,coverage-even-affine,linear,minimax,fits.json,357,2.0,0.0,80.0,21.0,0.0,1,48,3648,0,not closed,circular only
no-glass,apple-macos-27.0-1x-light-standard-glass0.5,inactive,straight,coverage-multiply,encoded,least-squares,fits.json,196,2.0,0.0,80.0,7.0,0.0,1,48,3648,0,not closed,circular only
no-glass,apple-macos-27.0-1x-light-standard-glass0.5,inactive,straight,coverage-multiply,linear,least-squares,fits.json,308,2.0,0.0,80.0,6.0,0.0,1,48,3648,0,not closed,circular only
no-glass,apple-macos-27.0-1x-light-standard-glass0.5,inactive,straight,coverage-screen,encoded,minimax,fits.json,213,2.0,0.0,79.0,36.0,0.0,1,48,3648,0,not closed,circular only
no-glass,apple-macos-27.0-1x-light-standard-glass0.5,inactive,straight,coverage-screen,linear,minimax,fits.json,325,2.0,0.0,79.0,36.0,0.0,1,48,3648,0,not closed,circular only
no-glass,apple-macos-27.0-1x-light-standard-glass0.5,inactive,straight,even,encoded,least-squares,fits.json,20,0.5,0.0,97.0,43.0,0.0,1,84,4152,0,not closed,all shapes
no-glass,apple-macos-27.0-1x-light-standard-glass0.5,inactive,straight,gradient,encoded,least-squares,fits.json,148,2.0,0.0,97.0,19.0,0.0,1,84,4152,0,not closed,all shapes
no-glass,apple-macos-27.0-1x-light-standard-glass0.5,inactive,straight,isotropic-even,encoded,least-squares,fits.json,36,0.5,0.0,97.0,19.0,0.0,1,84,4152,0,not closed,all shapes
no-glass,apple-macos-27.0-1x-light-standard-glass0.5,inactive,straight,isotropic-two-axis,encoded,minimax,fits.json,133,2.0,0.0,97.0,19.0,0.0,1,84,4152,0,not closed,all shapes
no-glass,apple-macos-27.0-1x-light-standard-glass0.5,inactive,straight,one-sided-diagonal,encoded,least-squares,fits.json,52,2.0,0.0,97.0,43.0,0.0,1,84,4152,0,not closed,all shapes
no-glass,apple-macos-27.0-1x-light-standard-glass0.5,inactive,straight,rotated-axis,encoded,least-squares,fits.json,116,0.5,0.0,97.0,19.0,0.0,1,84,4152,0,not closed,all shapes
no-glass,apple-macos-27.0-1x-light-standard-glass0.5,inactive,straight,shipped-diagonal,encoded,minimax,fits.json,69,2.0,0.0,97.0,19.0,0.0,1,84,4152,0,not closed,all shapes
no-glass,apple-macos-27.0-1x-light-standard-glass0.5,inactive,straight,signed-normal,encoded,minimax,fits.json,85,2.0,0.0,97.0,19.0,0.0,1,84,4152,0,not closed,all shapes
no-glass,apple-macos-27.0-1x-light-standard-glass0.5,inactive,straight,two-term-even,encoded,least-squares,fits.json,100,8.0,0.0,97.0,19.0,0.0,1,84,4152,0,not closed,all shapes
no-glass,apple-macos-27.0-1x-light-standard-glass0.5,rest,arc,body-forward-affine,encoded,least-squares,fits.json,262,2.0,0.0,30.88888888888889,30.88888888888889,0.0,1,384,3448,0,not closed,circular only
no-glass,apple-macos-27.0-1x-light-standard-glass0.5,rest,arc,body-forward-affine,linear,least-squares,fits.json,374,2.0,0.0,32.77777777777778,32.77777777777778,0.0,1,384,3448,0,not closed,circular only
no-glass,apple-macos-27.0-1x-light-standard-glass0.5,rest,arc,body-forward-even-affine,encoded,least-squares,fits.json,278,4.0,0.0,22.25,10.75,0.0,1,384,3448,0,not closed,circular only
no-glass,apple-macos-27.0-1x-light-standard-glass0.5,rest,arc,body-forward-even-affine,linear,least-squares,fits.json,390,4.0,0.0,32.888888888888886,32.888888888888886,0.0,1,384,3448,0,not closed,circular only
no-glass,apple-macos-27.0-1x-light-standard-glass0.5,rest,arc,colour-gradient,encoded,least-squares,fits.json,166,2.0,0.0,106.86111111111111,36.78947368421053,0.0,1,672,10738,0,not closed,all shapes
no-glass,apple-macos-27.0-1x-light-standard-glass0.5,rest,arc,constant,encoded,minimax,fits.json,7,2.0,0.0,106.86111111111111,32.666666666666664,0.0,1,672,10738,0,not closed,all shapes
no-glass,apple-macos-27.0-1x-light-standard-glass0.5,rest,arc,coverage-add,encoded,minimax,fits.json,183,2.0,0.0,89.0,54.666666666666664,0.0,1,384,3448,0,not closed,circular only
no-glass,apple-macos-27.0-1x-light-standard-glass0.5,rest,arc,coverage-add,linear,minimax,fits.json,295,2.0,0.0,89.0,54.666666666666664,0.0,1,384,3448,0,not closed,circular only
no-glass,apple-macos-27.0-1x-light-standard-glass0.5,rest,arc,coverage-affine,encoded,least-squares,fits.json,230,2.0,0.0,89.0,37.77777777777778,0.0,1,384,3448,0,not closed,circular only
no-glass,apple-macos-27.0-1x-light-standard-glass0.5,rest,arc,coverage-affine,linear,least-squares,fits.json,342,2.0,0.0,89.0,38.333333333333336,0.0,1,384,3448,0,not closed,circular only
no-glass,apple-macos-27.0-1x-light-standard-glass0.5,rest,arc,coverage-even-affine,encoded,least-squares,fits.json,246,8.0,0.0,89.0,22.22222222222222,0.0,1,384,3448,0,not closed,circular only
no-glass,apple-macos-27.0-1x-light-standard-glass0.5,rest,arc,coverage-even-affine,linear,least-squares,fits.json,358,4.0,0.0,89.0,36.666666666666664,0.0,1,384,3448,0,not closed,circular only
no-glass,apple-macos-27.0-1x-light-standard-glass0.5,rest,arc,coverage-multiply,encoded,minimax,fits.json,199,2.0,0.0,89.0,54.666666666666664,0.0,1,384,3448,0,not closed,circular only
no-glass,apple-macos-27.0-1x-light-standard-glass0.5,rest,arc,coverage-multiply,linear,minimax,fits.json,311,2.0,0.0,89.0,54.666666666666664,0.0,1,384,3448,0,not closed,circular only
no-glass,apple-macos-27.0-1x-light-standard-glass0.5,rest,arc,coverage-screen,encoded,least-squares,fits.json,214,2.0,0.0,89.0,53.666666666666664,0.0,1,384,3448,0,not closed,circular only
no-glass,apple-macos-27.0-1x-light-standard-glass0.5,rest,arc,coverage-screen,linear,minimax,fits.json,327,2.0,0.0,89.0,54.666666666666664,0.0,1,384,3448,0,not closed,circular only
no-glass,apple-macos-27.0-1x-light-standard-glass0.5,rest,arc,even,encoded,least-squares,fits.json,22,8.0,0.0,106.86111111111111,30.095238095238095,0.0,1,672,10738,0,not closed,all shapes
no-glass,apple-macos-27.0-1x-light-standard-glass0.5,rest,arc,gradient,encoded,least-squares,fits.json,150,2.0,0.0,106.86111111111111,32.666666666666664,0.0,1,672,10738,0,not closed,all shapes
no-glass,apple-macos-27.0-1x-light-standard-glass0.5,rest,arc,isotropic-even,encoded,least-squares,fits.json,38,8.0,0.0,106.86111111111111,28.75,0.0,1,672,10738,0,not closed,all shapes
no-glass,apple-macos-27.0-1x-light-standard-glass0.5,rest,arc,isotropic-two-axis,encoded,least-squares,fits.json,134,0.5,0.0,106.86111111111111,27.857142857142858,0.0,1,672,10738,0,not closed,all shapes
no-glass,apple-macos-27.0-1x-light-standard-glass0.5,rest,arc,one-sided-diagonal,encoded,least-squares,fits.json,54,2.0,0.0,106.86111111111111,54.666666666666664,0.0,1,672,10738,0,not closed,all shapes
no-glass,apple-macos-27.0-1x-light-standard-glass0.5,rest,arc,rotated-axis,encoded,least-squares,fits.json,118,8.0,3.097959422289935,106.86111111111111,30.25,0.0,1,672,10738,0,not closed,all shapes
no-glass,apple-macos-27.0-1x-light-standard-glass0.5,rest,arc,shipped-diagonal,encoded,minimax,fits.json,71,2.0,0.0,106.86111111111111,39.57142857142857,0.0,1,672,10738,0,not closed,all shapes
no-glass,apple-macos-27.0-1x-light-standard-glass0.5,rest,arc,signed-normal,encoded,minimax,fits.json,87,2.0,0.0,106.86111111111111,38.36842105263158,0.0,1,672,10738,0,not closed,all shapes
no-glass,apple-macos-27.0-1x-light-standard-glass0.5,rest,arc,two-term-even,encoded,least-squares,fits.json,102,8.0,0.0,106.86111111111111,28.857142857142858,0.0,1,672,10738,0,not closed,all shapes
no-glass,apple-macos-27.0-1x-light-standard-glass0.5,rest,straight,body-forward-affine,encoded,least-squares,fits.json,262,2.0,0.0,31.0,5.0,0.0,1,48,3648,0,not closed,circular only
no-glass,apple-macos-27.0-1x-light-standard-glass0.5,rest,straight,body-forward-affine,linear,least-squares,fits.json,374,2.0,0.0,29.0,25.0,0.0,1,48,3648,0,not closed,circular only
no-glass,apple-macos-27.0-1x-light-standard-glass0.5,rest,straight,body-forward-even-affine,encoded,least-squares,fits.json,278,4.0,0.0,31.0,8.0,0.0,1,48,3648,0,not closed,circular only
no-glass,apple-macos-27.0-1x-light-standard-glass0.5,rest,straight,body-forward-even-affine,linear,least-squares,fits.json,390,4.0,0.0,29.0,25.0,0.0,1,48,3648,0,not closed,circular only
no-glass,apple-macos-27.0-1x-light-standard-glass0.5,rest,straight,colour-gradient,encoded,least-squares,fits.json,166,2.0,0.0,124.0,20.0,0.0,1,84,4152,0,not closed,all shapes
no-glass,apple-macos-27.0-1x-light-standard-glass0.5,rest,straight,constant,encoded,minimax,fits.json,7,2.0,0.0,124.0,15.0,0.0,1,84,4152,0,not closed,all shapes
no-glass,apple-macos-27.0-1x-light-standard-glass0.5,rest,straight,coverage-add,encoded,least-squares,fits.json,182,2.0,0.0,109.0,13.0,0.0,1,48,3648,0,not closed,circular only
no-glass,apple-macos-27.0-1x-light-standard-glass0.5,rest,straight,coverage-add,linear,minimax,fits.json,295,2.0,0.0,109.0,25.0,0.0,1,48,3648,0,not closed,circular only
no-glass,apple-macos-27.0-1x-light-standard-glass0.5,rest,straight,coverage-affine,encoded,least-squares,fits.json,230,2.0,0.0,109.0,11.0,0.0,1,48,3648,0,not closed,circular only
no-glass,apple-macos-27.0-1x-light-standard-glass0.5,rest,straight,coverage-affine,linear,least-squares,fits.json,342,2.0,0.0,109.0,19.0,0.0,1,48,3648,0,not closed,circular only
no-glass,apple-macos-27.0-1x-light-standard-glass0.5,rest,straight,coverage-even-affine,encoded,least-squares,fits.json,246,8.0,0.0,109.0,13.0,0.0,1,48,3648,0,not closed,circular only
no-glass,apple-macos-27.0-1x-light-standard-glass0.5,rest,straight,coverage-even-affine,linear,least-squares,fits.json,358,4.0,0.0,109.0,19.0,0.0,1,48,3648,0,not closed,circular only
no-glass,apple-macos-27.0-1x-light-standard-glass0.5,rest,straight,coverage-multiply,encoded,least-squares,fits.json,198,2.0,0.0,109.0,7.0,0.0,1,48,3648,0,not closed,circular only
no-glass,apple-macos-27.0-1x-light-standard-glass0.5,rest,straight,coverage-multiply,linear,least-squares,fits.json,310,2.0,0.0,109.0,7.0,0.0,1,48,3648,0,not closed,circular only
no-glass,apple-macos-27.0-1x-light-standard-glass0.5,rest,straight,coverage-screen,encoded,least-squares,fits.json,214,2.0,0.0,109.0,24.0,0.0,1,48,3648,0,not closed,circular only
no-glass,apple-macos-27.0-1x-light-standard-glass0.5,rest,straight,coverage-screen,linear,least-squares,fits.json,326,2.0,0.0,109.0,25.0,0.0,1,48,3648,0,not closed,circular only
no-glass,apple-macos-27.0-1x-light-standard-glass0.5,rest,straight,even,encoded,least-squares,fits.json,22,8.0,0.0,124.0,32.0,0.0,1,84,4152,0,not closed,all shapes
no-glass,apple-macos-27.0-1x-light-standard-glass0.5,rest,straight,gradient,encoded,least-squares,fits.json,150,2.0,0.0,124.0,20.0,0.0,1,84,4152,0,not closed,all shapes
no-glass,apple-macos-27.0-1x-light-standard-glass0.5,rest,straight,isotropic-even,encoded,least-squares,fits.json,38,8.0,0.0,124.0,20.0,0.0,1,84,4152,0,not closed,all shapes
no-glass,apple-macos-27.0-1x-light-standard-glass0.5,rest,straight,isotropic-two-axis,encoded,least-squares,fits.json,134,0.5,0.0,124.0,16.0,0.0,1,84,4152,0,not closed,all shapes
no-glass,apple-macos-27.0-1x-light-standard-glass0.5,rest,straight,one-sided-diagonal,encoded,least-squares,fits.json,54,2.0,0.0,124.0,32.0,0.0,1,84,4152,0,not closed,all shapes
no-glass,apple-macos-27.0-1x-light-standard-glass0.5,rest,straight,rotated-axis,encoded,least-squares,fits.json,118,8.0,3.097959422289935,124.0,20.0,0.0,1,84,4152,0,not closed,all shapes
no-glass,apple-macos-27.0-1x-light-standard-glass0.5,rest,straight,shipped-diagonal,encoded,minimax,fits.json,71,2.0,0.0,124.0,15.0,0.0,1,84,4152,0,not closed,all shapes
no-glass,apple-macos-27.0-1x-light-standard-glass0.5,rest,straight,signed-normal,encoded,least-squares,fits.json,86,2.0,0.0,124.0,17.0,0.0,1,84,4152,0,not closed,all shapes
no-glass,apple-macos-27.0-1x-light-standard-glass0.5,rest,straight,two-term-even,encoded,least-squares,fits.json,102,8.0,0.0,124.0,17.0,0.0,1,84,4152,0,not closed,all shapes
no-glass,apple-macos-27.0-2x-dark-standard-glass0.5,inactive,arc,body-forward-affine,encoded,minimax,fits.json,265,2.0,0.0,10.894736842105264,10.894736842105264,0.0,1,384,6752,0,not closed,circular only
no-glass,apple-macos-27.0-2x-dark-standard-glass0.5,inactive,arc,body-forward-affine,linear,minimax,fits.json,377,2.0,0.0,27.444444444444443,27.444444444444443,0.0,1,384,6752,0,not closed,circular only
no-glass,apple-macos-27.0-2x-dark-standard-glass0.5,inactive,arc,body-forward-even-affine,encoded,minimax,fits.json,281,1.0,0.0,10.894736842105264,10.894736842105264,0.0,1,384,6752,0,not closed,circular only
no-glass,apple-macos-27.0-2x-dark-standard-glass0.5,inactive,arc,body-forward-even-affine,linear,minimax,fits.json,393,0.5,0.0,22.2,22.2,0.0,1,384,6752,0,not closed,circular only
no-glass,apple-macos-27.0-2x-dark-standard-glass0.5,inactive,arc,colour-gradient,encoded,minimax,fits.json,169,2.0,0.0,128.0,42.05882352941177,0.0,1,672,21320,0,not closed,all shapes
no-glass,apple-macos-27.0-2x-dark-standard-glass0.5,inactive,arc,constant,encoded,minimax,fits.json,9,2.0,0.0,128.0,96.76470588235294,0.0,1,672,21320,0,not closed,all shapes
no-glass,apple-macos-27.0-2x-dark-standard-glass0.5,inactive,arc,coverage-add,encoded,least-squares,fits.json,184,2.0,0.0,22.88888888888889,22.88888888888889,0.0,1,384,6752,0,not closed,circular only
no-glass,apple-macos-27.0-2x-dark-standard-glass0.5,inactive,arc,coverage-add,linear,minimax,fits.json,297,2.0,0.0,45.888888888888886,45.888888888888886,0.0,1,384,6752,0,not closed,circular only
no-glass,apple-macos-27.0-2x-dark-standard-glass0.5,inactive,arc,coverage-affine,encoded,least-squares,fits.json,232,2.0,0.0,25.0,25.0,0.0,1,384,6752,0,not closed,circular only
no-glass,apple-macos-27.0-2x-dark-standard-glass0.5,inactive,arc,coverage-affine,linear,minimax,fits.json,345,2.0,0.0,45.888888888888886,45.888888888888886,0.0,1,384,6752,0,not closed,circular only
no-glass,apple-macos-27.0-2x-dark-standard-glass0.5,inactive,arc,coverage-even-affine,encoded,least-squares,fits.json,248,4.0,0.0,23.88888888888889,23.88888888888889,0.0,1,384,6752,0,not closed,circular only
no-glass,apple-macos-27.0-2x-dark-standard-glass0.5,inactive,arc,coverage-even-affine,linear,minimax,fits.json,361,0.5,0.0,48.333333333333336,48.333333333333336,0.0,1,384,6752,0,not closed,circular only
no-glass,apple-macos-27.0-2x-dark-standard-glass0.5,inactive,arc,coverage-multiply,encoded,least-squares,fits.json,200,2.0,0.0,20.0,17.333333333333332,0.0,1,384,6752,0,not closed,circular only
no-glass,apple-macos-27.0-2x-dark-standard-glass0.5,inactive,arc,coverage-multiply,linear,least-squares,fits.json,312,2.0,0.0,22.666666666666668,22.666666666666668,0.0,1,384,6752,0,not closed,circular only
no-glass,apple-macos-27.0-2x-dark-standard-glass0.5,inactive,arc,coverage-screen,encoded,least-squares,fits.json,216,2.0,0.0,46.333333333333336,46.333333333333336,0.0,1,384,6752,0,not closed,circular only
no-glass,apple-macos-27.0-2x-dark-standard-glass0.5,inactive,arc,coverage-screen,linear,least-squares,fits.json,328,2.0,0.0,46.111111111111114,46.111111111111114,0.0,1,384,6752,0,not closed,circular only
no-glass,apple-macos-27.0-2x-dark-standard-glass0.5,inactive,arc,even,encoded,minimax,fits.json,25,0.5,0.0,128.0,96.58823529411765,0.0,1,672,21320,0,not closed,all shapes
no-glass,apple-macos-27.0-2x-dark-standard-glass0.5,inactive,arc,gradient,encoded,minimax,fits.json,153,2.0,0.0,128.0,89.52941176470588,0.0,1,672,21320,0,not closed,all shapes
no-glass,apple-macos-27.0-2x-dark-standard-glass0.5,inactive,arc,isotropic-even,encoded,minimax,fits.json,41,0.5,0.0,128.0,95.94117647058823,0.0,1,672,21320,0,not closed,all shapes
no-glass,apple-macos-27.0-2x-dark-standard-glass0.5,inactive,arc,isotropic-two-axis,encoded,minimax,fits.json,137,0.5,0.0,128.0,95.94117647058823,0.0,1,672,21320,0,not closed,all shapes
no-glass,apple-macos-27.0-2x-dark-standard-glass0.5,inactive,arc,one-sided-diagonal,encoded,least-squares,fits.json,56,2.0,0.0,143.76470588235293,143.76470588235293,0.0,1,672,21320,0,not closed,all shapes
no-glass,apple-macos-27.0-2x-dark-standard-glass0.5,inactive,arc,rotated-axis,encoded,minimax,fits.json,121,0.5,1.6144295580947547,128.0,104.51219512195122,0.0,1,672,21320,0,not closed,all shapes
no-glass,apple-macos-27.0-2x-dark-standard-glass0.5,inactive,arc,shipped-diagonal,encoded,minimax,fits.json,73,2.0,0.0,128.0,102.04878048780488,0.0,1,672,21320,0,not closed,all shapes
no-glass,apple-macos-27.0-2x-dark-standard-glass0.5,inactive,arc,signed-normal,encoded,minimax,fits.json,89,2.0,0.0,128.0,96.76470588235294,0.0,1,672,21320,0,not closed,all shapes
no-glass,apple-macos-27.0-2x-dark-standard-glass0.5,inactive,arc,two-term-even,encoded,minimax,fits.json,105,0.5,0.0,128.0,96.82352941176471,0.0,1,672,21320,0,not closed,all shapes
no-glass,apple-macos-27.0-2x-dark-standard-glass0.5,inactive,straight,body-forward-affine,encoded,minimax,fits.json,265,2.0,0.0,12.0,12.0,0.0,1,48,7296,0,not closed,circular only
no-glass,apple-macos-27.0-2x-dark-standard-glass0.5,inactive,straight,body-forward-affine,linear,minimax,fits.json,377,2.0,0.0,38.0,38.0,0.0,1,48,7296,0,not closed,circular only
no-glass,apple-macos-27.0-2x-dark-standard-glass0.5,inactive,straight,body-forward-even-affine,encoded,minimax,fits.json,281,1.0,0.0,12.0,12.0,0.0,1,48,7296,0,not closed,circular only
no-glass,apple-macos-27.0-2x-dark-standard-glass0.5,inactive,straight,body-forward-even-affine,linear,minimax,fits.json,393,0.5,0.0,9.0,9.0,0.0,1,48,7296,0,not closed,circular only
no-glass,apple-macos-27.0-2x-dark-standard-glass0.5,inactive,straight,colour-gradient,encoded,least-squares,fits.json,168,2.0,0.0,128.0,39.0,0.0,1,84,8232,0,not closed,all shapes
no-glass,apple-macos-27.0-2x-dark-standard-glass0.5,inactive,straight,constant,encoded,minimax,fits.json,9,2.0,0.0,128.0,74.0,0.0,1,84,8232,0,not closed,all shapes
no-glass,apple-macos-27.0-2x-dark-standard-glass0.5,inactive,straight,coverage-add,encoded,least-squares,fits.json,184,2.0,0.0,20.0,12.0,0.0,1,48,7296,0,not closed,circular only
no-glass,apple-macos-27.0-2x-dark-standard-glass0.5,inactive,straight,coverage-add,linear,minimax,fits.json,297,2.0,0.0,37.0,37.0,0.0,1,48,7296,0,not closed,circular only
no-glass,apple-macos-27.0-2x-dark-standard-glass0.5,inactive,straight,coverage-affine,encoded,least-squares,fits.json,232,2.0,0.0,23.0,23.0,0.0,1,48,7296,0,not closed,circular only
no-glass,apple-macos-27.0-2x-dark-standard-glass0.5,inactive,straight,coverage-affine,linear,minimax,fits.json,345,2.0,0.0,37.0,37.0,0.0,1,48,7296,0,not closed,circular only
no-glass,apple-macos-27.0-2x-dark-standard-glass0.5,inactive,straight,coverage-even-affine,encoded,least-squares,fits.json,248,4.0,0.0,24.0,24.0,0.0,1,48,7296,0,not closed,circular only
no-glass,apple-macos-27.0-2x-dark-standard-glass0.5,inactive,straight,coverage-even-affine,linear,minimax,fits.json,361,0.5,0.0,44.0,44.0,0.0,1,48,7296,0,not closed,circular only
no-glass,apple-macos-27.0-2x-dark-standard-glass0.5,inactive,straight,coverage-multiply,encoded,least-squares,fits.json,200,2.0,0.0,21.0,21.0,0.0,1,48,7296,0,not closed,circular only
no-glass,apple-macos-27.0-2x-dark-standard-glass0.5,inactive,straight,coverage-multiply,linear,least-squares,fits.json,312,2.0,0.0,32.0,32.0,0.0,1,48,7296,0,not closed,circular only
no-glass,apple-macos-27.0-2x-dark-standard-glass0.5,inactive,straight,coverage-screen,encoded,least-squares,fits.json,216,2.0,0.0,38.0,38.0,0.0,1,48,7296,0,not closed,circular only
no-glass,apple-macos-27.0-2x-dark-standard-glass0.5,inactive,straight,coverage-screen,linear,least-squares,fits.json,328,2.0,0.0,38.0,38.0,0.0,1,48,7296,0,not closed,circular only
no-glass,apple-macos-27.0-2x-dark-standard-glass0.5,inactive,straight,even,encoded,least-squares,fits.json,24,0.5,0.0,128.0,121.0,0.0,1,84,8232,0,not closed,all shapes
no-glass,apple-macos-27.0-2x-dark-standard-glass0.5,inactive,straight,gradient,encoded,least-squares,fits.json,152,2.0,0.0,128.0,88.0,0.0,1,84,8232,0,not closed,all shapes
no-glass,apple-macos-27.0-2x-dark-standard-glass0.5,inactive,straight,isotropic-even,encoded,minimax,fits.json,41,0.5,0.0,128.0,51.0,0.0,1,84,8232,0,not closed,all shapes
no-glass,apple-macos-27.0-2x-dark-standard-glass0.5,inactive,straight,isotropic-two-axis,encoded,minimax,fits.json,137,0.5,0.0,128.0,51.0,0.0,1,84,8232,0,not closed,all shapes
no-glass,apple-macos-27.0-2x-dark-standard-glass0.5,inactive,straight,one-sided-diagonal,encoded,least-squares,fits.json,56,2.0,0.0,128.0,121.0,0.0,1,84,8232,0,not closed,all shapes
no-glass,apple-macos-27.0-2x-dark-standard-glass0.5,inactive,straight,rotated-axis,encoded,least-squares,fits.json,120,8.0,0.916297857297023,128.0,87.0,0.0,1,84,8232,0,not closed,all shapes
no-glass,apple-macos-27.0-2x-dark-standard-glass0.5,inactive,straight,shipped-diagonal,encoded,minimax,fits.json,73,2.0,0.0,128.0,77.0,0.0,1,84,8232,0,not closed,all shapes
no-glass,apple-macos-27.0-2x-dark-standard-glass0.5,inactive,straight,signed-normal,encoded,minimax,fits.json,89,2.0,0.0,128.0,74.0,0.0,1,84,8232,0,not closed,all shapes
no-glass,apple-macos-27.0-2x-dark-standard-glass0.5,inactive,straight,two-term-even,encoded,least-squares,fits.json,104,4.0,0.0,128.0,86.0,0.0,1,84,8232,0,not closed,all shapes
no-glass,apple-macos-27.0-2x-dark-standard-glass0.5,rest,arc,body-forward-affine,encoded,least-squares,fits.json,266,2.0,0.0,45.333333333333336,45.333333333333336,0.0,1,384,6712,0,not closed,circular only
no-glass,apple-macos-27.0-2x-dark-standard-glass0.5,rest,arc,body-forward-affine,linear,minimax,fits.json,379,2.0,0.0,37.55555555555556,37.55555555555556,0.0,1,384,6712,0,not closed,circular only
no-glass,apple-macos-27.0-2x-dark-standard-glass0.5,rest,arc,body-forward-even-affine,encoded,least-squares,fits.json,282,2.0,0.0,31.0,13.105263157894736,0.0,1,384,6712,0,not closed,circular only
no-glass,apple-macos-27.0-2x-dark-standard-glass0.5,rest,arc,body-forward-even-affine,linear,least-squares,fits.json,394,2.0,0.0,31.25,15.222222222222221,0.0,1,384,6712,0,not closed,circular only
no-glass,apple-macos-27.0-2x-dark-standard-glass0.5,rest,arc,colour-gradient,encoded,least-squares,fits.json,170,2.0,0.0,123.78787878787878,48.77777777777778,0.0,1,672,21340,0,not closed,all shapes
no-glass,apple-macos-27.0-2x-dark-standard-glass0.5,rest,arc,constant,encoded,minimax,fits.json,11,2.0,0.0,123.78787878787878,103.65714285714286,0.0,1,672,21340,0,not closed,all shapes
no-glass,apple-macos-27.0-2x-dark-standard-glass0.5,rest,arc,coverage-add,encoded,least-squares,fits.json,186,2.0,0.0,49.611111111111114,49.611111111111114,0.0,1,384,6712,0,not closed,circular only
no-glass,apple-macos-27.0-2x-dark-standard-glass0.5,rest,arc,coverage-add,linear,least-squares,fits.json,298,2.0,0.0,50.333333333333336,50.333333333333336,0.0,1,384,6712,0,not closed,circular only
no-glass,apple-macos-27.0-2x-dark-standard-glass0.5,rest,arc,coverage-affine,encoded,least-squares,fits.json,234,2.0,0.0,44.625,43.22222222222222,0.0,1,384,6712,0,not closed,circular only
no-glass,apple-macos-27.0-2x-dark-standard-glass0.5,rest,arc,coverage-affine,linear,least-squares,fits.json,346,2.0,0.0,44.375,44.27777777777778,0.0,1,384,6712,0,not closed,circular only
no-glass,apple-macos-27.0-2x-dark-standard-glass0.5,rest,arc,coverage-even-affine,encoded,least-squares,fits.json,250,2.0,0.0,43.625,20.77777777777778,0.0,1,384,6712,0,not closed,circular only
no-glass,apple-macos-27.0-2x-dark-standard-glass0.5,rest,arc,coverage-even-affine,linear,least-squares,fits.json,362,2.0,0.0,47.77777777777778,47.77777777777778,0.0,1,384,6712,0,not closed,circular only
no-glass,apple-macos-27.0-2x-dark-standard-glass0.5,rest,arc,coverage-multiply,encoded,least-squares,fits.json,202,2.0,0.0,45.25,43.611111111111114,0.0,1,384,6712,0,not closed,circular only
no-glass,apple-macos-27.0-2x-dark-standard-glass0.5,rest,arc,coverage-multiply,linear,least-squares,fits.json,314,2.0,0.0,45.25,43.94444444444444,0.0,1,384,6712,0,not closed,circular only
no-glass,apple-macos-27.0-2x-dark-standard-glass0.5,rest,arc,coverage-screen,encoded,least-squares,fits.json,218,2.0,0.0,55.388888888888886,55.388888888888886,0.0,1,384,6712,0,not closed,circular only
no-glass,apple-macos-27.0-2x-dark-standard-glass0.5,rest,arc,coverage-screen,linear,least-squares,fits.json,330,2.0,0.0,54.44444444444444,54.44444444444444,0.0,1,384,6712,0,not closed,circular only
no-glass,apple-macos-27.0-2x-dark-standard-glass0.5,rest,arc,even,encoded,minimax,fits.json,27,8.0,0.0,123.78787878787878,92.28571428571429,0.0,1,672,21340,0,not closed,all shapes
no-glass,apple-macos-27.0-2x-dark-standard-glass0.5,rest,arc,gradient,encoded,minimax,fits.json,155,2.0,0.0,123.78787878787878,99.28571428571429,0.0,1,672,21340,0,not closed,all shapes
no-glass,apple-macos-27.0-2x-dark-standard-glass0.5,rest,arc,isotropic-even,encoded,minimax,fits.json,43,8.0,0.0,123.78787878787878,96.09756097560975,0.0,1,672,21340,0,not closed,all shapes
no-glass,apple-macos-27.0-2x-dark-standard-glass0.5,rest,arc,isotropic-two-axis,encoded,least-squares,fits.json,138,0.5,0.0,123.78787878787878,93.91428571428571,0.0,1,672,21340,0,not closed,all shapes
no-glass,apple-macos-27.0-2x-dark-standard-glass0.5,rest,arc,one-sided-diagonal,encoded,least-squares,fits.json,58,2.0,0.0,142.65714285714284,142.65714285714284,0.0,1,672,21340,0,not closed,all shapes
no-glass,apple-macos-27.0-2x-dark-standard-glass0.5,rest,arc,rotated-axis,encoded,least-squares,fits.json,122,0.5,1.5707963267948966,123.78787878787878,93.25714285714285,0.0,1,672,21340,0,not closed,all shapes
no-glass,apple-macos-27.0-2x-dark-standard-glass0.5,rest,arc,shipped-diagonal,encoded,minimax,fits.json,75,2.0,0.0,123.78787878787878,108.37142857142857,0.0,1,672,21340,0,not closed,all shapes
no-glass,apple-macos-27.0-2x-dark-standard-glass0.5,rest,arc,signed-normal,encoded,minimax,fits.json,91,2.0,0.0,123.78787878787878,99.2,0.0,1,672,21340,0,not closed,all shapes
no-glass,apple-macos-27.0-2x-dark-standard-glass0.5,rest,arc,two-term-even,encoded,minimax,fits.json,107,0.5,0.0,123.78787878787878,95.37142857142857,0.0,1,672,21340,0,not closed,all shapes
no-glass,apple-macos-27.0-2x-dark-standard-glass0.5,rest,straight,body-forward-affine,encoded,least-squares,fits.json,266,2.0,0.0,47.0,12.0,0.0,1,48,7296,0,not closed,circular only
no-glass,apple-macos-27.0-2x-dark-standard-glass0.5,rest,straight,body-forward-affine,linear,least-squares,fits.json,378,2.0,0.0,47.0,10.0,0.0,1,48,7296,0,not closed,circular only
no-glass,apple-macos-27.0-2x-dark-standard-glass0.5,rest,straight,body-forward-even-affine,encoded,least-squares,fits.json,282,2.0,0.0,47.0,4.0,0.0,1,48,7296,0,not closed,circular only
no-glass,apple-macos-27.0-2x-dark-standard-glass0.5,rest,straight,body-forward-even-affine,linear,minimax,fits.json,395,1.0,0.0,47.0,2.0,0.0,1,48,7296,0,not closed,circular only
no-glass,apple-macos-27.0-2x-dark-standard-glass0.5,rest,straight,colour-gradient,encoded,minimax,fits.json,171,2.0,0.0,114.0,79.0,0.0,1,84,8232,0,not closed,all shapes
no-glass,apple-macos-27.0-2x-dark-standard-glass0.5,rest,straight,constant,encoded,least-squares,fits.json,10,2.0,0.0,114.0,74.0,0.0,1,84,8232,0,not closed,all shapes
no-glass,apple-macos-27.0-2x-dark-standard-glass0.5,rest,straight,coverage-add,encoded,minimax,fits.json,187,2.0,0.0,59.0,2.0,0.0,1,48,7296,0,not closed,circular only
no-glass,apple-macos-27.0-2x-dark-standard-glass0.5,rest,straight,coverage-add,linear,minimax,fits.json,299,2.0,0.0,59.0,2.0,0.0,1,48,7296,0,not closed,circular only
no-glass,apple-macos-27.0-2x-dark-standard-glass0.5,rest,straight,coverage-affine,encoded,minimax,fits.json,235,2.0,0.0,59.0,2.0,0.0,1,48,7296,0,not closed,circular only
no-glass,apple-macos-27.0-2x-dark-standard-glass0.5,rest,straight,coverage-affine,linear,minimax,fits.json,347,2.0,0.0,59.0,2.0,0.0,1,48,7296,0,not closed,circular only
no-glass,apple-macos-27.0-2x-dark-standard-glass0.5,rest,straight,coverage-even-affine,encoded,minimax,fits.json,251,0.5,0.0,59.0,2.0,0.0,1,48,7296,0,not closed,circular only
no-glass,apple-macos-27.0-2x-dark-standard-glass0.5,rest,straight,coverage-even-affine,linear,minimax,fits.json,363,0.5,0.0,59.0,2.0,0.0,1,48,7296,0,not closed,circular only
no-glass,apple-macos-27.0-2x-dark-standard-glass0.5,rest,straight,coverage-multiply,encoded,minimax,fits.json,203,2.0,0.0,59.0,2.0,0.0,1,48,7296,0,not closed,circular only
no-glass,apple-macos-27.0-2x-dark-standard-glass0.5,rest,straight,coverage-multiply,linear,minimax,fits.json,315,2.0,0.0,59.0,2.0,0.0,1,48,7296,0,not closed,circular only
no-glass,apple-macos-27.0-2x-dark-standard-glass0.5,rest,straight,coverage-screen,encoded,least-squares,fits.json,218,2.0,0.0,59.0,2.0,0.0,1,48,7296,0,not closed,circular only
no-glass,apple-macos-27.0-2x-dark-standard-glass0.5,rest,straight,coverage-screen,linear,minimax,fits.json,331,2.0,0.0,59.0,2.0,0.0,1,48,7296,0,not closed,circular only
no-glass,apple-macos-27.0-2x-dark-standard-glass0.5,rest,straight,even,encoded,least-squares,fits.json,26,4.0,0.0,114.0,83.0,0.0,1,84,8232,0,not closed,all shapes
no-glass,apple-macos-27.0-2x-dark-standard-glass0.5,rest,straight,gradient,encoded,least-squares,fits.json,154,2.0,0.0,114.0,83.0,0.0,1,84,8232,0,not closed,all shapes
no-glass,apple-macos-27.0-2x-dark-standard-glass0.5,rest,straight,isotropic-even,encoded,least-squares,fits.json,42,4.0,0.0,114.0,82.0,0.0,1,84,8232,0,not closed,all shapes
no-glass,apple-macos-27.0-2x-dark-standard-glass0.5,rest,straight,isotropic-two-axis,encoded,least-squares,fits.json,138,0.5,0.0,114.0,83.0,0.0,1,84,8232,0,not closed,all shapes
no-glass,apple-macos-27.0-2x-dark-standard-glass0.5,rest,straight,one-sided-diagonal,encoded,least-squares,fits.json,58,2.0,0.0,114.0,76.0,0.0,1,84,8232,0,not closed,all shapes
no-glass,apple-macos-27.0-2x-dark-standard-glass0.5,rest,straight,rotated-axis,encoded,least-squares,fits.json,122,0.5,1.5707963267948966,114.0,82.0,0.0,1,84,8232,0,not closed,all shapes
no-glass,apple-macos-27.0-2x-dark-standard-glass0.5,rest,straight,shipped-diagonal,encoded,least-squares,fits.json,74,2.0,0.0,114.0,75.0,0.0,1,84,8232,0,not closed,all shapes
no-glass,apple-macos-27.0-2x-dark-standard-glass0.5,rest,straight,signed-normal,encoded,least-squares,fits.json,90,2.0,0.0,114.0,75.0,0.0,1,84,8232,0,not closed,all shapes
no-glass,apple-macos-27.0-2x-dark-standard-glass0.5,rest,straight,two-term-even,encoded,least-squares,fits.json,106,4.0,0.0,114.0,82.0,0.0,1,84,8232,0,not closed,all shapes
no-glass,apple-macos-27.0-2x-light-standard-glass0.5,inactive,arc,body-forward-affine,encoded,least-squares,fits.json,268,2.0,0.0,15.176470588235293,15.176470588235293,0.0,1,384,6712,0,not closed,circular only
no-glass,apple-macos-27.0-2x-light-standard-glass0.5,inactive,arc,body-forward-affine,linear,least-squares,fits.json,380,2.0,0.0,21.0,21.0,0.0,1,384,6712,0,not closed,circular only
no-glass,apple-macos-27.0-2x-light-standard-glass0.5,inactive,arc,body-forward-even-affine,encoded,least-squares,fits.json,284,8.0,0.0,13.823529411764707,13.823529411764707,0.0,1,384,6712,0,not closed,circular only
no-glass,apple-macos-27.0-2x-light-standard-glass0.5,inactive,arc,body-forward-even-affine,linear,least-squares,fits.json,396,8.0,0.0,20.866666666666667,20.866666666666667,0.0,1,384,6712,0,not closed,circular only
no-glass,apple-macos-27.0-2x-light-standard-glass0.5,inactive,arc,colour-gradient,encoded,least-squares,fits.json,172,2.0,0.0,97.0,31.470588235294116,0.0,1,672,21280,0,not closed,all shapes
no-glass,apple-macos-27.0-2x-light-standard-glass0.5,inactive,arc,constant,encoded,least-squares,fits.json,12,2.0,0.0,97.0,32.78048780487805,0.0,1,672,21280,0,not closed,all shapes
no-glass,apple-macos-27.0-2x-light-standard-glass0.5,inactive,arc,coverage-add,encoded,least-squares,fits.json,188,2.0,0.0,79.0,21.555555555555557,0.0,1,384,6712,0,not closed,circular only
no-glass,apple-macos-27.0-2x-light-standard-glass0.5,inactive,arc,coverage-add,linear,least-squares,fits.json,300,2.0,0.0,79.0,66.41176470588235,0.0,1,384,6712,0,not closed,circular only
no-glass,apple-macos-27.0-2x-light-standard-glass0.5,inactive,arc,coverage-affine,encoded,least-squares,fits.json,236,2.0,0.0,79.0,19.0,0.0,1,384,6712,0,not closed,circular only
no-glass,apple-macos-27.0-2x-light-standard-glass0.5,inactive,arc,coverage-affine,linear,minimax,fits.json,349,2.0,0.0,79.0,18.444444444444443,0.0,1,384,6712,0,not closed,circular only
no-glass,apple-macos-27.0-2x-light-standard-glass0.5,inactive,arc,coverage-even-affine,encoded,least-squares,fits.json,252,0.5,0.0,79.0,28.333333333333332,0.0,1,384,6712,0,not closed,circular only
no-glass,apple-macos-27.0-2x-light-standard-glass0.5,inactive,arc,coverage-even-affine,linear,minimax,fits.json,365,0.5,0.0,79.0,18.444444444444443,0.0,1,384,6712,0,not closed,circular only
no-glass,apple-macos-27.0-2x-light-standard-glass0.5,inactive,arc,coverage-multiply,encoded,least-squares,fits.json,204,2.0,0.0,79.0,17.352941176470587,0.0,1,384,6712,0,not closed,circular only
no-glass,apple-macos-27.0-2x-light-standard-glass0.5,inactive,arc,coverage-multiply,linear,least-squares,fits.json,316,2.0,0.0,79.0,17.529411764705884,0.0,1,384,6712,0,not closed,circular only
no-glass,apple-macos-27.0-2x-light-standard-glass0.5,inactive,arc,coverage-screen,encoded,least-squares,fits.json,220,2.0,0.0,79.0,37.111111111111114,0.0,1,384,6712,0,not closed,circular only
no-glass,apple-macos-27.0-2x-light-standard-glass0.5,inactive,arc,coverage-screen,linear,least-squares,fits.json,332,2.0,0.0,79.0,35.77777777777778,0.0,1,384,6712,0,not closed,circular only
no-glass,apple-macos-27.0-2x-light-standard-glass0.5,inactive,arc,even,encoded,least-squares,fits.json,28,0.5,0.0,97.0,31.470588235294116,0.0,1,672,21280,0,not closed,all shapes
no-glass,apple-macos-27.0-2x-light-standard-glass0.5,inactive,arc,gradient,encoded,least-squares,fits.json,156,2.0,0.0,97.0,33.470588235294116,0.0,1,672,21280,0,not closed,all shapes
no-glass,apple-macos-27.0-2x-light-standard-glass0.5,inactive,arc,isotropic-even,encoded,minimax,fits.json,45,8.0,0.0,97.0,35.111111111111114,0.0,1,672,21280,0,not closed,all shapes
no-glass,apple-macos-27.0-2x-light-standard-glass0.5,inactive,arc,isotropic-two-axis,encoded,least-squares,fits.json,140,0.5,0.0,97.0,27.097560975609756,0.0,1,672,21280,0,not closed,all shapes
no-glass,apple-macos-27.0-2x-light-standard-glass0.5,inactive,arc,one-sided-diagonal,encoded,least-squares,fits.json,60,2.0,0.0,97.0,50.470588235294116,0.0,1,672,21280,0,not closed,all shapes
no-glass,apple-macos-27.0-2x-light-standard-glass0.5,inactive,arc,rotated-axis,encoded,minimax,fits.json,125,0.5,1.6144295580947547,97.0,32.926829268292686,0.0,1,672,21280,0,not closed,all shapes
no-glass,apple-macos-27.0-2x-light-standard-glass0.5,inactive,arc,shipped-diagonal,encoded,least-squares,fits.json,76,2.0,0.0,97.0,38.41463414634146,0.0,1,672,21280,0,not closed,all shapes
no-glass,apple-macos-27.0-2x-light-standard-glass0.5,inactive,arc,signed-normal,encoded,least-squares,fits.json,92,2.0,0.0,97.0,33.78048780487805,0.0,1,672,21280,0,not closed,all shapes
no-glass,apple-macos-27.0-2x-light-standard-glass0.5,inactive,arc,two-term-even,encoded,least-squares,fits.json,108,8.0,0.0,97.0,27.975609756097562,0.0,1,672,21280,0,not closed,all shapes
no-glass,apple-macos-27.0-2x-light-standard-glass0.5,inactive,straight,body-forward-affine,encoded,least-squares,fits.json,268,2.0,0.0,10.0,10.0,0.0,1,48,7296,0,not closed,circular only
no-glass,apple-macos-27.0-2x-light-standard-glass0.5,inactive,straight,body-forward-affine,linear,least-squares,fits.json,380,2.0,0.0,21.0,21.0,0.0,1,48,7296,0,not closed,circular only
no-glass,apple-macos-27.0-2x-light-standard-glass0.5,inactive,straight,body-forward-even-affine,encoded,least-squares,fits.json,284,8.0,0.0,11.0,11.0,0.0,1,48,7296,0,not closed,circular only
no-glass,apple-macos-27.0-2x-light-standard-glass0.5,inactive,straight,body-forward-even-affine,linear,least-squares,fits.json,396,8.0,0.0,21.0,21.0,0.0,1,48,7296,0,not closed,circular only
no-glass,apple-macos-27.0-2x-light-standard-glass0.5,inactive,straight,colour-gradient,encoded,least-squares,fits.json,172,2.0,0.0,97.0,21.0,0.0,1,84,8232,0,not closed,all shapes
no-glass,apple-macos-27.0-2x-light-standard-glass0.5,inactive,straight,constant,encoded,least-squares,fits.json,12,2.0,0.0,97.0,21.0,0.0,1,84,8232,0,not closed,all shapes
no-glass,apple-macos-27.0-2x-light-standard-glass0.5,inactive,straight,coverage-add,encoded,minimax,fits.json,189,2.0,0.0,79.0,36.0,0.0,1,48,7296,0,not closed,circular only
no-glass,apple-macos-27.0-2x-light-standard-glass0.5,inactive,straight,coverage-add,linear,least-squares,fits.json,300,2.0,0.0,82.0,69.0,0.0,1,48,7296,0,not closed,circular only
no-glass,apple-macos-27.0-2x-light-standard-glass0.5,inactive,straight,coverage-affine,encoded,minimax,fits.json,237,2.0,0.0,79.0,36.0,0.0,1,48,7296,0,not closed,circular only
no-glass,apple-macos-27.0-2x-light-standard-glass0.5,inactive,straight,coverage-affine,linear,minimax,fits.json,349,2.0,0.0,80.0,13.0,0.0,1,48,7296,0,not closed,circular only
no-glass,apple-macos-27.0-2x-light-standard-glass0.5,inactive,straight,coverage-even-affine,encoded,minimax,fits.json,253,0.5,0.0,79.0,36.0,0.0,1,48,7296,0,not closed,circular only
no-glass,apple-macos-27.0-2x-light-standard-glass0.5,inactive,straight,coverage-even-affine,linear,minimax,fits.json,365,0.5,0.0,80.0,13.0,0.0,1,48,7296,0,not closed,circular only
no-glass,apple-macos-27.0-2x-light-standard-glass0.5,inactive,straight,coverage-multiply,encoded,minimax,fits.json,205,2.0,0.0,79.0,36.0,0.0,1,48,7296,0,not closed,circular only
no-glass,apple-macos-27.0-2x-light-standard-glass0.5,inactive,straight,coverage-multiply,linear,least-squares,fits.json,316,2.0,0.0,80.0,6.0,0.0,1,48,7296,0,not closed,circular only
no-glass,apple-macos-27.0-2x-light-standard-glass0.5,inactive,straight,coverage-screen,encoded,minimax,fits.json,221,2.0,0.0,79.0,36.0,0.0,1,48,7296,0,not closed,circular only
no-glass,apple-macos-27.0-2x-light-standard-glass0.5,inactive,straight,coverage-screen,linear,minimax,fits.json,333,2.0,0.0,79.0,36.0,0.0,1,48,7296,0,not closed,circular only
no-glass,apple-macos-27.0-2x-light-standard-glass0.5,inactive,straight,even,encoded,least-squares,fits.json,28,0.5,0.0,97.0,43.0,0.0,1,84,8232,0,not closed,all shapes
no-glass,apple-macos-27.0-2x-light-standard-glass0.5,inactive,straight,gradient,encoded,least-squares,fits.json,156,2.0,0.0,97.0,19.0,0.0,1,84,8232,0,not closed,all shapes
no-glass,apple-macos-27.0-2x-light-standard-glass0.5,inactive,straight,isotropic-even,encoded,least-squares,fits.json,44,0.5,0.0,97.0,19.0,0.0,1,84,8232,0,not closed,all shapes
no-glass,apple-macos-27.0-2x-light-standard-glass0.5,inactive,straight,isotropic-two-axis,encoded,least-squares,fits.json,140,0.5,0.0,97.0,20.0,0.0,1,84,8232,0,not closed,all shapes
no-glass,apple-macos-27.0-2x-light-standard-glass0.5,inactive,straight,one-sided-diagonal,encoded,least-squares,fits.json,60,2.0,0.0,97.0,43.0,0.0,1,84,8232,0,not closed,all shapes
no-glass,apple-macos-27.0-2x-light-standard-glass0.5,inactive,straight,rotated-axis,encoded,least-squares,fits.json,124,0.5,0.0,97.0,19.0,0.0,1,84,8232,0,not closed,all shapes
no-glass,apple-macos-27.0-2x-light-standard-glass0.5,inactive,straight,shipped-diagonal,encoded,minimax,fits.json,77,2.0,0.0,97.0,19.0,0.0,1,84,8232,0,not closed,all shapes
no-glass,apple-macos-27.0-2x-light-standard-glass0.5,inactive,straight,signed-normal,encoded,least-squares,fits.json,92,2.0,0.0,97.0,21.0,0.0,1,84,8232,0,not closed,all shapes
no-glass,apple-macos-27.0-2x-light-standard-glass0.5,inactive,straight,two-term-even,encoded,least-squares,fits.json,108,8.0,0.0,97.0,19.0,0.0,1,84,8232,0,not closed,all shapes
no-glass,apple-macos-27.0-2x-light-standard-glass0.5,rest,arc,body-forward-affine,encoded,least-squares,fits.json,270,2.0,0.0,29.11111111111111,29.11111111111111,0.0,1,384,6712,0,not closed,circular only
no-glass,apple-macos-27.0-2x-light-standard-glass0.5,rest,arc,body-forward-affine,linear,least-squares,fits.json,382,2.0,0.0,31.833333333333332,31.833333333333332,0.0,1,384,6712,0,not closed,circular only
no-glass,apple-macos-27.0-2x-light-standard-glass0.5,rest,arc,body-forward-even-affine,encoded,least-squares,fits.json,286,4.0,0.0,26.25,9.0,0.0,1,384,6712,0,not closed,circular only
no-glass,apple-macos-27.0-2x-light-standard-glass0.5,rest,arc,body-forward-even-affine,linear,least-squares,fits.json,398,4.0,0.0,27.944444444444443,27.944444444444443,0.0,1,384,6712,0,not closed,circular only
no-glass,apple-macos-27.0-2x-light-standard-glass0.5,rest,arc,colour-gradient,encoded,least-squares,fits.json,174,2.0,0.0,120.06849315068493,39.44117647058823,0.0,1,672,21256,0,not closed,all shapes
no-glass,apple-macos-27.0-2x-light-standard-glass0.5,rest,arc,constant,encoded,minimax,fits.json,15,2.0,0.0,120.06849315068493,34.6764705882353,0.0,1,672,21256,0,not closed,all shapes
no-glass,apple-macos-27.0-2x-light-standard-glass0.5,rest,arc,coverage-add,encoded,least-squares,fits.json,190,2.0,0.0,102.375,38.833333333333336,0.0,1,384,6712,0,not closed,circular only
no-glass,apple-macos-27.0-2x-light-standard-glass0.5,rest,arc,coverage-add,linear,least-squares,fits.json,302,2.0,0.0,102.375,39.72222222222222,0.0,1,384,6712,0,not closed,circular only
no-glass,apple-macos-27.0-2x-light-standard-glass0.5,rest,arc,coverage-affine,encoded,least-squares,fits.json,238,2.0,0.0,102.375,32.0,0.0,1,384,6712,0,not closed,circular only
no-glass,apple-macos-27.0-2x-light-standard-glass0.5,rest,arc,coverage-affine,linear,least-squares,fits.json,350,2.0,0.0,102.375,32.77777777777778,0.0,1,384,6712,0,not closed,circular only
no-glass,apple-macos-27.0-2x-light-standard-glass0.5,rest,arc,coverage-even-affine,encoded,least-squares,fits.json,254,8.0,0.0,102.375,19.555555555555557,0.0,1,384,6712,0,not closed,circular only
no-glass,apple-macos-27.0-2x-light-standard-glass0.5,rest,arc,coverage-even-affine,linear,least-squares,fits.json,366,4.0,0.0,102.375,31.77777777777778,0.0,1,384,6712,0,not closed,circular only
no-glass,apple-macos-27.0-2x-light-standard-glass0.5,rest,arc,coverage-multiply,encoded,least-squares,fits.json,206,2.0,0.0,102.375,30.0,0.0,1,384,6712,0,not closed,circular only
no-glass,apple-macos-27.0-2x-light-standard-glass0.5,rest,arc,coverage-multiply,linear,least-squares,fits.json,318,2.0,0.0,102.375,30.88888888888889,0.0,1,384,6712,0,not closed,circular only
no-glass,apple-macos-27.0-2x-light-standard-glass0.5,rest,arc,coverage-screen,encoded,least-squares,fits.json,222,2.0,0.0,102.375,47.22222222222222,0.0,1,384,6712,0,not closed,circular only
no-glass,apple-macos-27.0-2x-light-standard-glass0.5,rest,arc,coverage-screen,linear,least-squares,fits.json,334,2.0,0.0,102.375,46.55555555555556,0.0,1,384,6712,0,not closed,circular only
no-glass,apple-macos-27.0-2x-light-standard-glass0.5,rest,arc,even,encoded,least-squares,fits.json,30,8.0,0.0,120.06849315068493,30.5,0.0,1,672,21256,0,not closed,all shapes
no-glass,apple-macos-27.0-2x-light-standard-glass0.5,rest,arc,gradient,encoded,least-squares,fits.json,158,2.0,0.0,120.06849315068493,33.6764705882353,0.0,1,672,21256,0,not closed,all shapes
no-glass,apple-macos-27.0-2x-light-standard-glass0.5,rest,arc,isotropic-even,encoded,least-squares,fits.json,46,8.0,0.0,120.06849315068493,32.75609756097561,0.0,1,672,21256,0,not closed,all shapes
no-glass,apple-macos-27.0-2x-light-standard-glass0.5,rest,arc,isotropic-two-axis,encoded,least-squares,fits.json,142,0.5,0.0,120.06849315068493,28.7,0.0,1,672,21256,0,not closed,all shapes
no-glass,apple-macos-27.0-2x-light-standard-glass0.5,rest,arc,one-sided-diagonal,encoded,least-squares,fits.json,62,2.0,0.0,120.06849315068493,52.1764705882353,0.0,1,672,21256,0,not closed,all shapes
no-glass,apple-macos-27.0-2x-light-standard-glass0.5,rest,arc,rotated-axis,encoded,least-squares,fits.json,126,8.0,3.097959422289935,120.06849315068493,34.048780487804876,0.0,1,672,21256,0,not closed,all shapes
no-glass,apple-macos-27.0-2x-light-standard-glass0.5,rest,arc,shipped-diagonal,encoded,minimax,fits.json,79,2.0,0.0,120.06849315068493,36.23529411764706,0.0,1,672,21256,0,not closed,all shapes
no-glass,apple-macos-27.0-2x-light-standard-glass0.5,rest,arc,signed-normal,encoded,least-squares,fits.json,94,2.0,0.0,120.06849315068493,38.1764705882353,0.0,1,672,21256,0,not closed,all shapes
no-glass,apple-macos-27.0-2x-light-standard-glass0.5,rest,arc,two-term-even,encoded,least-squares,fits.json,110,8.0,0.0,120.06849315068493,29.926829268292682,0.0,1,672,21256,0,not closed,all shapes
no-glass,apple-macos-27.0-2x-light-standard-glass0.5,rest,straight,body-forward-affine,encoded,least-squares,fits.json,270,2.0,0.0,38.0,5.0,0.0,1,48,7296,0,not closed,circular only
no-glass,apple-macos-27.0-2x-light-standard-glass0.5,rest,straight,body-forward-affine,linear,least-squares,fits.json,382,2.0,0.0,36.0,25.0,0.0,1,48,7296,0,not closed,circular only
no-glass,apple-macos-27.0-2x-light-standard-glass0.5,rest,straight,body-forward-even-affine,encoded,least-squares,fits.json,286,4.0,0.0,38.0,9.0,0.0,1,48,7296,0,not closed,circular only
no-glass,apple-macos-27.0-2x-light-standard-glass0.5,rest,straight,body-forward-even-affine,linear,least-squares,fits.json,398,4.0,0.0,36.0,25.0,0.0,1,48,7296,0,not closed,circular only
no-glass,apple-macos-27.0-2x-light-standard-glass0.5,rest,straight,colour-gradient,encoded,least-squares,fits.json,174,2.0,0.0,131.46153846153845,20.0,0.0,1,84,8232,0,not closed,all shapes
no-glass,apple-macos-27.0-2x-light-standard-glass0.5,rest,straight,constant,encoded,minimax,fits.json,15,2.0,0.0,131.46153846153845,15.0,0.0,1,84,8232,0,not closed,all shapes
no-glass,apple-macos-27.0-2x-light-standard-glass0.5,rest,straight,coverage-add,encoded,least-squares,fits.json,190,2.0,0.0,116.0,14.0,0.0,1,48,7296,0,not closed,circular only
no-glass,apple-macos-27.0-2x-light-standard-glass0.5,rest,straight,coverage-add,linear,minimax,fits.json,303,2.0,0.0,116.0,25.0,0.0,1,48,7296,0,not closed,circular only
no-glass,apple-macos-27.0-2x-light-standard-glass0.5,rest,straight,coverage-affine,encoded,least-squares,fits.json,238,2.0,0.0,116.0,12.0,0.0,1,48,7296,0,not closed,circular only
no-glass,apple-macos-27.0-2x-light-standard-glass0.5,rest,straight,coverage-affine,linear,least-squares,fits.json,350,2.0,0.0,116.0,20.0,0.0,1,48,7296,0,not closed,circular only
no-glass,apple-macos-27.0-2x-light-standard-glass0.5,rest,straight,coverage-even-affine,encoded,least-squares,fits.json,254,8.0,0.0,116.0,13.0,0.0,1,48,7296,0,not closed,circular only
no-glass,apple-macos-27.0-2x-light-standard-glass0.5,rest,straight,coverage-even-affine,linear,least-squares,fits.json,366,4.0,0.0,116.0,20.0,0.0,1,48,7296,0,not closed,circular only
no-glass,apple-macos-27.0-2x-light-standard-glass0.5,rest,straight,coverage-multiply,encoded,least-squares,fits.json,206,2.0,0.0,116.0,7.0,0.0,1,48,7296,0,not closed,circular only
no-glass,apple-macos-27.0-2x-light-standard-glass0.5,rest,straight,coverage-multiply,linear,least-squares,fits.json,318,2.0,0.0,116.0,7.223684210526316,0.0,1,48,7296,0,not closed,circular only
no-glass,apple-macos-27.0-2x-light-standard-glass0.5,rest,straight,coverage-screen,encoded,least-squares,fits.json,222,2.0,0.0,116.0,24.0,0.0,1,48,7296,0,not closed,circular only
no-glass,apple-macos-27.0-2x-light-standard-glass0.5,rest,straight,coverage-screen,linear,least-squares,fits.json,334,2.0,0.0,116.0,25.0,0.0,1,48,7296,0,not closed,circular only
no-glass,apple-macos-27.0-2x-light-standard-glass0.5,rest,straight,even,encoded,least-squares,fits.json,30,8.0,0.0,131.46153846153845,32.0,0.0,1,84,8232,0,not closed,all shapes
no-glass,apple-macos-27.0-2x-light-standard-glass0.5,rest,straight,gradient,encoded,least-squares,fits.json,158,2.0,0.0,131.46153846153845,20.0,0.0,1,84,8232,0,not closed,all shapes
no-glass,apple-macos-27.0-2x-light-standard-glass0.5,rest,straight,isotropic-even,encoded,least-squares,fits.json,46,8.0,0.0,131.46153846153845,20.0,0.0,1,84,8232,0,not closed,all shapes
no-glass,apple-macos-27.0-2x-light-standard-glass0.5,rest,straight,isotropic-two-axis,encoded,least-squares,fits.json,142,0.5,0.0,131.46153846153845,16.0,0.0,1,84,8232,0,not closed,all shapes
no-glass,apple-macos-27.0-2x-light-standard-glass0.5,rest,straight,one-sided-diagonal,encoded,least-squares,fits.json,62,2.0,0.0,131.46153846153845,32.0,0.0,1,84,8232,0,not closed,all shapes
no-glass,apple-macos-27.0-2x-light-standard-glass0.5,rest,straight,rotated-axis,encoded,least-squares,fits.json,126,8.0,3.097959422289935,131.46153846153845,20.0,0.0,1,84,8232,0,not closed,all shapes
no-glass,apple-macos-27.0-2x-light-standard-glass0.5,rest,straight,shipped-diagonal,encoded,minimax,fits.json,79,2.0,0.0,131.46153846153845,13.0,0.0,1,84,8232,0,not closed,all shapes
no-glass,apple-macos-27.0-2x-light-standard-glass0.5,rest,straight,signed-normal,encoded,least-squares,fits.json,94,2.0,0.0,131.46153846153845,18.0,0.0,1,84,8232,0,not closed,all shapes
no-glass,apple-macos-27.0-2x-light-standard-glass0.5,rest,straight,two-term-even,encoded,least-squares,fits.json,110,8.0,0.0,131.46153846153845,17.0,0.0,1,84,8232,0,not closed,all shapes
shipped-web,apple-macos-27.0-1x-dark-standard-glass0.5,inactive,arc,colour-gradient,encoded,minimax,w33-web-fits.json,161,2.0,0.0,115.0,38.44444444444444,0.0,1,672,10744,0,not closed,all shapes
shipped-web,apple-macos-27.0-1x-dark-standard-glass0.5,inactive,arc,constant,encoded,minimax,w33-web-fits.json,1,2.0,0.0,115.0,72.77777777777777,0.0,1,672,10744,0,not closed,all shapes
shipped-web,apple-macos-27.0-1x-dark-standard-glass0.5,inactive,arc,even,encoded,minimax,w33-web-fits.json,17,0.5,0.0,115.0,73.22222222222223,0.0,1,672,10744,0,not closed,all shapes
shipped-web,apple-macos-27.0-1x-dark-standard-glass0.5,inactive,arc,gradient,encoded,minimax,w33-web-fits.json,145,2.0,0.0,115.0,68.25,0.0,1,672,10744,0,not closed,all shapes
shipped-web,apple-macos-27.0-1x-dark-standard-glass0.5,inactive,arc,isotropic-even,encoded,minimax,w33-web-fits.json,33,0.5,0.0,115.0,72.77777777777777,0.0,1,672,10744,0,not closed,all shapes
shipped-web,apple-macos-27.0-1x-dark-standard-glass0.5,inactive,arc,isotropic-two-axis,encoded,minimax,w33-web-fits.json,129,2.0,0.0,115.0,73.33333333333333,0.0,1,672,10744,0,not closed,all shapes
shipped-web,apple-macos-27.0-1x-dark-standard-glass0.5,inactive,arc,one-sided-diagonal,encoded,least-squares,w33-web-fits.json,48,2.0,0.0,132.55555555555554,132.55555555555554,0.0,1,672,10744,0,not closed,all shapes
shipped-web,apple-macos-27.0-1x-dark-standard-glass0.5,inactive,arc,rotated-axis,encoded,least-squares,w33-web-fits.json,112,8.0,0.8726646259971648,115.0,96.83333333333333,0.0,1,672,10744,0,not closed,all shapes
shipped-web,apple-macos-27.0-1x-dark-standard-glass0.5,inactive,arc,shipped-diagonal,encoded,minimax,w33-web-fits.json,65,2.0,0.0,115.0,77.6842105263158,0.0,1,672,10744,0,not closed,all shapes
shipped-web,apple-macos-27.0-1x-dark-standard-glass0.5,inactive,arc,signed-normal,encoded,minimax,w33-web-fits.json,81,2.0,0.0,115.0,72.66666666666667,0.0,1,672,10744,0,not closed,all shapes
shipped-web,apple-macos-27.0-1x-dark-standard-glass0.5,inactive,arc,two-term-even,encoded,minimax,w33-web-fits.json,97,0.5,0.0,115.0,73.55555555555556,0.0,1,672,10744,0,not closed,all shapes
shipped-web,apple-macos-27.0-1x-dark-standard-glass0.5,inactive,straight,colour-gradient,encoded,least-squares,w33-web-fits.json,160,2.0,0.0,116.0,39.0,0.0,1,84,4152,0,not closed,all shapes
shipped-web,apple-macos-27.0-1x-dark-standard-glass0.5,inactive,straight,constant,encoded,minimax,w33-web-fits.json,1,2.0,0.0,116.0,61.0,0.0,1,84,4152,0,not closed,all shapes
shipped-web,apple-macos-27.0-1x-dark-standard-glass0.5,inactive,straight,even,encoded,least-squares,w33-web-fits.json,16,0.5,0.0,121.0,121.0,0.0,1,84,4152,0,not closed,all shapes
shipped-web,apple-macos-27.0-1x-dark-standard-glass0.5,inactive,straight,gradient,encoded,least-squares,w33-web-fits.json,144,2.0,0.0,116.0,87.0,0.0,1,84,4152,0,not closed,all shapes
shipped-web,apple-macos-27.0-1x-dark-standard-glass0.5,inactive,straight,isotropic-even,encoded,minimax,w33-web-fits.json,33,0.5,0.0,116.0,61.0,0.0,1,84,4152,0,not closed,all shapes
shipped-web,apple-macos-27.0-1x-dark-standard-glass0.5,inactive,straight,isotropic-two-axis,encoded,minimax,w33-web-fits.json,129,2.0,0.0,116.0,62.0,0.0,1,84,4152,0,not closed,all shapes
shipped-web,apple-macos-27.0-1x-dark-standard-glass0.5,inactive,straight,one-sided-diagonal,encoded,least-squares,w33-web-fits.json,48,2.0,0.0,121.0,121.0,0.0,1,84,4152,0,not closed,all shapes
shipped-web,apple-macos-27.0-1x-dark-standard-glass0.5,inactive,straight,rotated-axis,encoded,least-squares,w33-web-fits.json,112,8.0,0.8726646259971648,116.0,86.0,0.0,1,84,4152,0,not closed,all shapes
shipped-web,apple-macos-27.0-1x-dark-standard-glass0.5,inactive,straight,shipped-diagonal,encoded,minimax,w33-web-fits.json,65,2.0,0.0,116.0,61.0,0.0,1,84,4152,0,not closed,all shapes
shipped-web,apple-macos-27.0-1x-dark-standard-glass0.5,inactive,straight,signed-normal,encoded,minimax,w33-web-fits.json,81,2.0,0.0,116.0,61.0,0.0,1,84,4152,0,not closed,all shapes
shipped-web,apple-macos-27.0-1x-dark-standard-glass0.5,inactive,straight,two-term-even,encoded,least-squares,w33-web-fits.json,96,4.0,0.0,116.0,85.0,0.0,1,84,4152,0,not closed,all shapes
shipped-web,apple-macos-27.0-1x-dark-standard-glass0.5,rest,arc,colour-gradient,encoded,least-squares,w33-web-fits.json,162,2.0,0.0,125.14285714285714,67.83333333333333,0.0,1,672,10774,0,not closed,all shapes
shipped-web,apple-macos-27.0-1x-dark-standard-glass0.5,rest,arc,constant,encoded,minimax,w33-web-fits.json,3,2.0,0.0,125.14285714285714,115.88888888888889,0.0,1,672,10774,0,not closed,all shapes
shipped-web,apple-macos-27.0-1x-dark-standard-glass0.5,rest,arc,even,encoded,minimax,w33-web-fits.json,19,0.5,0.0,125.14285714285714,83.52631578947368,0.0,1,672,10774,0,not closed,all shapes
shipped-web,apple-macos-27.0-1x-dark-standard-glass0.5,rest,arc,gradient,encoded,least-squares,w33-web-fits.json,146,2.0,0.0,125.14285714285714,86.52941176470588,0.0,1,672,10774,0,not closed,all shapes
shipped-web,apple-macos-27.0-1x-dark-standard-glass0.5,rest,arc,isotropic-even,encoded,least-squares,w33-web-fits.json,34,4.0,0.0,125.14285714285714,80.88235294117646,0.0,1,672,10774,0,not closed,all shapes
shipped-web,apple-macos-27.0-1x-dark-standard-glass0.5,rest,arc,isotropic-two-axis,encoded,least-squares,w33-web-fits.json,130,0.5,0.0,125.14285714285714,78.6470588235294,0.0,1,672,10774,0,not closed,all shapes
shipped-web,apple-macos-27.0-1x-dark-standard-glass0.5,rest,arc,one-sided-diagonal,encoded,least-squares,w33-web-fits.json,50,2.0,0.0,130.1764705882353,130.1764705882353,0.0,1,672,10774,0,not closed,all shapes
shipped-web,apple-macos-27.0-1x-dark-standard-glass0.5,rest,arc,rotated-axis,encoded,least-squares,w33-web-fits.json,114,1.0,1.5707963267948966,125.14285714285714,79.52941176470588,0.0,1,672,10774,0,not closed,all shapes
shipped-web,apple-macos-27.0-1x-dark-standard-glass0.5,rest,arc,shipped-diagonal,encoded,minimax,w33-web-fits.json,67,2.0,0.0,125.14285714285714,118.31944444444444,0.0,1,672,10774,0,not closed,all shapes
shipped-web,apple-macos-27.0-1x-dark-standard-glass0.5,rest,arc,signed-normal,encoded,least-squares,w33-web-fits.json,82,2.0,0.0,125.14285714285714,120.58823529411765,0.0,1,672,10774,0,not closed,all shapes
shipped-web,apple-macos-27.0-1x-dark-standard-glass0.5,rest,arc,two-term-even,encoded,minimax,w33-web-fits.json,99,1.0,0.0,125.14285714285714,72.91666666666667,0.0,1,672,10774,0,not closed,all shapes
shipped-web,apple-macos-27.0-1x-dark-standard-glass0.5,rest,straight,colour-gradient,encoded,least-squares,w33-web-fits.json,162,2.0,0.0,127.96052631578948,85.0,0.0,1,84,4152,0,not closed,all shapes
shipped-web,apple-macos-27.0-1x-dark-standard-glass0.5,rest,straight,constant,encoded,least-squares,w33-web-fits.json,2,2.0,0.0,127.96052631578948,96.0,0.0,1,84,4152,0,not closed,all shapes
shipped-web,apple-macos-27.0-1x-dark-standard-glass0.5,rest,straight,even,encoded,least-squares,w33-web-fits.json,18,2.0,0.0,127.96052631578948,86.0,0.0,1,84,4152,0,not closed,all shapes
shipped-web,apple-macos-27.0-1x-dark-standard-glass0.5,rest,straight,gradient,encoded,minimax,w33-web-fits.json,147,2.0,0.0,127.96052631578948,73.0,0.0,1,84,4152,0,not closed,all shapes
shipped-web,apple-macos-27.0-1x-dark-standard-glass0.5,rest,straight,isotropic-even,encoded,least-squares,w33-web-fits.json,34,4.0,0.0,127.96052631578948,87.0,0.0,1,84,4152,0,not closed,all shapes
shipped-web,apple-macos-27.0-1x-dark-standard-glass0.5,rest,straight,isotropic-two-axis,encoded,least-squares,w33-web-fits.json,130,0.5,0.0,127.96052631578948,86.0,0.0,1,84,4152,0,not closed,all shapes
shipped-web,apple-macos-27.0-1x-dark-standard-glass0.5,rest,straight,one-sided-diagonal,encoded,minimax,w33-web-fits.json,51,2.0,0.0,127.96052631578948,86.0,0.0,1,84,4152,0,not closed,all shapes
shipped-web,apple-macos-27.0-1x-dark-standard-glass0.5,rest,straight,rotated-axis,encoded,minimax,w33-web-fits.json,115,0.5,1.6144295580947547,127.96052631578948,80.0,0.0,1,84,4152,0,not closed,all shapes
shipped-web,apple-macos-27.0-1x-dark-standard-glass0.5,rest,straight,shipped-diagonal,encoded,least-squares,w33-web-fits.json,66,2.0,0.0,127.96052631578948,95.0,0.0,1,84,4152,0,not closed,all shapes
shipped-web,apple-macos-27.0-1x-dark-standard-glass0.5,rest,straight,signed-normal,encoded,least-squares,w33-web-fits.json,82,2.0,0.0,127.96052631578948,96.0,0.0,1,84,4152,0,not closed,all shapes
shipped-web,apple-macos-27.0-1x-dark-standard-glass0.5,rest,straight,two-term-even,encoded,least-squares,w33-web-fits.json,98,4.0,0.0,127.96052631578948,87.0,0.0,1,84,4152,0,not closed,all shapes
shipped-web,apple-macos-27.0-1x-light-standard-glass0.5,inactive,arc,colour-gradient,encoded,least-squares,w33-web-fits.json,164,2.0,0.0,58.42857142857143,28.333333333333332,0.0,1,672,10744,0,not closed,all shapes
shipped-web,apple-macos-27.0-1x-light-standard-glass0.5,inactive,arc,constant,encoded,least-squares,w33-web-fits.json,4,2.0,0.0,58.42857142857143,25.805555555555557,0.0,1,672,10744,0,not closed,all shapes
shipped-web,apple-macos-27.0-1x-light-standard-glass0.5,inactive,arc,even,encoded,least-squares,w33-web-fits.json,20,0.5,0.0,58.42857142857143,29.083333333333332,0.0,1,672,10744,0,not closed,all shapes
shipped-web,apple-macos-27.0-1x-light-standard-glass0.5,inactive,arc,gradient,encoded,least-squares,w33-web-fits.json,148,2.0,0.0,58.42857142857143,25.805555555555557,0.0,1,672,10744,0,not closed,all shapes
shipped-web,apple-macos-27.0-1x-light-standard-glass0.5,inactive,arc,isotropic-even,encoded,least-squares,w33-web-fits.json,36,8.0,0.0,58.42857142857143,25.36111111111111,0.0,1,672,10744,0,not closed,all shapes
shipped-web,apple-macos-27.0-1x-light-standard-glass0.5,inactive,arc,isotropic-two-axis,encoded,least-squares,w33-web-fits.json,132,0.5,0.0,58.42857142857143,26.75,0.0,1,672,10744,0,not closed,all shapes
shipped-web,apple-macos-27.0-1x-light-standard-glass0.5,inactive,arc,one-sided-diagonal,encoded,least-squares,w33-web-fits.json,52,2.0,0.0,58.42857142857143,49.22222222222222,0.0,1,672,10744,0,not closed,all shapes
shipped-web,apple-macos-27.0-1x-light-standard-glass0.5,inactive,arc,rotated-axis,encoded,least-squares,w33-web-fits.json,116,8.0,0.916297857297023,58.42857142857143,25.944444444444443,0.0,1,672,10744,0,not closed,all shapes
shipped-web,apple-macos-27.0-1x-light-standard-glass0.5,inactive,arc,shipped-diagonal,encoded,minimax,w33-web-fits.json,69,2.0,0.0,58.42857142857143,28.0,0.0,1,672,10744,0,not closed,all shapes
shipped-web,apple-macos-27.0-1x-light-standard-glass0.5,inactive,arc,signed-normal,encoded,least-squares,w33-web-fits.json,84,2.0,0.0,58.42857142857143,25.805555555555557,0.0,1,672,10744,0,not closed,all shapes
shipped-web,apple-macos-27.0-1x-light-standard-glass0.5,inactive,arc,two-term-even,encoded,least-squares,w33-web-fits.json,100,4.0,0.0,58.42857142857143,26.52777777777778,0.0,1,672,10744,0,not closed,all shapes
shipped-web,apple-macos-27.0-1x-light-standard-glass0.5,inactive,straight,colour-gradient,encoded,least-squares,w33-web-fits.json,164,2.0,0.0,57.0,19.0,0.0,1,84,4152,0,not closed,all shapes
shipped-web,apple-macos-27.0-1x-light-standard-glass0.5,inactive,straight,constant,encoded,least-squares,w33-web-fits.json,4,2.0,0.0,57.0,17.0,0.0,1,84,4152,0,not closed,all shapes
shipped-web,apple-macos-27.0-1x-light-standard-glass0.5,inactive,straight,even,encoded,least-squares,w33-web-fits.json,20,0.5,0.0,57.0,43.0,0.0,1,84,4152,0,not closed,all shapes
shipped-web,apple-macos-27.0-1x-light-standard-glass0.5,inactive,straight,gradient,encoded,least-squares,w33-web-fits.json,148,2.0,0.0,57.0,18.0,0.0,1,84,4152,0,not closed,all shapes
shipped-web,apple-macos-27.0-1x-light-standard-glass0.5,inactive,straight,isotropic-even,encoded,least-squares,w33-web-fits.json,36,8.0,0.0,57.0,18.0,0.0,1,84,4152,0,not closed,all shapes
shipped-web,apple-macos-27.0-1x-light-standard-glass0.5,inactive,straight,isotropic-two-axis,encoded,least-squares,w33-web-fits.json,132,0.5,0.0,57.0,20.0,0.0,1,84,4152,0,not closed,all shapes
shipped-web,apple-macos-27.0-1x-light-standard-glass0.5,inactive,straight,one-sided-diagonal,encoded,least-squares,w33-web-fits.json,52,2.0,0.0,57.0,43.0,0.0,1,84,4152,0,not closed,all shapes
shipped-web,apple-macos-27.0-1x-light-standard-glass0.5,inactive,straight,rotated-axis,encoded,least-squares,w33-web-fits.json,116,8.0,0.916297857297023,57.0,18.0,0.0,1,84,4152,0,not closed,all shapes
shipped-web,apple-macos-27.0-1x-light-standard-glass0.5,inactive,straight,shipped-diagonal,encoded,least-squares,w33-web-fits.json,68,2.0,0.0,57.0,18.0,0.0,1,84,4152,0,not closed,all shapes
shipped-web,apple-macos-27.0-1x-light-standard-glass0.5,inactive,straight,signed-normal,encoded,least-squares,w33-web-fits.json,84,2.0,0.0,57.0,18.0,0.0,1,84,4152,0,not closed,all shapes
shipped-web,apple-macos-27.0-1x-light-standard-glass0.5,inactive,straight,two-term-even,encoded,least-squares,w33-web-fits.json,100,4.0,0.0,57.0,19.0,0.0,1,84,4152,0,not closed,all shapes
shipped-web,apple-macos-27.0-1x-light-standard-glass0.5,rest,arc,colour-gradient,encoded,least-squares,w33-web-fits.json,166,2.0,0.0,83.85714285714286,29.02777777777778,0.0,1,672,10738,0,not closed,all shapes
shipped-web,apple-macos-27.0-1x-light-standard-glass0.5,rest,arc,constant,encoded,least-squares,w33-web-fits.json,6,2.0,0.0,83.85714285714286,36.0,0.0,1,672,10738,0,not closed,all shapes
shipped-web,apple-macos-27.0-1x-light-standard-glass0.5,rest,arc,even,encoded,minimax,w33-web-fits.json,23,0.5,0.0,83.85714285714286,32.0,0.0,1,672,10738,0,not closed,all shapes
shipped-web,apple-macos-27.0-1x-light-standard-glass0.5,rest,arc,gradient,encoded,least-squares,w33-web-fits.json,150,2.0,0.0,83.85714285714286,32.69444444444444,0.0,1,672,10738,0,not closed,all shapes
shipped-web,apple-macos-27.0-1x-light-standard-glass0.5,rest,arc,isotropic-even,encoded,least-squares,w33-web-fits.json,38,8.0,0.0,83.85714285714286,33.138888888888886,0.0,1,672,10738,0,not closed,all shapes
shipped-web,apple-macos-27.0-1x-light-standard-glass0.5,rest,arc,isotropic-two-axis,encoded,minimax,w33-web-fits.json,135,0.5,0.0,83.85714285714286,32.142857142857146,0.0,1,672,10738,0,not closed,all shapes
shipped-web,apple-macos-27.0-1x-light-standard-glass0.5,rest,arc,one-sided-diagonal,encoded,least-squares,w33-web-fits.json,54,2.0,0.0,83.85714285714286,54.0,0.0,1,672,10738,0,not closed,all shapes
shipped-web,apple-macos-27.0-1x-light-standard-glass0.5,rest,arc,rotated-axis,encoded,least-squares,w33-web-fits.json,118,0.5,1.5707963267948966,83.85714285714286,33.138888888888886,0.0,1,672,10738,0,not closed,all shapes
shipped-web,apple-macos-27.0-1x-light-standard-glass0.5,rest,arc,shipped-diagonal,encoded,least-squares,w33-web-fits.json,70,2.0,0.0,83.85714285714286,37.0,0.0,1,672,10738,0,not closed,all shapes
shipped-web,apple-macos-27.0-1x-light-standard-glass0.5,rest,arc,signed-normal,encoded,least-squares,w33-web-fits.json,86,2.0,0.0,83.85714285714286,36.0,0.0,1,672,10738,0,not closed,all shapes
shipped-web,apple-macos-27.0-1x-light-standard-glass0.5,rest,arc,two-term-even,encoded,minimax,w33-web-fits.json,103,0.5,0.0,83.85714285714286,32.142857142857146,0.0,1,672,10738,0,not closed,all shapes
shipped-web,apple-macos-27.0-1x-light-standard-glass0.5,rest,straight,colour-gradient,encoded,least-squares,w33-web-fits.json,166,2.0,0.0,84.0,11.0,0.0,1,84,4152,0,not closed,all shapes
shipped-web,apple-macos-27.0-1x-light-standard-glass0.5,rest,straight,constant,encoded,least-squares,w33-web-fits.json,6,2.0,0.0,84.0,13.0,0.0,1,84,4152,0,not closed,all shapes
shipped-web,apple-macos-27.0-1x-light-standard-glass0.5,rest,straight,even,encoded,least-squares,w33-web-fits.json,22,1.0,0.0,84.0,24.0,0.0,1,84,4152,0,not closed,all shapes
shipped-web,apple-macos-27.0-1x-light-standard-glass0.5,rest,straight,gradient,encoded,least-squares,w33-web-fits.json,150,2.0,0.0,84.0,10.0,0.0,1,84,4152,0,not closed,all shapes
shipped-web,apple-macos-27.0-1x-light-standard-glass0.5,rest,straight,isotropic-even,encoded,least-squares,w33-web-fits.json,38,8.0,0.0,84.0,9.0,0.0,1,84,4152,0,not closed,all shapes
shipped-web,apple-macos-27.0-1x-light-standard-glass0.5,rest,straight,isotropic-two-axis,encoded,least-squares,w33-web-fits.json,134,0.5,0.0,84.0,11.0,0.0,1,84,4152,0,not closed,all shapes
shipped-web,apple-macos-27.0-1x-light-standard-glass0.5,rest,straight,one-sided-diagonal,encoded,least-squares,w33-web-fits.json,54,2.0,0.0,84.0,24.0,0.0,1,84,4152,0,not closed,all shapes
shipped-web,apple-macos-27.0-1x-light-standard-glass0.5,rest,straight,rotated-axis,encoded,least-squares,w33-web-fits.json,118,0.5,1.5707963267948966,84.0,10.0,0.0,1,84,4152,0,not closed,all shapes
shipped-web,apple-macos-27.0-1x-light-standard-glass0.5,rest,straight,shipped-diagonal,encoded,least-squares,w33-web-fits.json,70,2.0,0.0,84.0,12.0,0.0,1,84,4152,0,not closed,all shapes
shipped-web,apple-macos-27.0-1x-light-standard-glass0.5,rest,straight,signed-normal,encoded,least-squares,w33-web-fits.json,86,2.0,0.0,84.0,13.0,0.0,1,84,4152,0,not closed,all shapes
shipped-web,apple-macos-27.0-1x-light-standard-glass0.5,rest,straight,two-term-even,encoded,least-squares,w33-web-fits.json,102,4.0,0.0,84.0,10.0,0.0,1,84,4152,0,not closed,all shapes
shipped-web,apple-macos-27.0-2x-dark-standard-glass0.5,inactive,arc,colour-gradient,encoded,least-squares,w33-web-fits.json,168,2.0,0.0,115.0,52.64705882352941,0.0,1,672,21320,0,not closed,all shapes
shipped-web,apple-macos-27.0-2x-dark-standard-glass0.5,inactive,arc,constant,encoded,minimax,w33-web-fits.json,9,2.0,0.0,115.0,80.88235294117646,0.0,1,672,21320,0,not closed,all shapes
shipped-web,apple-macos-27.0-2x-dark-standard-glass0.5,inactive,arc,even,encoded,minimax,w33-web-fits.json,25,0.5,0.0,115.0,80.70588235294117,0.0,1,672,21320,0,not closed,all shapes
shipped-web,apple-macos-27.0-2x-dark-standard-glass0.5,inactive,arc,gradient,encoded,minimax,w33-web-fits.json,153,2.0,0.0,115.0,65.87671232876713,0.0,1,672,21320,0,not closed,all shapes
shipped-web,apple-macos-27.0-2x-dark-standard-glass0.5,inactive,arc,isotropic-even,encoded,minimax,w33-web-fits.json,41,1.0,0.0,115.0,80.6470588235294,0.0,1,672,21320,0,not closed,all shapes
shipped-web,apple-macos-27.0-2x-dark-standard-glass0.5,inactive,arc,isotropic-two-axis,encoded,minimax,w33-web-fits.json,137,2.0,0.0,115.0,80.88235294117646,0.0,1,672,21320,0,not closed,all shapes
shipped-web,apple-macos-27.0-2x-dark-standard-glass0.5,inactive,arc,one-sided-diagonal,encoded,least-squares,w33-web-fits.json,56,2.0,0.0,127.29411764705883,127.29411764705883,0.0,1,672,21320,0,not closed,all shapes
shipped-web,apple-macos-27.0-2x-dark-standard-glass0.5,inactive,arc,rotated-axis,encoded,minimax,w33-web-fits.json,121,0.5,1.6144295580947547,115.0,85.5,0.0,1,672,21320,0,not closed,all shapes
shipped-web,apple-macos-27.0-2x-dark-standard-glass0.5,inactive,arc,shipped-diagonal,encoded,minimax,w33-web-fits.json,73,2.0,0.0,115.0,81.41176470588235,0.0,1,672,21320,0,not closed,all shapes
shipped-web,apple-macos-27.0-2x-dark-standard-glass0.5,inactive,arc,signed-normal,encoded,minimax,w33-web-fits.json,89,2.0,0.0,115.0,80.88235294117646,0.0,1,672,21320,0,not closed,all shapes
shipped-web,apple-macos-27.0-2x-dark-standard-glass0.5,inactive,arc,two-term-even,encoded,minimax,w33-web-fits.json,105,0.5,0.0,115.0,80.82352941176471,0.0,1,672,21320,0,not closed,all shapes
shipped-web,apple-macos-27.0-2x-dark-standard-glass0.5,inactive,straight,colour-gradient,encoded,least-squares,w33-web-fits.json,168,2.0,0.0,115.0,41.0,0.0,1,84,8232,0,not closed,all shapes
shipped-web,apple-macos-27.0-2x-dark-standard-glass0.5,inactive,straight,constant,encoded,minimax,w33-web-fits.json,9,2.0,0.0,115.0,74.0,0.0,1,84,8232,0,not closed,all shapes
shipped-web,apple-macos-27.0-2x-dark-standard-glass0.5,inactive,straight,even,encoded,least-squares,w33-web-fits.json,24,0.5,0.0,121.0,121.0,0.0,1,84,8232,0,not closed,all shapes
shipped-web,apple-macos-27.0-2x-dark-standard-glass0.5,inactive,straight,gradient,encoded,least-squares,w33-web-fits.json,152,2.0,0.0,115.0,88.0,0.0,1,84,8232,0,not closed,all shapes
shipped-web,apple-macos-27.0-2x-dark-standard-glass0.5,inactive,straight,isotropic-even,encoded,least-squares,w33-web-fits.json,40,0.5,0.0,115.0,86.0,0.0,1,84,8232,0,not closed,all shapes
shipped-web,apple-macos-27.0-2x-dark-standard-glass0.5,inactive,straight,isotropic-two-axis,encoded,least-squares,w33-web-fits.json,136,0.5,0.0,115.0,85.0,0.0,1,84,8232,0,not closed,all shapes
shipped-web,apple-macos-27.0-2x-dark-standard-glass0.5,inactive,straight,one-sided-diagonal,encoded,least-squares,w33-web-fits.json,56,2.0,0.0,121.0,121.0,0.0,1,84,8232,0,not closed,all shapes
shipped-web,apple-macos-27.0-2x-dark-standard-glass0.5,inactive,straight,rotated-axis,encoded,least-squares,w33-web-fits.json,120,8.0,0.8726646259971648,115.0,87.0,0.0,1,84,8232,0,not closed,all shapes
shipped-web,apple-macos-27.0-2x-dark-standard-glass0.5,inactive,straight,shipped-diagonal,encoded,minimax,w33-web-fits.json,73,2.0,0.0,115.0,74.0,0.0,1,84,8232,0,not closed,all shapes
shipped-web,apple-macos-27.0-2x-dark-standard-glass0.5,inactive,straight,signed-normal,encoded,minimax,w33-web-fits.json,89,2.0,0.0,115.0,74.0,0.0,1,84,8232,0,not closed,all shapes
shipped-web,apple-macos-27.0-2x-dark-standard-glass0.5,inactive,straight,two-term-even,encoded,least-squares,w33-web-fits.json,104,4.0,0.0,115.0,86.0,0.0,1,84,8232,0,not closed,all shapes
shipped-web,apple-macos-27.0-2x-dark-standard-glass0.5,rest,arc,colour-gradient,encoded,least-squares,w33-web-fits.json,170,2.0,0.0,124.3125,64.76712328767124,0.0,1,672,21340,0,not closed,all shapes
shipped-web,apple-macos-27.0-2x-dark-standard-glass0.5,rest,arc,constant,encoded,minimax,w33-web-fits.json,11,2.0,0.0,124.3125,111.4041095890411,0.0,1,672,21340,0,not closed,all shapes
shipped-web,apple-macos-27.0-2x-dark-standard-glass0.5,rest,arc,even,encoded,minimax,w33-web-fits.json,27,1.0,0.0,124.3125,74.63888888888889,0.0,1,672,21340,0,not closed,all shapes
shipped-web,apple-macos-27.0-2x-dark-standard-glass0.5,rest,arc,gradient,encoded,least-squares,w33-web-fits.json,154,2.0,0.0,124.3125,82.22857142857143,0.0,1,672,21340,0,not closed,all shapes
shipped-web,apple-macos-27.0-2x-dark-standard-glass0.5,rest,arc,isotropic-even,encoded,least-squares,w33-web-fits.json,42,4.0,0.0,124.3125,77.28571428571429,0.0,1,672,21340,0,not closed,all shapes
shipped-web,apple-macos-27.0-2x-dark-standard-glass0.5,rest,arc,isotropic-two-axis,encoded,least-squares,w33-web-fits.json,138,0.5,0.0,124.3125,75.51428571428572,0.0,1,672,21340,0,not closed,all shapes
shipped-web,apple-macos-27.0-2x-dark-standard-glass0.5,rest,arc,one-sided-diagonal,encoded,least-squares,w33-web-fits.json,58,2.0,0.0,124.91428571428571,124.91428571428571,0.0,1,672,21340,0,not closed,all shapes
shipped-web,apple-macos-27.0-2x-dark-standard-glass0.5,rest,arc,rotated-axis,encoded,minimax,w33-web-fits.json,123,0.5,1.6144295580947547,124.3125,75.56164383561644,0.0,1,672,21340,0,not closed,all shapes
shipped-web,apple-macos-27.0-2x-dark-standard-glass0.5,rest,arc,shipped-diagonal,encoded,minimax,w33-web-fits.json,75,2.0,0.0,124.3125,113.63698630136986,0.0,1,672,21340,0,not closed,all shapes
shipped-web,apple-macos-27.0-2x-dark-standard-glass0.5,rest,arc,signed-normal,encoded,minimax,w33-web-fits.json,91,2.0,0.0,124.3125,112.31506849315069,0.0,1,672,21340,0,not closed,all shapes
shipped-web,apple-macos-27.0-2x-dark-standard-glass0.5,rest,arc,two-term-even,encoded,least-squares,w33-web-fits.json,106,2.0,0.0,124.3125,82.22857142857143,0.0,1,672,21340,0,not closed,all shapes
shipped-web,apple-macos-27.0-2x-dark-standard-glass0.5,rest,straight,colour-gradient,encoded,least-squares,w33-web-fits.json,170,2.0,0.0,130.32236842105263,83.0,0.0,1,84,8232,0,not closed,all shapes
shipped-web,apple-macos-27.0-2x-dark-standard-glass0.5,rest,straight,constant,encoded,least-squares,w33-web-fits.json,10,2.0,0.0,130.32236842105263,94.0,0.0,1,84,8232,0,not closed,all shapes
shipped-web,apple-macos-27.0-2x-dark-standard-glass0.5,rest,straight,even,encoded,least-squares,w33-web-fits.json,26,2.0,0.0,130.32236842105263,84.0,0.0,1,84,8232,0,not closed,all shapes
shipped-web,apple-macos-27.0-2x-dark-standard-glass0.5,rest,straight,gradient,encoded,least-squares,w33-web-fits.json,154,2.0,0.0,130.32236842105263,83.0,0.0,1,84,8232,0,not closed,all shapes
shipped-web,apple-macos-27.0-2x-dark-standard-glass0.5,rest,straight,isotropic-even,encoded,minimax,w33-web-fits.json,43,0.5,0.0,130.32236842105263,80.0,0.0,1,84,8232,0,not closed,all shapes
shipped-web,apple-macos-27.0-2x-dark-standard-glass0.5,rest,straight,isotropic-two-axis,encoded,minimax,w33-web-fits.json,139,0.5,0.0,130.32236842105263,66.0,0.0,1,84,8232,0,not closed,all shapes
shipped-web,apple-macos-27.0-2x-dark-standard-glass0.5,rest,straight,one-sided-diagonal,encoded,minimax,w33-web-fits.json,59,2.0,0.0,130.32236842105263,84.0,0.0,1,84,8232,0,not closed,all shapes
shipped-web,apple-macos-27.0-2x-dark-standard-glass0.5,rest,straight,rotated-axis,encoded,least-squares,w33-web-fits.json,122,1.0,1.5707963267948966,130.32236842105263,84.0,0.0,1,84,8232,0,not closed,all shapes
shipped-web,apple-macos-27.0-2x-dark-standard-glass0.5,rest,straight,shipped-diagonal,encoded,least-squares,w33-web-fits.json,74,2.0,0.0,130.32236842105263,93.0,0.0,1,84,8232,0,not closed,all shapes
shipped-web,apple-macos-27.0-2x-dark-standard-glass0.5,rest,straight,signed-normal,encoded,least-squares,w33-web-fits.json,90,2.0,0.0,130.32236842105263,94.0,0.0,1,84,8232,0,not closed,all shapes
shipped-web,apple-macos-27.0-2x-dark-standard-glass0.5,rest,straight,two-term-even,encoded,least-squares,w33-web-fits.json,106,2.0,0.0,130.32236842105263,83.0,0.0,1,84,8232,0,not closed,all shapes
shipped-web,apple-macos-27.0-2x-light-standard-glass0.5,inactive,arc,colour-gradient,encoded,least-squares,w33-web-fits.json,172,2.0,0.0,57.13333333333333,33.28767123287671,0.0,1,672,21280,0,not closed,all shapes
shipped-web,apple-macos-27.0-2x-light-standard-glass0.5,inactive,arc,constant,encoded,minimax,w33-web-fits.json,13,2.0,0.0,57.13333333333333,37.41095890410959,0.0,1,672,21280,0,not closed,all shapes
shipped-web,apple-macos-27.0-2x-light-standard-glass0.5,inactive,arc,even,encoded,minimax,w33-web-fits.json,29,0.5,0.0,57.13333333333333,37.23287671232877,0.0,1,672,21280,0,not closed,all shapes
shipped-web,apple-macos-27.0-2x-light-standard-glass0.5,inactive,arc,gradient,encoded,minimax,w33-web-fits.json,157,2.0,0.0,57.13333333333333,39.465753424657535,0.0,1,672,21280,0,not closed,all shapes
shipped-web,apple-macos-27.0-2x-light-standard-glass0.5,inactive,arc,isotropic-even,encoded,minimax,w33-web-fits.json,45,0.5,0.0,57.13333333333333,37.41095890410959,0.0,1,672,21280,0,not closed,all shapes
shipped-web,apple-macos-27.0-2x-light-standard-glass0.5,inactive,arc,isotropic-two-axis,encoded,minimax,w33-web-fits.json,141,0.5,0.0,57.13333333333333,40.06849315068493,0.0,1,672,21280,0,not closed,all shapes
shipped-web,apple-macos-27.0-2x-light-standard-glass0.5,inactive,arc,one-sided-diagonal,encoded,least-squares,w33-web-fits.json,60,2.0,0.0,57.13333333333333,48.11764705882353,0.0,1,672,21280,0,not closed,all shapes
shipped-web,apple-macos-27.0-2x-light-standard-glass0.5,inactive,arc,rotated-axis,encoded,least-squares,w33-web-fits.json,124,8.0,0.8726646259971648,57.13333333333333,42.45205479452055,0.0,1,672,21280,0,not closed,all shapes
shipped-web,apple-macos-27.0-2x-light-standard-glass0.5,inactive,arc,shipped-diagonal,encoded,least-squares,w33-web-fits.json,76,2.0,0.0,57.13333333333333,41.986301369863014,0.0,1,672,21280,0,not closed,all shapes
shipped-web,apple-macos-27.0-2x-light-standard-glass0.5,inactive,arc,signed-normal,encoded,minimax,w33-web-fits.json,93,2.0,0.0,57.13333333333333,37.41095890410959,0.0,1,672,21280,0,not closed,all shapes
shipped-web,apple-macos-27.0-2x-light-standard-glass0.5,inactive,arc,two-term-even,encoded,minimax,w33-web-fits.json,109,2.0,0.0,57.13333333333333,37.41095890410959,0.0,1,672,21280,0,not closed,all shapes
shipped-web,apple-macos-27.0-2x-light-standard-glass0.5,inactive,straight,colour-gradient,encoded,least-squares,w33-web-fits.json,172,2.0,0.0,57.0,18.0,0.0,1,84,8232,0,not closed,all shapes
shipped-web,apple-macos-27.0-2x-light-standard-glass0.5,inactive,straight,constant,encoded,least-squares,w33-web-fits.json,12,2.0,0.0,57.0,17.0,0.0,1,84,8232,0,not closed,all shapes
shipped-web,apple-macos-27.0-2x-light-standard-glass0.5,inactive,straight,even,encoded,least-squares,w33-web-fits.json,28,0.5,0.0,57.0,43.0,0.0,1,84,8232,0,not closed,all shapes
shipped-web,apple-macos-27.0-2x-light-standard-glass0.5,inactive,straight,gradient,encoded,least-squares,w33-web-fits.json,156,2.0,0.0,57.0,18.0,0.0,1,84,8232,0,not closed,all shapes
shipped-web,apple-macos-27.0-2x-light-standard-glass0.5,inactive,straight,isotropic-even,encoded,least-squares,w33-web-fits.json,44,0.5,0.0,57.0,19.0,0.0,1,84,8232,0,not closed,all shapes
shipped-web,apple-macos-27.0-2x-light-standard-glass0.5,inactive,straight,isotropic-two-axis,encoded,minimax,w33-web-fits.json,141,0.5,0.0,57.0,19.0,0.0,1,84,8232,0,not closed,all shapes
shipped-web,apple-macos-27.0-2x-light-standard-glass0.5,inactive,straight,one-sided-diagonal,encoded,least-squares,w33-web-fits.json,60,2.0,0.0,57.0,43.0,0.0,1,84,8232,0,not closed,all shapes
shipped-web,apple-macos-27.0-2x-light-standard-glass0.5,inactive,straight,rotated-axis,encoded,least-squares,w33-web-fits.json,124,8.0,0.8726646259971648,57.0,18.0,0.0,1,84,8232,0,not closed,all shapes
shipped-web,apple-macos-27.0-2x-light-standard-glass0.5,inactive,straight,shipped-diagonal,encoded,least-squares,w33-web-fits.json,76,2.0,0.0,57.0,18.0,0.0,1,84,8232,0,not closed,all shapes
shipped-web,apple-macos-27.0-2x-light-standard-glass0.5,inactive,straight,signed-normal,encoded,least-squares,w33-web-fits.json,92,2.0,0.0,57.0,18.0,0.0,1,84,8232,0,not closed,all shapes
shipped-web,apple-macos-27.0-2x-light-standard-glass0.5,inactive,straight,two-term-even,encoded,least-squares,w33-web-fits.json,108,4.0,0.0,57.0,19.0,0.0,1,84,8232,0,not closed,all shapes
shipped-web,apple-macos-27.0-2x-light-standard-glass0.5,rest,arc,colour-gradient,encoded,least-squares,w33-web-fits.json,174,2.0,0.0,84.0,54.74657534246575,0.0,1,672,21256,0,not closed,all shapes
shipped-web,apple-macos-27.0-2x-light-standard-glass0.5,rest,arc,constant,encoded,minimax,w33-web-fits.json,15,2.0,0.0,84.0,50.11764705882353,0.0,1,672,21256,0,not closed,all shapes
shipped-web,apple-macos-27.0-2x-light-standard-glass0.5,rest,arc,even,encoded,minimax,w33-web-fits.json,31,0.5,0.0,84.0,55.76190476190476,0.0,1,672,21256,0,not closed,all shapes
shipped-web,apple-macos-27.0-2x-light-standard-glass0.5,rest,arc,gradient,encoded,minimax,w33-web-fits.json,159,2.0,0.0,84.0,53.19047619047619,0.0,1,672,21256,0,not closed,all shapes
shipped-web,apple-macos-27.0-2x-light-standard-glass0.5,rest,arc,isotropic-even,encoded,minimax,w33-web-fits.json,47,0.5,0.0,84.0,50.11764705882353,0.0,1,672,21256,0,not closed,all shapes
shipped-web,apple-macos-27.0-2x-light-standard-glass0.5,rest,arc,isotropic-two-axis,encoded,minimax,w33-web-fits.json,143,0.5,0.0,84.0,52.57534246575342,0.0,1,672,21256,0,not closed,all shapes
shipped-web,apple-macos-27.0-2x-light-standard-glass0.5,rest,arc,one-sided-diagonal,encoded,least-squares,w33-web-fits.json,62,2.0,0.0,84.0,61.30555555555556,0.0,1,672,21256,0,not closed,all shapes
shipped-web,apple-macos-27.0-2x-light-standard-glass0.5,rest,arc,rotated-axis,encoded,minimax,w33-web-fits.json,127,8.0,0.5235987755982988,84.0,52.54109589041096,0.0,1,672,21256,0,not closed,all shapes
shipped-web,apple-macos-27.0-2x-light-standard-glass0.5,rest,arc,shipped-diagonal,encoded,minimax,w33-web-fits.json,79,2.0,0.0,84.0,56.1764705882353,0.0,1,672,21256,0,not closed,all shapes
shipped-web,apple-macos-27.0-2x-light-standard-glass0.5,rest,arc,signed-normal,encoded,minimax,w33-web-fits.json,95,2.0,0.0,84.0,50.11764705882353,0.0,1,672,21256,0,not closed,all shapes
shipped-web,apple-macos-27.0-2x-light-standard-glass0.5,rest,arc,two-term-even,encoded,minimax,w33-web-fits.json,111,2.0,0.0,84.0,50.11764705882353,0.0,1,672,21256,0,not closed,all shapes
shipped-web,apple-macos-27.0-2x-light-standard-glass0.5,rest,straight,colour-gradient,encoded,least-squares,w33-web-fits.json,174,2.0,0.0,84.0,11.0,0.0,1,84,8232,0,not closed,all shapes
shipped-web,apple-macos-27.0-2x-light-standard-glass0.5,rest,straight,constant,encoded,least-squares,w33-web-fits.json,14,2.0,0.0,84.0,13.0,0.0,1,84,8232,0,not closed,all shapes
shipped-web,apple-macos-27.0-2x-light-standard-glass0.5,rest,straight,even,encoded,least-squares,w33-web-fits.json,30,1.0,0.0,84.0,24.0,0.0,1,84,8232,0,not closed,all shapes
shipped-web,apple-macos-27.0-2x-light-standard-glass0.5,rest,straight,gradient,encoded,least-squares,w33-web-fits.json,158,2.0,0.0,84.0,10.0,0.0,1,84,8232,0,not closed,all shapes
shipped-web,apple-macos-27.0-2x-light-standard-glass0.5,rest,straight,isotropic-even,encoded,least-squares,w33-web-fits.json,46,8.0,0.0,84.0,9.0,0.0,1,84,8232,0,not closed,all shapes
shipped-web,apple-macos-27.0-2x-light-standard-glass0.5,rest,straight,isotropic-two-axis,encoded,least-squares,w33-web-fits.json,142,0.5,0.0,84.0,11.0,0.0,1,84,8232,0,not closed,all shapes
shipped-web,apple-macos-27.0-2x-light-standard-glass0.5,rest,straight,one-sided-diagonal,encoded,least-squares,w33-web-fits.json,62,2.0,0.0,84.0,24.0,0.0,1,84,8232,0,not closed,all shapes
shipped-web,apple-macos-27.0-2x-light-standard-glass0.5,rest,straight,rotated-axis,encoded,least-squares,w33-web-fits.json,126,0.5,1.5707963267948966,84.0,9.0,0.0,1,84,8232,0,not closed,all shapes
shipped-web,apple-macos-27.0-2x-light-standard-glass0.5,rest,straight,shipped-diagonal,encoded,least-squares,w33-web-fits.json,78,2.0,0.0,84.0,12.0,0.0,1,84,8232,0,not closed,all shapes
shipped-web,apple-macos-27.0-2x-light-standard-glass0.5,rest,straight,signed-normal,encoded,least-squares,w33-web-fits.json,94,2.0,0.0,84.0,13.0,0.0,1,84,8232,0,not closed,all shapes
shipped-web,apple-macos-27.0-2x-light-standard-glass0.5,rest,straight,two-term-even,encoded,least-squares,w33-web-fits.json,110,4.0,0.0,84.0,10.0,0.0,1,84,8232,0,not closed,all shapes
exact-body,apple-macos-27.0-1x-dark-standard-glass0.5,inactive,arc,body-forward-affine,encoded,least-squares,qualified-fits.json,400,2.0,0,17.25,17.25,0.0,1,384,3448,0,not closed,circular solid and affine gradient; structured boundary declined
exact-body,apple-macos-27.0-1x-dark-standard-glass0.5,inactive,arc,body-forward-affine,linear,least-squares,qualified-fits.json,432,2.0,0,37.75,37.75,0.0,1,384,3448,0,not closed,circular solid and affine gradient; structured boundary declined
exact-body,apple-macos-27.0-1x-dark-standard-glass0.5,inactive,arc,body-forward-even-affine,encoded,least-squares,qualified-fits.json,416,8.0,0,16.75,16.75,0.0,1,384,3448,0,not closed,circular solid and affine gradient; structured boundary declined
exact-body,apple-macos-27.0-1x-dark-standard-glass0.5,inactive,arc,body-forward-even-affine,linear,least-squares,qualified-fits.json,448,8.0,0,31.11111111111111,31.11111111111111,0.0,1,384,3448,0,not closed,circular solid and affine gradient; structured boundary declined
exact-body,apple-macos-27.0-1x-dark-standard-glass0.5,inactive,straight,body-forward-affine,encoded,least-squares,qualified-fits.json,400,2.0,0,14.0,14.0,0.0,1,48,3648,0,not closed,circular solid and affine gradient; structured boundary declined
exact-body,apple-macos-27.0-1x-dark-standard-glass0.5,inactive,straight,body-forward-affine,linear,least-squares,qualified-fits.json,432,2.0,0,35.0,35.0,0.0,1,48,3648,0,not closed,circular solid and affine gradient; structured boundary declined
exact-body,apple-macos-27.0-1x-dark-standard-glass0.5,inactive,straight,body-forward-even-affine,encoded,least-squares,qualified-fits.json,416,8.0,0,12.0,12.0,0.0,1,48,3648,0,not closed,circular solid and affine gradient; structured boundary declined
exact-body,apple-macos-27.0-1x-dark-standard-glass0.5,inactive,straight,body-forward-even-affine,linear,least-squares,qualified-fits.json,448,8.0,0,37.0,37.0,0.0,1,48,3648,0,not closed,circular solid and affine gradient; structured boundary declined
exact-body,apple-macos-27.0-1x-dark-standard-glass0.5,rest,arc,body-forward-affine,encoded,minimax,qualified-fits.json,403,2.0,0,46.25,46.25,0.0,1,384,3448,0,not closed,circular solid and affine gradient; structured boundary declined
exact-body,apple-macos-27.0-1x-dark-standard-glass0.5,rest,arc,body-forward-affine,linear,minimax,qualified-fits.json,435,2.0,0,35.75,35.75,0.0,1,384,3448,0,not closed,circular solid and affine gradient; structured boundary declined
exact-body,apple-macos-27.0-1x-dark-standard-glass0.5,rest,arc,body-forward-even-affine,encoded,least-squares,qualified-fits.json,418,2.0,0,27.0,13.285714285714286,0.0,1,384,3448,0,not closed,circular solid and affine gradient; structured boundary declined
exact-body,apple-macos-27.0-1x-dark-standard-glass0.5,rest,arc,body-forward-even-affine,linear,least-squares,qualified-fits.json,450,2.0,0,27.25,24.555555555555557,0.0,1,384,3448,0,not closed,circular solid and affine gradient; structured boundary declined
exact-body,apple-macos-27.0-1x-dark-standard-glass0.5,rest,straight,body-forward-affine,encoded,least-squares,qualified-fits.json,402,2.0,0,36.0,13.0,0.0,1,48,3648,0,not closed,circular solid and affine gradient; structured boundary declined
exact-body,apple-macos-27.0-1x-dark-standard-glass0.5,rest,straight,body-forward-affine,linear,least-squares,qualified-fits.json,434,2.0,0,36.0,11.0,0.0,1,48,3648,0,not closed,circular solid and affine gradient; structured boundary declined
exact-body,apple-macos-27.0-1x-dark-standard-glass0.5,rest,straight,body-forward-even-affine,encoded,least-squares,qualified-fits.json,418,2.0,0,36.0,3.0,0.0,1,48,3648,0,not closed,circular solid and affine gradient; structured boundary declined
exact-body,apple-macos-27.0-1x-dark-standard-glass0.5,rest,straight,body-forward-even-affine,linear,least-squares,qualified-fits.json,450,2.0,0,36.0,3.0,0.0,1,48,3648,0,not closed,circular solid and affine gradient; structured boundary declined
exact-body,apple-macos-27.0-1x-light-standard-glass0.5,inactive,arc,body-forward-affine,encoded,least-squares,qualified-fits.json,404,2.0,0,13.0,13.0,0.0,1,384,3448,0,not closed,circular solid and affine gradient; structured boundary declined
exact-body,apple-macos-27.0-1x-light-standard-glass0.5,inactive,arc,body-forward-affine,linear,least-squares,qualified-fits.json,436,2.0,0,25.75,25.75,0.0,1,384,3448,0,not closed,circular solid and affine gradient; structured boundary declined
exact-body,apple-macos-27.0-1x-light-standard-glass0.5,inactive,arc,body-forward-even-affine,encoded,least-squares,qualified-fits.json,420,8.0,0,9.5,9.25,0.0,1,384,3448,0,not closed,circular solid and affine gradient; structured boundary declined
exact-body,apple-macos-27.0-1x-light-standard-glass0.5,inactive,arc,body-forward-even-affine,linear,least-squares,qualified-fits.json,452,8.0,0,24.875,24.875,0.0,1,384,3448,0,not closed,circular solid and affine gradient; structured boundary declined
exact-body,apple-macos-27.0-1x-light-standard-glass0.5,inactive,straight,body-forward-affine,encoded,least-squares,qualified-fits.json,404,2.0,0,8.0,8.0,0.0,1,48,3648,0,not closed,circular solid and affine gradient; structured boundary declined
exact-body,apple-macos-27.0-1x-light-standard-glass0.5,inactive,straight,body-forward-affine,linear,least-squares,qualified-fits.json,436,2.0,0,21.0,21.0,0.0,1,48,3648,0,not closed,circular solid and affine gradient; structured boundary declined
exact-body,apple-macos-27.0-1x-light-standard-glass0.5,inactive,straight,body-forward-even-affine,encoded,least-squares,qualified-fits.json,420,8.0,0,8.0,8.0,0.0,1,48,3648,0,not closed,circular solid and affine gradient; structured boundary declined
exact-body,apple-macos-27.0-1x-light-standard-glass0.5,inactive,straight,body-forward-even-affine,linear,least-squares,qualified-fits.json,452,8.0,0,21.0,21.0,0.0,1,48,3648,0,not closed,circular solid and affine gradient; structured boundary declined
exact-body,apple-macos-27.0-1x-light-standard-glass0.5,rest,arc,body-forward-affine,encoded,least-squares,qualified-fits.json,406,2.0,0,31.333333333333332,31.333333333333332,0.0,1,384,3448,0,not closed,circular solid and affine gradient; structured boundary declined
exact-body,apple-macos-27.0-1x-light-standard-glass0.5,rest,arc,body-forward-affine,linear,least-squares,qualified-fits.json,438,2.0,0,33.77777777777778,33.77777777777778,0.0,1,384,3448,0,not closed,circular solid and affine gradient; structured boundary declined
exact-body,apple-macos-27.0-1x-light-standard-glass0.5,rest,arc,body-forward-even-affine,encoded,least-squares,qualified-fits.json,422,4.0,0,22.25,10.625,0.0,1,384,3448,0,not closed,circular solid and affine gradient; structured boundary declined
exact-body,apple-macos-27.0-1x-light-standard-glass0.5,rest,arc,body-forward-even-affine,linear,least-squares,qualified-fits.json,454,4.0,0,26.333333333333332,26.333333333333332,0.0,1,384,3448,0,not closed,circular solid and affine gradient; structured boundary declined
exact-body,apple-macos-27.0-1x-light-standard-glass0.5,rest,straight,body-forward-affine,encoded,least-squares,qualified-fits.json,406,2.0,0,31.0,5.0,0.0,1,48,3648,0,not closed,circular solid and affine gradient; structured boundary declined
exact-body,apple-macos-27.0-1x-light-standard-glass0.5,rest,straight,body-forward-affine,linear,least-squares,qualified-fits.json,438,2.0,0,29.0,25.0,0.0,1,48,3648,0,not closed,circular solid and affine gradient; structured boundary declined
exact-body,apple-macos-27.0-1x-light-standard-glass0.5,rest,straight,body-forward-even-affine,encoded,least-squares,qualified-fits.json,422,4.0,0,31.0,8.0,0.0,1,48,3648,0,not closed,circular solid and affine gradient; structured boundary declined
exact-body,apple-macos-27.0-1x-light-standard-glass0.5,rest,straight,body-forward-even-affine,linear,least-squares,qualified-fits.json,454,4.0,0,29.0,25.0,0.0,1,48,3648,0,not closed,circular solid and affine gradient; structured boundary declined
exact-body,apple-macos-27.0-2x-dark-standard-glass0.5,inactive,arc,body-forward-affine,encoded,least-squares,qualified-fits.json,408,2.0,0,14.222222222222221,14.222222222222221,0.0,1,384,6752,0,not closed,circular solid and affine gradient; structured boundary declined
exact-body,apple-macos-27.0-2x-dark-standard-glass0.5,inactive,arc,body-forward-affine,linear,least-squares,qualified-fits.json,440,2.0,0,34.55555555555556,34.55555555555556,0.0,1,384,6752,0,not closed,circular solid and affine gradient; structured boundary declined
exact-body,apple-macos-27.0-2x-dark-standard-glass0.5,inactive,arc,body-forward-even-affine,encoded,least-squares,qualified-fits.json,424,8.0,0,12.444444444444445,12.444444444444445,0.0,1,384,6752,0,not closed,circular solid and affine gradient; structured boundary declined
exact-body,apple-macos-27.0-2x-dark-standard-glass0.5,inactive,arc,body-forward-even-affine,linear,least-squares,qualified-fits.json,456,8.0,0,30.266666666666666,30.266666666666666,0.0,1,384,6752,0,not closed,circular solid and affine gradient; structured boundary declined
exact-body,apple-macos-27.0-2x-dark-standard-glass0.5,inactive,straight,body-forward-affine,encoded,least-squares,qualified-fits.json,408,2.0,0,14.0,14.0,0.0,1,48,7296,0,not closed,circular solid and affine gradient; structured boundary declined
exact-body,apple-macos-27.0-2x-dark-standard-glass0.5,inactive,straight,body-forward-affine,linear,least-squares,qualified-fits.json,440,2.0,0,35.0,35.0,0.0,1,48,7296,0,not closed,circular solid and affine gradient; structured boundary declined
exact-body,apple-macos-27.0-2x-dark-standard-glass0.5,inactive,straight,body-forward-even-affine,encoded,least-squares,qualified-fits.json,424,8.0,0,12.0,12.0,0.0,1,48,7296,0,not closed,circular solid and affine gradient; structured boundary declined
exact-body,apple-macos-27.0-2x-dark-standard-glass0.5,inactive,straight,body-forward-even-affine,linear,least-squares,qualified-fits.json,456,8.0,0,37.0,37.0,0.0,1,48,7296,0,not closed,circular solid and affine gradient; structured boundary declined
exact-body,apple-macos-27.0-2x-dark-standard-glass0.5,rest,arc,body-forward-affine,encoded,minimax,qualified-fits.json,411,2.0,0,44.44444444444444,44.44444444444444,0.0,1,384,6712,0,not closed,circular solid and affine gradient; structured boundary declined
exact-body,apple-macos-27.0-2x-dark-standard-glass0.5,rest,arc,body-forward-affine,linear,minimax,qualified-fits.json,443,2.0,0,36.875,34.44444444444444,0.0,1,384,6712,0,not closed,circular solid and affine gradient; structured boundary declined
exact-body,apple-macos-27.0-2x-dark-standard-glass0.5,rest,arc,body-forward-even-affine,encoded,least-squares,qualified-fits.json,426,2.0,0,31.0,11.789473684210526,0.0,1,384,6712,0,not closed,circular solid and affine gradient; structured boundary declined
exact-body,apple-macos-27.0-2x-dark-standard-glass0.5,rest,arc,body-forward-even-affine,linear,least-squares,qualified-fits.json,458,2.0,0,31.25,22.666666666666668,0.0,1,384,6712,0,not closed,circular solid and affine gradient; structured boundary declined
exact-body,apple-macos-27.0-2x-dark-standard-glass0.5,rest,straight,body-forward-affine,encoded,least-squares,qualified-fits.json,410,2.0,0,47.0,12.0,0.0,1,48,7296,0,not closed,circular solid and affine gradient; structured boundary declined
exact-body,apple-macos-27.0-2x-dark-standard-glass0.5,rest,straight,body-forward-affine,linear,least-squares,qualified-fits.json,442,2.0,0,47.0,11.0,0.0,1,48,7296,0,not closed,circular solid and affine gradient; structured boundary declined
exact-body,apple-macos-27.0-2x-dark-standard-glass0.5,rest,straight,body-forward-even-affine,encoded,least-squares,qualified-fits.json,426,2.0,0,47.0,4.0,0.0,1,48,7296,0,not closed,circular solid and affine gradient; structured boundary declined
exact-body,apple-macos-27.0-2x-dark-standard-glass0.5,rest,straight,body-forward-even-affine,linear,least-squares,qualified-fits.json,458,2.0,0,47.0,5.0,0.0,1,48,7296,0,not closed,circular solid and affine gradient; structured boundary declined
exact-body,apple-macos-27.0-2x-light-standard-glass0.5,inactive,arc,body-forward-affine,encoded,least-squares,qualified-fits.json,412,2.0,0,12.555555555555555,12.555555555555555,0.0,1,384,6712,0,not closed,circular solid and affine gradient; structured boundary declined
exact-body,apple-macos-27.0-2x-light-standard-glass0.5,inactive,arc,body-forward-affine,linear,least-squares,qualified-fits.json,444,2.0,0,23.2,23.2,0.0,1,384,6712,0,not closed,circular solid and affine gradient; structured boundary declined
exact-body,apple-macos-27.0-2x-light-standard-glass0.5,inactive,arc,body-forward-even-affine,encoded,least-squares,qualified-fits.json,428,8.0,0,10.0,8.764705882352942,0.0,1,384,6712,0,not closed,circular solid and affine gradient; structured boundary declined
exact-body,apple-macos-27.0-2x-light-standard-glass0.5,inactive,arc,body-forward-even-affine,linear,least-squares,qualified-fits.json,460,8.0,0,23.066666666666666,23.066666666666666,0.0,1,384,6712,0,not closed,circular solid and affine gradient; structured boundary declined
exact-body,apple-macos-27.0-2x-light-standard-glass0.5,inactive,straight,body-forward-affine,encoded,least-squares,qualified-fits.json,412,2.0,0,8.0,8.0,0.0,1,48,7296,0,not closed,circular solid and affine gradient; structured boundary declined
exact-body,apple-macos-27.0-2x-light-standard-glass0.5,inactive,straight,body-forward-affine,linear,least-squares,qualified-fits.json,444,2.0,0,21.0,21.0,0.0,1,48,7296,0,not closed,circular solid and affine gradient; structured boundary declined
exact-body,apple-macos-27.0-2x-light-standard-glass0.5,inactive,straight,body-forward-even-affine,encoded,least-squares,qualified-fits.json,428,8.0,0,9.0,9.0,0.0,1,48,7296,0,not closed,circular solid and affine gradient; structured boundary declined
exact-body,apple-macos-27.0-2x-light-standard-glass0.5,inactive,straight,body-forward-even-affine,linear,least-squares,qualified-fits.json,460,8.0,0,21.0,21.0,0.0,1,48,7296,0,not closed,circular solid and affine gradient; structured boundary declined
exact-body,apple-macos-27.0-2x-light-standard-glass0.5,rest,arc,body-forward-affine,encoded,least-squares,qualified-fits.json,414,2.0,0,29.333333333333332,29.333333333333332,0.0,1,384,6712,0,not closed,circular solid and affine gradient; structured boundary declined
exact-body,apple-macos-27.0-2x-light-standard-glass0.5,rest,arc,body-forward-affine,linear,least-squares,qualified-fits.json,446,2.0,0,32.22222222222222,32.22222222222222,0.0,1,384,6712,0,not closed,circular solid and affine gradient; structured boundary declined
exact-body,apple-macos-27.0-2x-light-standard-glass0.5,rest,arc,body-forward-even-affine,encoded,least-squares,qualified-fits.json,430,4.0,0,26.25,9.5,0.0,1,384,6712,0,not closed,circular solid and affine gradient; structured boundary declined
exact-body,apple-macos-27.0-2x-light-standard-glass0.5,rest,arc,body-forward-even-affine,linear,least-squares,qualified-fits.json,462,4.0,0,23.444444444444443,23.444444444444443,0.0,1,384,6712,0,not closed,circular solid and affine gradient; structured boundary declined
exact-body,apple-macos-27.0-2x-light-standard-glass0.5,rest,straight,body-forward-affine,encoded,least-squares,qualified-fits.json,414,2.0,0,38.0,5.0,0.0,1,48,7296,0,not closed,circular solid and affine gradient; structured boundary declined
exact-body,apple-macos-27.0-2x-light-standard-glass0.5,rest,straight,body-forward-affine,linear,minimax,qualified-fits.json,447,2.0,0,36.0,24.0,0.0,1,48,7296,0,not closed,circular solid and affine gradient; structured boundary declined
exact-body,apple-macos-27.0-2x-light-standard-glass0.5,rest,straight,body-forward-even-affine,encoded,least-squares,qualified-fits.json,430,4.0,0,38.0,9.0,0.0,1,48,7296,0,not closed,circular solid and affine gradient; structured boundary declined
exact-body,apple-macos-27.0-2x-light-standard-glass0.5,rest,straight,body-forward-even-affine,linear,least-squares,qualified-fits.json,462,4.0,0,36.0,25.0,0.0,1,48,7296,0,not closed,circular solid and affine gradient; structured boundary declined
physical-shared-alpha,apple-macos-27.0-1x-dark-standard-glass0.5,inactive,arc,body-forward-affine,encoded,least-squares,alpha-fits.json,0,2.0,0,17.75,17.75,0.0,1,384,3448,0,not closed,circular solid and affine gradient
physical-shared-alpha,apple-macos-27.0-1x-dark-standard-glass0.5,inactive,arc,body-forward-affine,linear,least-squares,alpha-fits.json,2,2.0,0,39.75,39.75,0.0,1,384,3448,0,not closed,circular solid and affine gradient
physical-shared-alpha,apple-macos-27.0-1x-dark-standard-glass0.5,inactive,straight,body-forward-affine,encoded,least-squares,alpha-fits.json,0,2.0,0,13.0,13.0,0.0,1,48,3648,0,not closed,circular solid and affine gradient
physical-shared-alpha,apple-macos-27.0-1x-dark-standard-glass0.5,inactive,straight,body-forward-affine,linear,least-squares,alpha-fits.json,2,2.0,0,38.0,38.0,0.0,1,48,3648,0,not closed,circular solid and affine gradient
physical-shared-alpha,apple-macos-27.0-1x-dark-standard-glass0.5,rest,arc,body-forward-affine,encoded,minimax,alpha-fits.json,5,2.0,0,46.25,46.25,0.0,1,384,3448,0,not closed,circular solid and affine gradient
physical-shared-alpha,apple-macos-27.0-1x-dark-standard-glass0.5,rest,arc,body-forward-affine,linear,minimax,alpha-fits.json,7,2.0,0,35.75,35.75,0.0,1,384,3448,0,not closed,circular solid and affine gradient
physical-shared-alpha,apple-macos-27.0-1x-dark-standard-glass0.5,rest,straight,body-forward-affine,encoded,least-squares,alpha-fits.json,4,2.0,0,36.0,13.0,0.0,1,48,3648,0,not closed,circular solid and affine gradient
physical-shared-alpha,apple-macos-27.0-1x-dark-standard-glass0.5,rest,straight,body-forward-affine,linear,least-squares,alpha-fits.json,6,2.0,0,36.0,11.0,0.0,1,48,3648,0,not closed,circular solid and affine gradient
physical-shared-alpha,apple-macos-27.0-1x-light-standard-glass0.5,inactive,arc,body-forward-affine,encoded,least-squares,alpha-fits.json,8,2.0,0,15.0,15.0,0.0,1,384,3448,0,not closed,circular solid and affine gradient
physical-shared-alpha,apple-macos-27.0-1x-light-standard-glass0.5,inactive,arc,body-forward-affine,linear,least-squares,alpha-fits.json,10,2.0,0,16.714285714285715,16.714285714285715,0.0,1,384,3448,0,not closed,circular solid and affine gradient
physical-shared-alpha,apple-macos-27.0-1x-light-standard-glass0.5,inactive,straight,body-forward-affine,encoded,least-squares,alpha-fits.json,8,2.0,0,12.0,12.0,0.0,1,48,3648,0,not closed,circular solid and affine gradient
physical-shared-alpha,apple-macos-27.0-1x-light-standard-glass0.5,inactive,straight,body-forward-affine,linear,least-squares,alpha-fits.json,10,2.0,0,17.0,17.0,0.0,1,48,3648,0,not closed,circular solid and affine gradient
physical-shared-alpha,apple-macos-27.0-1x-light-standard-glass0.5,rest,arc,body-forward-affine,encoded,minimax,alpha-fits.json,13,2.0,0,32.333333333333336,32.333333333333336,0.0,1,384,3448,0,not closed,circular solid and affine gradient
physical-shared-alpha,apple-macos-27.0-1x-light-standard-glass0.5,rest,arc,body-forward-affine,linear,least-squares,alpha-fits.json,14,2.0,0,35.0,35.0,0.0,1,384,3448,0,not closed,circular solid and affine gradient
physical-shared-alpha,apple-macos-27.0-1x-light-standard-glass0.5,rest,straight,body-forward-affine,encoded,least-squares,alpha-fits.json,12,2.0,0,31.0,9.0,0.0,1,48,3648,0,not closed,circular solid and affine gradient
physical-shared-alpha,apple-macos-27.0-1x-light-standard-glass0.5,rest,straight,body-forward-affine,linear,least-squares,alpha-fits.json,14,2.0,0,29.0,14.0,0.0,1,48,3648,0,not closed,circular solid and affine gradient
physical-shared-alpha,apple-macos-27.0-2x-dark-standard-glass0.5,inactive,arc,body-forward-affine,encoded,least-squares,alpha-fits.json,16,2.0,0,15.11111111111111,15.11111111111111,0.0,1,384,6752,0,not closed,circular solid and affine gradient
physical-shared-alpha,apple-macos-27.0-2x-dark-standard-glass0.5,inactive,arc,body-forward-affine,linear,least-squares,alpha-fits.json,18,2.0,0,36.666666666666664,36.666666666666664,0.0,1,384,6752,0,not closed,circular solid and affine gradient
physical-shared-alpha,apple-macos-27.0-2x-dark-standard-glass0.5,inactive,straight,body-forward-affine,encoded,least-squares,alpha-fits.json,16,2.0,0,13.0,13.0,0.0,1,48,7296,0,not closed,circular solid and affine gradient
physical-shared-alpha,apple-macos-27.0-2x-dark-standard-glass0.5,inactive,straight,body-forward-affine,linear,least-squares,alpha-fits.json,18,2.0,0,38.0,38.0,0.0,1,48,7296,0,not closed,circular solid and affine gradient
physical-shared-alpha,apple-macos-27.0-2x-dark-standard-glass0.5,rest,arc,body-forward-affine,encoded,minimax,alpha-fits.json,21,2.0,0,44.44444444444444,44.44444444444444,0.0,1,384,6712,0,not closed,circular solid and affine gradient
physical-shared-alpha,apple-macos-27.0-2x-dark-standard-glass0.5,rest,arc,body-forward-affine,linear,minimax,alpha-fits.json,23,2.0,0,36.875,34.44444444444444,0.0,1,384,6712,0,not closed,circular solid and affine gradient
physical-shared-alpha,apple-macos-27.0-2x-dark-standard-glass0.5,rest,straight,body-forward-affine,encoded,least-squares,alpha-fits.json,20,2.0,0,47.0,12.0,0.0,1,48,7296,0,not closed,circular solid and affine gradient
physical-shared-alpha,apple-macos-27.0-2x-dark-standard-glass0.5,rest,straight,body-forward-affine,linear,least-squares,alpha-fits.json,22,2.0,0,47.0,11.0,0.0,1,48,7296,0,not closed,circular solid and affine gradient
physical-shared-alpha,apple-macos-27.0-2x-light-standard-glass0.5,inactive,arc,body-forward-affine,encoded,least-squares,alpha-fits.json,24,2.0,0,14.5,14.5,0.0,1,384,6712,0,not closed,circular solid and affine gradient
physical-shared-alpha,apple-macos-27.0-2x-light-standard-glass0.5,inactive,arc,body-forward-affine,linear,least-squares,alpha-fits.json,26,2.0,0,17.5,17.5,0.0,1,384,6712,0,not closed,circular solid and affine gradient
physical-shared-alpha,apple-macos-27.0-2x-light-standard-glass0.5,inactive,straight,body-forward-affine,encoded,least-squares,alpha-fits.json,24,2.0,0,12.0,12.0,0.0,1,48,7296,0,not closed,circular solid and affine gradient
physical-shared-alpha,apple-macos-27.0-2x-light-standard-glass0.5,inactive,straight,body-forward-affine,linear,least-squares,alpha-fits.json,26,2.0,0,17.0,17.0,0.0,1,48,7296,0,not closed,circular solid and affine gradient
physical-shared-alpha,apple-macos-27.0-2x-light-standard-glass0.5,rest,arc,body-forward-affine,encoded,least-squares,alpha-fits.json,28,2.0,0,30.61111111111111,30.61111111111111,0.0,1,384,6712,0,not closed,circular solid and affine gradient
physical-shared-alpha,apple-macos-27.0-2x-light-standard-glass0.5,rest,arc,body-forward-affine,linear,least-squares,alpha-fits.json,30,2.0,0,34.111111111111114,34.111111111111114,0.0,1,384,6712,0,not closed,circular solid and affine gradient
physical-shared-alpha,apple-macos-27.0-2x-light-standard-glass0.5,rest,straight,body-forward-affine,encoded,least-squares,alpha-fits.json,28,2.0,0,38.0,9.0,0.0,1,48,7296,0,not closed,circular solid and affine gradient
physical-shared-alpha,apple-macos-27.0-2x-light-standard-glass0.5,rest,straight,body-forward-affine,linear,least-squares,alpha-fits.json,30,2.0,0,36.0,14.0,0.0,1,48,7296,0,not closed,circular solid and affine gradient
