tier,profile,scene,expectedEncoded,actualEncoded,deltaCodes,gated,withinCode
webgpu,apple-macos-26.5-1x-dark-standard,checkerboard-32__capsule-button__rest,0.4999999999999999,0.4999999403953552,-0.000015199184389413922,true,true
webgpu,apple-macos-26.5-1x-dark-standard,checkerboard-32__capsule-button__rest-tint-orange,0.4999999999999999,0.4999999403953552,-0.000015199184389413922,true,true
webgpu,apple-macos-26.5-1x-dark-standard,checkerboard-32__rrect-lg__inactive,0.49999999999999994,0.5,1.4155343563970746e-14,true,true
webgpu,apple-macos-26.5-1x-dark-standard,checkerboard-32__rrect-lg__rest,0.49999999999999994,0.5,1.4155343563970746e-14,true,true
webgpu,apple-macos-26.5-1x-dark-standard,checkerboard-32__rrect-md__rest,0.4999999999999999,0.4999999701976776,-0.0000075995921805516176,true,true
webgpu,apple-macos-26.5-1x-dark-standard,checkerboard-32__rrect-ml__rest,0.4999999999999999,0.4999999403953552,-0.000015199184389413922,true,true
webgpu,apple-macos-26.5-1x-dark-standard,checkerboard-32__rrect-sm__rest,0.4999999999999999,0.4999999701976776,-0.0000075995921805516176,true,true
webgpu,apple-macos-26.5-1x-dark-standard,checkerboard-4__capsule-button__rest,0.49999999999999983,0.4999999403953552,-0.000015199184375258579,true,true
webgpu,apple-macos-26.5-1x-dark-standard,checkerboard-4__capsule-button__rest-tint-orange,0.49999999999999983,0.4999999403953552,-0.000015199184375258579,true,true
webgpu,apple-macos-26.5-1x-dark-standard,checkerboard-4__rrect-lg__rest,0.49999999999999983,0.4999999403953552,-0.000015199184375258579,true,true
webgpu,apple-macos-26.5-1x-dark-standard,checkerboard-4__rrect-ml__rest,0.4999999999999999,0.4999999701976776,-0.0000075995921805516176,true,true
webgpu,apple-macos-26.5-1x-dark-standard,checkerboard-4__rrect-sm__rest,0.4999999999999999,0.4999999701976776,-0.0000075995921805516176,true,true
webgpu,apple-macos-26.5-1x-dark-standard,checkerboard-64__capsule-button__rest,0.5779967159277504,0.5779966711997986,-0.000011405627705629584,true,true
webgpu,apple-macos-26.5-1x-dark-standard,checkerboard-64__capsule-button__rest-tint-orange,0.5779967159277504,0.5779966711997986,-0.000011405627705629584,true,true
webgpu,apple-macos-26.5-1x-dark-standard,checkerboard-64__rrect-lg__inactive,0.502464853021727,0.502464771270752,-0.00002084649865063959,true,true
webgpu,apple-macos-26.5-1x-dark-standard,checkerboard-64__rrect-lg__rest,0.502464853021727,0.502464771270752,-0.00002084649865063959,true,true
webgpu,apple-macos-26.5-1x-dark-standard,checkerboard-64__rrect-md__inactive,0.45527156549520753,0.45527151226997375,-0.00001357243461286295,true,true
webgpu,apple-macos-26.5-1x-dark-standard,checkerboard-64__rrect-md__rest,0.45527156549520753,0.45527151226997375,-0.00001357243461286295,true,true
webgpu,apple-macos-26.5-1x-dark-standard,checkerboard-64__rrect-ml__rest,0.5099828864803193,0.5099828839302063,-6.502788174600482e-7,true,true
webgpu,apple-macos-26.5-1x-dark-standard,checkerboard-64__rrect-sm__rest,0.9999999999999999,1,2.8310687127941492e-14,true,true
webgpu,apple-macos-26.5-1x-dark-standard,checkerboard-8__capsule-button__rest,0.4999999999999999,0.49999991059303284,-0.000022798776598276227,true,true
webgpu,apple-macos-26.5-1x-dark-standard,checkerboard-8__capsule-button__rest-tint-orange,0.4999999999999999,0.49999991059303284,-0.000022798776598276227,true,true
webgpu,apple-macos-26.5-1x-dark-standard,checkerboard-8__rrect-lg__inactive,0.49999999999999994,0.5,1.4155343563970746e-14,true,true
webgpu,apple-macos-26.5-1x-dark-standard,checkerboard-8__rrect-lg__rest,0.49999999999999994,0.5,1.4155343563970746e-14,true,true
webgpu,apple-macos-26.5-1x-dark-standard,checkerboard-8__rrect-md__inactive,0.49999999999999994,0.4999999701976776,-0.000007599592194706961,true,true
webgpu,apple-macos-26.5-1x-dark-standard,checkerboard-8__rrect-md__rest,0.49999999999999994,0.4999999701976776,-0.000007599592194706961,true,true
webgpu,apple-macos-26.5-1x-dark-standard,checkerboard-8__rrect-ml__rest,0.49999999999999994,0.5,1.4155343563970746e-14,true,true
webgpu,apple-macos-26.5-1x-dark-standard,checkerboard-8__rrect-sm__rest,0.4999999999999999,0.4999999701976776,-0.0000075995921805516176,true,true
webgpu,apple-macos-26.5-1x-dark-standard,checkerboard-lc16__rrect-lg__rest,0.7000000000000001,0.6998937726020813,-0.027087986469285785,true,true
webgpu,apple-macos-26.5-1x-dark-standard,checkerboard-lc16__rrect-ml__rest,0.7000000000000001,0.6998936533927917,-0.027118384838121234,true,true
webgpu,apple-macos-26.5-1x-dark-standard,checkerboard-lc16__rrect-sm__rest,0.7,0.699893593788147,-0.02713358402251065,true,true
webgpu,apple-macos-26.5-1x-dark-standard,checkerboard__capsule-button__inactive,0.4999999999999999,0.49999991059303284,-0.000022798776598276227,true,true
webgpu,apple-macos-26.5-1x-dark-standard,checkerboard__capsule-button__inactive-tint-orange,0.4999999999999999,0.49999991059303284,-0.000022798776598276227,true,true
webgpu,apple-macos-26.5-1x-dark-standard,checkerboard__capsule-button__rest,0.4999999999999999,0.49999991059303284,-0.000022798776598276227,true,true
webgpu,apple-macos-26.5-1x-dark-standard,checkerboard__capsule-button__rest-tint-orange,0.4999999999999999,0.49999991059303284,-0.000022798776598276227,true,true
webgpu,apple-macos-26.5-1x-dark-standard,checkerboard__glass-over-glass__inactive,0.49999999999999994,0.5,1.4155343563970746e-14,true,true
webgpu,apple-macos-26.5-1x-dark-standard,checkerboard__glass-over-glass__rest,0.49999999999999994,0.5,1.4155343563970746e-14,true,true
webgpu,apple-macos-26.5-1x-dark-standard,checkerboard__rrect-md__inactive,0.4999999999999999,0.4999999701976776,-0.0000075995921805516176,true,true
webgpu,apple-macos-26.5-1x-dark-standard,checkerboard__rrect-md__rest,0.4999999999999999,0.4999999701976776,-0.0000075995921805516176,true,true
webgpu,apple-macos-26.5-1x-dark-standard,hc-text-28__rrect-lg__rest,0.7081887894832936,0.7081887722015381,-0.000004406847645133105,true,true
webgpu,apple-macos-26.5-1x-dark-standard,hc-text-28__rrect-sm__rest,0.6159999999999999,0.6159999966621399,-8.511542970435215e-7,true,true
webgpu,apple-macos-26.5-1x-dark-standard,hc-text-7__rrect-lg__rest,0.6817829103523825,0.6817829012870789,-0.000002311652422815058,true,true
webgpu,apple-macos-26.5-1x-dark-standard,hc-text-7__rrect-sm__rest,0.6229999999999999,0.622999906539917,-0.00002383232113822853,true,true
webgpu,apple-macos-26.5-1x-dark-standard,impulse__capsule-button__inactive,0.0032840722495894904,0.0032840780913829803,0.0000014896573399293678,true,true
webgpu,apple-macos-26.5-1x-dark-standard,impulse__capsule-button__rest,0.0032840722495894904,0.0032840780913829803,0.0000014896573399293678,true,true
webgpu,apple-macos-26.5-1x-dark-standard,impulse__rrect-lg__inactive,0.0054774511593938275,0.005477449856698513,-3.3218730518917716e-7,true,true
webgpu,apple-macos-26.5-1x-dark-standard,impulse__rrect-lg__rest,0.0054774511593938275,0.005477449856698513,-3.3218730518917716e-7,true,true
webgpu,apple-macos-26.5-1x-dark-standard,impulse__rrect-ml__inactive,0.003422703936109526,0.003422702429816127,-3.8410481675507646e-7,true,true
webgpu,apple-macos-26.5-1x-dark-standard,impulse__rrect-ml__rest,0.003422703936109526,0.003422702429816127,-3.8410481675507646e-7,true,true
webgpu,apple-macos-26.5-1x-dark-standard,impulse__rrect-sm__rest,0.007999999999999998,0.00800001434981823,0.000003659203648967088,true,true
webgpu,apple-macos-26.5-1x-dark-standard,photo__capsule-button__inactive,0.46274873418332846,0.4626762568950653,-0.018481708507103456,true,true
webgpu,apple-macos-26.5-1x-dark-standard,photo__capsule-button__inactive-pressed,0.46274873418332846,0.46103593707084656,-0.4367632636828847,false,true
webgpu,apple-macos-26.5-1x-dark-standard,photo__capsule-button__inactive-tint-orange,0.46274873418332846,0.4626762568950653,-0.018481708507103456,true,true
webgpu,apple-macos-26.5-1x-dark-standard,photo__capsule-button__pressed,0.46274873418332846,0.46103593707084656,-0.4367632636828847,false,true
webgpu,apple-macos-26.5-1x-dark-standard,photo__capsule-button__rest,0.46274873418332846,0.4626762568950653,-0.018481708507103456,true,true
webgpu,apple-macos-26.5-1x-dark-standard,photo__capsule-button__rest-tint-orange,0.46274873418332846,0.4626762568950653,-0.018481708507103456,true,true
webgpu,apple-macos-26.5-1x-dark-standard,photo__rrect-lg__inactive,0.44151759493353665,0.4414477050304413,-0.017821925289318308,true,true
webgpu,apple-macos-26.5-1x-dark-standard,photo__rrect-lg__rest,0.44151759493353665,0.4414477050304413,-0.017821925289318308,true,true
webgpu,apple-macos-26.5-1x-dark-standard,photo__rrect-md__inactive,0.44739552256259263,0.4473254680633545,-0.017863897305724907,true,true
webgpu,apple-macos-26.5-1x-dark-standard,photo__rrect-md__rest,0.44739552256259263,0.4473254680633545,-0.017863897305724907,true,true
webgpu,apple-macos-26.5-1x-dark-standard,photo__rrect-ml__inactive,0.44394231566614095,0.4438726305961609,-0.01776969284491614,true,true
webgpu,apple-macos-26.5-1x-light-increased-contrast,checkerboard__capsule-button__inactive,0.4999999999999999,0.49999991059303284,-0.000022798776598276227,true,true
webgpu,apple-macos-26.5-1x-light-increased-contrast,checkerboard__capsule-button__inactive-tint-orange,0.4999999999999999,0.49999991059303284,-0.000022798776598276227,true,true
webgpu,apple-macos-26.5-1x-light-increased-contrast,checkerboard__capsule-button__rest,0.4999999999999999,0.49999991059303284,-0.000022798776598276227,true,true
webgpu,apple-macos-26.5-1x-light-increased-contrast,checkerboard__capsule-button__rest-tint-orange,0.4999999999999999,0.49999991059303284,-0.000022798776598276227,true,true
webgpu,apple-macos-26.5-1x-light-increased-contrast,checkerboard__rrect-md__inactive,0.4999999999999999,0.4999999701976776,-0.0000075995921805516176,true,true
webgpu,apple-macos-26.5-1x-light-increased-contrast,checkerboard__rrect-md__rest,0.4999999999999999,0.4999999701976776,-0.0000075995921805516176,true,true
webgpu,apple-macos-26.5-1x-light-increased-contrast,hc-text__capsule-button__inactive,0.6026272577996714,0.6026270389556885,-0.000055805215648518924,true,true
webgpu,apple-macos-26.5-1x-light-increased-contrast,hc-text__capsule-button__rest,0.6026272577996714,0.6026270389556885,-0.000055805215648518924,true,true
webgpu,apple-macos-26.5-1x-light-increased-contrast,photo__capsule-button__inactive,0.46274873418332846,0.4626762568950653,-0.018481708507103456,true,true
webgpu,apple-macos-26.5-1x-light-increased-contrast,photo__capsule-button__inactive-pressed,0.46274873418332846,0.46103593707084656,-0.4367632636828847,false,true
webgpu,apple-macos-26.5-1x-light-increased-contrast,photo__capsule-button__inactive-tint-orange,0.46274873418332846,0.4626762568950653,-0.018481708507103456,true,true
webgpu,apple-macos-26.5-1x-light-increased-contrast,photo__capsule-button__pressed,0.46274873418332846,0.46103593707084656,-0.4367632636828847,false,true
webgpu,apple-macos-26.5-1x-light-increased-contrast,photo__capsule-button__rest,0.46274873418332846,0.4626762568950653,-0.018481708507103456,true,true
webgpu,apple-macos-26.5-1x-light-increased-contrast,photo__capsule-button__rest-tint-orange,0.46274873418332846,0.4626762568950653,-0.018481708507103456,true,true
webgpu,apple-macos-26.5-1x-light-increased-contrast,photo__rrect-lg__inactive,0.44151759493353665,0.4414477050304413,-0.017821925289318308,true,true
webgpu,apple-macos-26.5-1x-light-increased-contrast,photo__rrect-lg__rest,0.44151759493353665,0.4414477050304413,-0.017821925289318308,true,true
webgpu,apple-macos-26.5-1x-light-increased-contrast,photo__rrect-md__inactive,0.44739552256259263,0.4473254680633545,-0.017863897305724907,true,true
webgpu,apple-macos-26.5-1x-light-increased-contrast,photo__rrect-md__rest,0.44739552256259263,0.4473254680633545,-0.017863897305724907,true,true
webgpu,apple-macos-26.5-1x-light-increased-contrast,photo__toolbar-group__inactive,0.4906975334496801,0.4906199475129445,-0.019784413867570128,true,true
webgpu,apple-macos-26.5-1x-light-increased-contrast,photo__toolbar-group__rest,0.4906975334496801,0.4906199475129445,-0.019784413867570128,true,true
webgpu,apple-macos-26.5-1x-light-reduced-transparency,checkerboard__capsule-button__inactive,0.4999999999999999,0.49999991059303284,-0.000022798776598276227,true,true
webgpu,apple-macos-26.5-1x-light-reduced-transparency,checkerboard__capsule-button__rest,0.4999999999999999,0.49999991059303284,-0.000022798776598276227,true,true
webgpu,apple-macos-26.5-1x-light-reduced-transparency,checkerboard__rrect-md__inactive,0.4999999999999999,0.4999999701976776,-0.0000075995921805516176,true,true
webgpu,apple-macos-26.5-1x-light-reduced-transparency,checkerboard__rrect-md__rest,0.4999999999999999,0.4999999701976776,-0.0000075995921805516176,true,true
webgpu,apple-macos-26.5-1x-light-reduced-transparency,hc-text__capsule-button__inactive,0.6026272577996714,0.6026270389556885,-0.000055805215648518924,true,true
webgpu,apple-macos-26.5-1x-light-reduced-transparency,hc-text__capsule-button__rest,0.6026272577996714,0.6026270389556885,-0.000055805215648518924,true,true
webgpu,apple-macos-26.5-1x-light-reduced-transparency,photo__capsule-button__inactive,0.46274873418332846,0.4626762568950653,-0.018481708507103456,true,true
webgpu,apple-macos-26.5-1x-light-reduced-transparency,photo__capsule-button__inactive-pressed,0.46274873418332846,0.46103593707084656,-0.4367632636828847,false,true
webgpu,apple-macos-26.5-1x-light-reduced-transparency,photo__capsule-button__inactive-tint-orange,0.46274873418332846,0.4626762568950653,-0.018481708507103456,true,true
webgpu,apple-macos-26.5-1x-light-reduced-transparency,photo__capsule-button__pressed,0.46274873418332846,0.46103593707084656,-0.4367632636828847,false,true
webgpu,apple-macos-26.5-1x-light-reduced-transparency,photo__capsule-button__rest,0.46274873418332846,0.4626762568950653,-0.018481708507103456,true,true
webgpu,apple-macos-26.5-1x-light-reduced-transparency,photo__capsule-button__rest-tint-orange,0.46274873418332846,0.4626762568950653,-0.018481708507103456,true,true
webgpu,apple-macos-26.5-1x-light-reduced-transparency,photo__rrect-lg__inactive,0.44151759493353665,0.4414477050304413,-0.017821925289318308,true,true
webgpu,apple-macos-26.5-1x-light-reduced-transparency,photo__rrect-lg__rest,0.44151759493353665,0.4414477050304413,-0.017821925289318308,true,true
webgpu,apple-macos-26.5-1x-light-reduced-transparency,photo__rrect-md__inactive,0.44739552256259263,0.4473254680633545,-0.017863897305724907,true,true
webgpu,apple-macos-26.5-1x-light-reduced-transparency,photo__rrect-md__rest,0.44739552256259263,0.4473254680633545,-0.017863897305724907,true,true
webgpu,apple-macos-26.5-1x-light-reduced-transparency,photo__toolbar-group__inactive,0.4906975334496801,0.4906199475129445,-0.019784413867570128,true,true
webgpu,apple-macos-26.5-1x-light-reduced-transparency,photo__toolbar-group__rest,0.4906975334496801,0.4906199475129445,-0.019784413867570128,true,true
webgpu,apple-macos-26.5-1x-light-standard,checkerboard-32__capsule-button__rest,0.4999999999999999,0.4999999403953552,-0.000015199184389413922,true,true
webgpu,apple-macos-26.5-1x-light-standard,checkerboard-32__capsule-button__rest-tint-orange,0.4999999999999999,0.4999999403953552,-0.000015199184389413922,true,true
webgpu,apple-macos-26.5-1x-light-standard,checkerboard-32__rrect-lg__inactive,0.49999999999999994,0.5,1.4155343563970746e-14,true,true
webgpu,apple-macos-26.5-1x-light-standard,checkerboard-32__rrect-lg__rest,0.49999999999999994,0.5,1.4155343563970746e-14,true,true
webgpu,apple-macos-26.5-1x-light-standard,checkerboard-32__rrect-md__rest,0.4999999999999999,0.4999999701976776,-0.0000075995921805516176,true,true
webgpu,apple-macos-26.5-1x-light-standard,checkerboard-32__rrect-ml__rest,0.4999999999999999,0.4999999403953552,-0.000015199184389413922,true,true
webgpu,apple-macos-26.5-1x-light-standard,checkerboard-32__rrect-sm__rest,0.4999999999999999,0.4999999701976776,-0.0000075995921805516176,true,true
webgpu,apple-macos-26.5-1x-light-standard,checkerboard-4__capsule-button__rest,0.49999999999999983,0.4999999403953552,-0.000015199184375258579,true,true
webgpu,apple-macos-26.5-1x-light-standard,checkerboard-4__capsule-button__rest-tint-orange,0.49999999999999983,0.4999999403953552,-0.000015199184375258579,true,true
webgpu,apple-macos-26.5-1x-light-standard,checkerboard-4__rrect-lg__rest,0.49999999999999983,0.4999999403953552,-0.000015199184375258579,true,true
webgpu,apple-macos-26.5-1x-light-standard,checkerboard-4__rrect-ml__rest,0.4999999999999999,0.4999999701976776,-0.0000075995921805516176,true,true
webgpu,apple-macos-26.5-1x-light-standard,checkerboard-4__rrect-sm__rest,0.4999999999999999,0.4999999701976776,-0.0000075995921805516176,true,true
webgpu,apple-macos-26.5-1x-light-standard,checkerboard-64__capsule-button__rest,0.5779967159277504,0.5779966711997986,-0.000011405627705629584,true,true
webgpu,apple-macos-26.5-1x-light-standard,checkerboard-64__capsule-button__rest-tint-orange,0.5779967159277504,0.5779966711997986,-0.000011405627705629584,true,true
webgpu,apple-macos-26.5-1x-light-standard,checkerboard-64__rrect-lg__inactive,0.502464853021727,0.502464771270752,-0.00002084649865063959,true,true
webgpu,apple-macos-26.5-1x-light-standard,checkerboard-64__rrect-lg__rest,0.502464853021727,0.502464771270752,-0.00002084649865063959,true,true
webgpu,apple-macos-26.5-1x-light-standard,checkerboard-64__rrect-md__inactive,0.45527156549520753,0.45527151226997375,-0.00001357243461286295,true,true
webgpu,apple-macos-26.5-1x-light-standard,checkerboard-64__rrect-md__rest,0.45527156549520753,0.45527151226997375,-0.00001357243461286295,true,true
webgpu,apple-macos-26.5-1x-light-standard,checkerboard-64__rrect-ml__rest,0.5099828864803193,0.5099828839302063,-6.502788174600482e-7,true,true
webgpu,apple-macos-26.5-1x-light-standard,checkerboard-64__rrect-sm__rest,0.9999999999999999,1,2.8310687127941492e-14,true,true
webgpu,apple-macos-26.5-1x-light-standard,checkerboard-8__capsule-button__rest,0.4999999999999999,0.49999991059303284,-0.000022798776598276227,true,true
webgpu,apple-macos-26.5-1x-light-standard,checkerboard-8__capsule-button__rest-tint-orange,0.4999999999999999,0.49999991059303284,-0.000022798776598276227,true,true
webgpu,apple-macos-26.5-1x-light-standard,checkerboard-8__rrect-lg__inactive,0.49999999999999994,0.5,1.4155343563970746e-14,true,true
webgpu,apple-macos-26.5-1x-light-standard,checkerboard-8__rrect-lg__rest,0.49999999999999994,0.5,1.4155343563970746e-14,true,true
webgpu,apple-macos-26.5-1x-light-standard,checkerboard-8__rrect-md__inactive,0.49999999999999994,0.4999999701976776,-0.000007599592194706961,true,true
webgpu,apple-macos-26.5-1x-light-standard,checkerboard-8__rrect-md__rest,0.49999999999999994,0.4999999701976776,-0.000007599592194706961,true,true
webgpu,apple-macos-26.5-1x-light-standard,checkerboard-8__rrect-ml__rest,0.49999999999999994,0.5,1.4155343563970746e-14,true,true
webgpu,apple-macos-26.5-1x-light-standard,checkerboard-8__rrect-sm__rest,0.4999999999999999,0.4999999701976776,-0.0000075995921805516176,true,true
webgpu,apple-macos-26.5-1x-light-standard,checkerboard-lc16__rrect-lg__rest,0.7000000000000001,0.6998937726020813,-0.027087986469285785,true,true
webgpu,apple-macos-26.5-1x-light-standard,checkerboard-lc16__rrect-ml__rest,0.7000000000000001,0.6998936533927917,-0.027118384838121234,true,true
webgpu,apple-macos-26.5-1x-light-standard,checkerboard-lc16__rrect-sm__rest,0.7,0.699893593788147,-0.02713358402251065,true,true
webgpu,apple-macos-26.5-1x-light-standard,checkerboard__capsule-button__inactive,0.4999999999999999,0.49999991059303284,-0.000022798776598276227,true,true
webgpu,apple-macos-26.5-1x-light-standard,checkerboard__capsule-button__inactive-pressed,0.4999999999999999,0.49999991059303284,-0.000022798776598276227,false,true
webgpu,apple-macos-26.5-1x-light-standard,checkerboard__capsule-button__inactive-tint-blue,0.4999999999999999,0.49999991059303284,-0.000022798776598276227,true,true
webgpu,apple-macos-26.5-1x-light-standard,checkerboard__capsule-button__inactive-tint-orange,0.4999999999999999,0.49999991059303284,-0.000022798776598276227,true,true
webgpu,apple-macos-26.5-1x-light-standard,checkerboard__capsule-button__pressed,0.4999999999999999,0.49999991059303284,-0.000022798776598276227,false,true
webgpu,apple-macos-26.5-1x-light-standard,checkerboard__capsule-button__rest,0.4999999999999999,0.49999991059303284,-0.000022798776598276227,true,true
webgpu,apple-macos-26.5-1x-light-standard,checkerboard__capsule-button__rest-tint-blue,0.4999999999999999,0.49999991059303284,-0.000022798776598276227,true,true
webgpu,apple-macos-26.5-1x-light-standard,checkerboard__capsule-button__rest-tint-orange,0.4999999999999999,0.49999991059303284,-0.000022798776598276227,true,true
webgpu,apple-macos-26.5-1x-light-standard,checkerboard__glass-over-glass__inactive,0.49999999999999994,0.5,1.4155343563970746e-14,true,true
webgpu,apple-macos-26.5-1x-light-standard,checkerboard__glass-over-glass__rest,0.49999999999999994,0.5,1.4155343563970746e-14,true,true
webgpu,apple-macos-26.5-1x-light-standard,checkerboard__rrect-lg__inactive,0.49999999999999994,0.5,1.4155343563970746e-14,true,true
webgpu,apple-macos-26.5-1x-light-standard,checkerboard__rrect-lg__rest,0.49999999999999994,0.5,1.4155343563970746e-14,true,true
webgpu,apple-macos-26.5-1x-light-standard,checkerboard__rrect-md__inactive,0.4999999999999999,0.4999999701976776,-0.0000075995921805516176,true,true
webgpu,apple-macos-26.5-1x-light-standard,checkerboard__rrect-md__inactive-pressed,0.4999999999999999,0.4999999403953552,-0.000015199184389413922,false,true
webgpu,apple-macos-26.5-1x-light-standard,checkerboard__rrect-md__pressed,0.4999999999999999,0.4999999403953552,-0.000015199184389413922,false,true
webgpu,apple-macos-26.5-1x-light-standard,checkerboard__rrect-md__rest,0.4999999999999999,0.4999999701976776,-0.0000075995921805516176,true,true
webgpu,apple-macos-26.5-1x-light-standard,checkerboard__rrect-sm__inactive,0.4999999999999999,0.4999999701976776,-0.0000075995921805516176,true,true
webgpu,apple-macos-26.5-1x-light-standard,checkerboard__rrect-sm__rest,0.4999999999999999,0.4999999701976776,-0.0000075995921805516176,true,true
webgpu,apple-macos-26.5-1x-light-standard,checkerboard__toolbar-group__inactive,0.4999999999999999,0.4999999403953552,-0.000015199184389413922,true,true
webgpu,apple-macos-26.5-1x-light-standard,checkerboard__toolbar-group__rest,0.4999999999999999,0.4999999403953552,-0.000015199184389413922,true,true
webgpu,apple-macos-26.5-1x-light-standard,hc-text-28__rrect-lg__rest,0.7081887894832936,0.7081887722015381,-0.000004406847645133105,true,true
webgpu,apple-macos-26.5-1x-light-standard,hc-text-28__rrect-sm__rest,0.6159999999999999,0.6159999966621399,-8.511542970435215e-7,true,true
webgpu,apple-macos-26.5-1x-light-standard,hc-text-7__rrect-lg__rest,0.6817829103523825,0.6817829012870789,-0.000002311652422815058,true,true
webgpu,apple-macos-26.5-1x-light-standard,hc-text-7__rrect-sm__rest,0.6229999999999999,0.622999906539917,-0.00002383232113822853,true,true
webgpu,apple-macos-26.5-1x-light-standard,hc-text__capsule-button__inactive,0.6026272577996714,0.6026270389556885,-0.000055805215648518924,true,true
webgpu,apple-macos-26.5-1x-light-standard,hc-text__capsule-button__inactive-tint-orange,0.6026272577996714,0.6026270389556885,-0.000055805215648518924,true,true
webgpu,apple-macos-26.5-1x-light-standard,hc-text__capsule-button__rest,0.6026272577996714,0.6026270389556885,-0.000055805215648518924,true,true
webgpu,apple-macos-26.5-1x-light-standard,hc-text__capsule-button__rest-tint-orange,0.6026272577996714,0.6026270389556885,-0.000055805215648518924,true,true
webgpu,apple-macos-26.5-1x-light-standard,hc-text__rrect-md__inactive,0.6060303514376996,0.6060301065444946,-0.00006244776725894408,true,true
webgpu,apple-macos-26.5-1x-light-standard,hc-text__rrect-md__rest,0.6060303514376996,0.6060301065444946,-0.00006244776725894408,true,true
webgpu,apple-macos-26.5-1x-light-standard,impulse__capsule-button__inactive,0.0032840722495894904,0.0032840780913829803,0.0000014896573399293678,true,true
webgpu,apple-macos-26.5-1x-light-standard,impulse__capsule-button__inactive-tint-orange,0.0032840722495894904,0.0032840780913829803,0.0000014896573399293678,true,true
webgpu,apple-macos-26.5-1x-light-standard,impulse__capsule-button__rest,0.0032840722495894904,0.0032840780913829803,0.0000014896573399293678,true,true
webgpu,apple-macos-26.5-1x-light-standard,impulse__capsule-button__rest-tint-orange,0.0032840722495894904,0.0032840780913829803,0.0000014896573399293678,true,true
webgpu,apple-macos-26.5-1x-light-standard,impulse__rrect-lg__inactive,0.0054774511593938275,0.005477449856698513,-3.3218730518917716e-7,true,true
webgpu,apple-macos-26.5-1x-light-standard,impulse__rrect-lg__rest,0.0054774511593938275,0.005477449856698513,-3.3218730518917716e-7,true,true
webgpu,apple-macos-26.5-1x-light-standard,impulse__rrect-md__inactive,0.0031948881789137375,0.0031948897521942854,4.011865397247731e-7,true,true
webgpu,apple-macos-26.5-1x-light-standard,impulse__rrect-md__rest,0.0031948881789137375,0.0031948897521942854,4.011865397247731e-7,true,true
webgpu,apple-macos-26.5-1x-light-standard,impulse__rrect-ml__inactive,0.003422703936109526,0.003422702429816127,-3.8410481675507646e-7,true,true
webgpu,apple-macos-26.5-1x-light-standard,impulse__rrect-ml__rest,0.003422703936109526,0.003422702429816127,-3.8410481675507646e-7,true,true
webgpu,apple-macos-26.5-1x-light-standard,impulse__rrect-sm__rest,0.007999999999999998,0.00800001434981823,0.000003659203648967088,true,true
webgpu,apple-macos-26.5-1x-light-standard,photo__capsule-button__inactive,0.46274873418332846,0.4626762568950653,-0.018481708507103456,true,true
webgpu,apple-macos-26.5-1x-light-standard,photo__capsule-button__inactive-pressed,0.46274873418332846,0.46103593707084656,-0.4367632636828847,false,true
webgpu,apple-macos-26.5-1x-light-standard,photo__capsule-button__inactive-tint-blue,0.46274873418332846,0.4626762568950653,-0.018481708507103456,true,true
webgpu,apple-macos-26.5-1x-light-standard,photo__capsule-button__inactive-tint-orange,0.46274873418332846,0.4626762568950653,-0.018481708507103456,true,true
webgpu,apple-macos-26.5-1x-light-standard,photo__capsule-button__inactive-tint-orange-half,0.46274873418332846,0.4626762568950653,-0.018481708507103456,true,true
webgpu,apple-macos-26.5-1x-light-standard,photo__capsule-button__pressed,0.46274873418332846,0.46103593707084656,-0.4367632636828847,false,true
webgpu,apple-macos-26.5-1x-light-standard,photo__capsule-button__rest,0.46274873418332846,0.4626762568950653,-0.018481708507103456,true,true
webgpu,apple-macos-26.5-1x-light-standard,photo__capsule-button__rest-tint-blue,0.46274873418332846,0.4626762568950653,-0.018481708507103456,true,true
webgpu,apple-macos-26.5-1x-light-standard,photo__capsule-button__rest-tint-orange,0.46274873418332846,0.4626762568950653,-0.018481708507103456,true,true
webgpu,apple-macos-26.5-1x-light-standard,photo__capsule-button__rest-tint-orange-half,0.46274873418332846,0.4626762568950653,-0.018481708507103456,true,true
webgpu,apple-macos-26.5-1x-light-standard,photo__glass-over-glass__inactive,0.4413855273463122,0.44131630659103394,-0.017651292595957657,true,true
webgpu,apple-macos-26.5-1x-light-standard,photo__glass-over-glass__rest,0.4413855273463122,0.44131630659103394,-0.017651292595957657,true,true
webgpu,apple-macos-26.5-1x-light-standard,photo__rrect-lg__inactive,0.44151759493353665,0.4414477050304413,-0.017821925289318308,true,true
webgpu,apple-macos-26.5-1x-light-standard,photo__rrect-lg__inactive-tint-orange,0.44151759493353665,0.4414477050304413,-0.017821925289318308,true,true
webgpu,apple-macos-26.5-1x-light-standard,photo__rrect-lg__rest,0.44151759493353665,0.4414477050304413,-0.017821925289318308,true,true
webgpu,apple-macos-26.5-1x-light-standard,photo__rrect-lg__rest-tint-orange,0.44151759493353665,0.4414477050304413,-0.017821925289318308,true,true
webgpu,apple-macos-26.5-1x-light-standard,photo__rrect-md__inactive,0.44739552256259263,0.4473254680633545,-0.017863897305724907,true,true
webgpu,apple-macos-26.5-1x-light-standard,photo__rrect-md__inactive-pressed,0.44739552256259263,0.44801053404808044,0.1568279287993929,false,true
webgpu,apple-macos-26.5-1x-light-standard,photo__rrect-md__inactive-tint-orange,0.44739552256259263,0.4473254680633545,-0.017863897305724907,true,true
webgpu,apple-macos-26.5-1x-light-standard,photo__rrect-md__pressed,0.44739552256259263,0.44801053404808044,0.1568279287993929,false,true
webgpu,apple-macos-26.5-1x-light-standard,photo__rrect-md__rest,0.44739552256259263,0.4473254680633545,-0.017863897305724907,true,true
webgpu,apple-macos-26.5-1x-light-standard,photo__rrect-md__rest-tint-orange,0.44739552256259263,0.4473254680633545,-0.017863897305724907,true,true
webgpu,apple-macos-26.5-1x-light-standard,photo__rrect-ml__inactive,0.44394231566614095,0.4438726305961609,-0.01776969284491614,true,true
webgpu,apple-macos-26.5-1x-light-standard,photo__rrect-ml__rest,0.44394231566614095,0.4438726305961609,-0.01776969284491614,true,true
webgpu,apple-macos-26.5-1x-light-standard,photo__rrect-sm__inactive,0.42298461607843135,0.42291978001594543,-0.01653319593390906,true,true
webgpu,apple-macos-26.5-1x-light-standard,photo__rrect-sm__rest,0.42298461607843135,0.42291978001594543,-0.01653319593390906,true,true
webgpu,apple-macos-26.5-1x-light-standard,photo__toolbar-group__inactive,0.4906975334496801,0.4906199475129445,-0.019784413867570128,true,true
webgpu,apple-macos-26.5-1x-light-standard,photo__toolbar-group__rest,0.4906975334496801,0.4906199475129445,-0.019784413867570128,true,true
webgpu,apple-macos-26.5-2x-dark-standard,checkerboard-32__capsule-button__rest,0.4999999999999999,0.5,2.8310687127941492e-14,true,true
webgpu,apple-macos-26.5-2x-dark-standard,checkerboard-32__capsule-button__rest-tint-orange,0.4999999999999999,0.5,2.8310687127941492e-14,true,true
webgpu,apple-macos-26.5-2x-dark-standard,checkerboard-32__rrect-lg__inactive,0.49999999999999983,0.4999999403953552,-0.000015199184375258579,true,true
webgpu,apple-macos-26.5-2x-dark-standard,checkerboard-32__rrect-lg__rest,0.49999999999999983,0.4999999403953552,-0.000015199184375258579,true,true
webgpu,apple-macos-26.5-2x-dark-standard,checkerboard-32__rrect-md__rest,0.4999999999999999,0.4999999403953552,-0.000015199184389413922,true,true
webgpu,apple-macos-26.5-2x-dark-standard,checkerboard-32__rrect-ml__rest,0.4999999999999999,0.4999999701976776,-0.0000075995921805516176,true,true
webgpu,apple-macos-26.5-2x-dark-standard,checkerboard-32__rrect-sm__rest,0.4999999999999999,0.5,2.8310687127941492e-14,true,true
webgpu,apple-macos-26.5-2x-dark-standard,checkerboard-4__capsule-button__rest,0.4999999999999999,0.4999999701976776,-0.0000075995921805516176,true,true
webgpu,apple-macos-26.5-2x-dark-standard,checkerboard-4__capsule-button__rest-tint-orange,0.4999999999999999,0.4999999701976776,-0.0000075995921805516176,true,true
webgpu,apple-macos-26.5-2x-dark-standard,checkerboard-4__rrect-lg__rest,0.49999999999999994,0.4999999403953552,-0.000015199184403569266,true,true
webgpu,apple-macos-26.5-2x-dark-standard,checkerboard-4__rrect-ml__rest,0.49999999999999994,0.4999999403953552,-0.000015199184403569266,true,true
webgpu,apple-macos-26.5-2x-dark-standard,checkerboard-4__rrect-sm__rest,0.4999999999999999,0.49999991059303284,-0.000022798776598276227,true,true
webgpu,apple-macos-26.5-2x-dark-standard,checkerboard-64__capsule-button__rest,0.5785905074994862,0.578590452671051,-0.000013981250956973668,true,true
webgpu,apple-macos-26.5-2x-dark-standard,checkerboard-64__capsule-button__rest-tint-orange,0.5785905074994862,0.578590452671051,-0.000013981250956973668,true,true
webgpu,apple-macos-26.5-2x-dark-standard,checkerboard-64__rrect-lg__inactive,0.5025336681123029,0.5025336146354675,-0.000013636593028110156,true,true
webgpu,apple-macos-26.5-2x-dark-standard,checkerboard-64__rrect-lg__rest,0.5025336681123029,0.5025336146354675,-0.000013636593028110156,true,true
webgpu,apple-macos-26.5-2x-dark-standard,checkerboard-64__rrect-md__inactive,0.4550146510388917,0.45501458644866943,-0.00001647050668185379,true,true
webgpu,apple-macos-26.5-2x-dark-standard,checkerboard-64__rrect-md__rest,0.4550146510388917,0.45501458644866943,-0.00001647050668185379,true,true
webgpu,apple-macos-26.5-2x-dark-standard,checkerboard-64__rrect-ml__rest,0.5099108734402851,0.5099108219146729,-0.000013139031116438105,true,true
webgpu,apple-macos-26.5-2x-dark-standard,checkerboard-64__rrect-sm__rest,0.9999999999999998,0.9999997019767761,-0.00007599592203200167,true,true
webgpu,apple-macos-26.5-2x-dark-standard,checkerboard-8__capsule-button__rest-tint-orange,0.4999999999999999,0.49999991059303284,-0.000022798776598276227,true,true
webgpu,apple-macos-26.5-2x-dark-standard,checkerboard-8__rrect-lg__inactive,0.49999999999999994,0.4999999403953552,-0.000015199184403569266,true,true
webgpu,apple-macos-26.5-2x-dark-standard,checkerboard-8__rrect-lg__rest,0.49999999999999994,0.4999999403953552,-0.000015199184403569266,true,true
webgpu,apple-macos-26.5-2x-dark-standard,checkerboard-8__rrect-md__inactive,0.4999999999999999,0.4999999403953552,-0.000015199184389413922,true,true
webgpu,apple-macos-26.5-2x-dark-standard,checkerboard-8__rrect-md__rest,0.4999999999999999,0.4999999403953552,-0.000015199184389413922,true,true
webgpu,apple-macos-26.5-2x-dark-standard,checkerboard-8__rrect-ml__rest,0.49999999999999994,0.4999999403953552,-0.000015199184403569266,true,true
webgpu,apple-macos-26.5-2x-dark-standard,checkerboard-8__rrect-sm__rest,0.4999999999999999,0.4999999403953552,-0.000015199184389413922,true,true
webgpu,apple-macos-26.5-2x-dark-standard,checkerboard-lc16__rrect-lg__rest,0.7000000000000001,0.6998931765556335,-0.02723997831346303,true,true
webgpu,apple-macos-26.5-2x-dark-standard,checkerboard-lc16__rrect-ml__rest,0.7,0.6998947858810425,-0.026829600334156156,true,true
webgpu,apple-macos-26.5-2x-dark-standard,checkerboard-lc16__rrect-sm__rest,0.7000000000000001,0.6998932957649231,-0.027209579944627582,true,true
webgpu,apple-macos-26.5-2x-dark-standard,checkerboard__capsule-button__inactive,0.4999999999999999,0.5,2.8310687127941492e-14,true,true
webgpu,apple-macos-26.5-2x-dark-standard,checkerboard__capsule-button__inactive-tint-orange,0.4999999999999999,0.5,2.8310687127941492e-14,true,true
webgpu,apple-macos-26.5-2x-dark-standard,checkerboard__capsule-button__rest,0.4999999999999999,0.5,2.8310687127941492e-14,true,true
webgpu,apple-macos-26.5-2x-dark-standard,checkerboard__capsule-button__rest-tint-orange,0.4999999999999999,0.5,2.8310687127941492e-14,true,true
webgpu,apple-macos-26.5-2x-dark-standard,checkerboard__glass-over-glass__inactive,0.4999999999999999,0.4999999403953552,-0.000015199184389413922,true,true
webgpu,apple-macos-26.5-2x-dark-standard,checkerboard__glass-over-glass__rest,0.4999999999999999,0.4999999403953552,-0.000015199184389413922,true,true
webgpu,apple-macos-26.5-2x-dark-standard,checkerboard__rrect-md__inactive,0.4999999999999999,0.4999999701976776,-0.0000075995921805516176,true,true
webgpu,apple-macos-26.5-2x-dark-standard,checkerboard__rrect-md__rest,0.4999999999999999,0.4999999701976776,-0.0000075995921805516176,true,true
webgpu,apple-macos-26.5-2x-dark-standard,hc-text-28__rrect-lg__rest,0.7083599634786577,0.708359956741333,-0.000001718017798024718,true,true
webgpu,apple-macos-26.5-2x-dark-standard,hc-text-28__rrect-sm__rest,0.6150375939849623,0.615037739276886,0.000037049440547165524,true,true
webgpu,apple-macos-26.5-2x-dark-standard,hc-text-7__rrect-lg__rest,0.6820417712850946,0.6820417046546936,-0.000016990752248480234,true,true
webgpu,apple-macos-26.5-2x-dark-standard,hc-text-7__rrect-sm__rest,0.6228070175438596,0.6228070259094238,0.0000021332188815392783,true,true
webgpu,apple-macos-26.5-2x-dark-standard,impulse__capsule-button__inactive,0.00328744606533799,0.0032874271273612976,-0.000004829184056581639,true,true
webgpu,apple-macos-26.5-2x-dark-standard,impulse__capsule-button__rest,0.00328744606533799,0.0032874271273612976,-0.000004829184056581639,true,true
webgpu,apple-macos-26.5-2x-dark-standard,impulse__rrect-lg__inactive,0.005478201323898652,0.00547818886116147,-0.0000031779979813234896,true,true
webgpu,apple-macos-26.5-2x-dark-standard,impulse__rrect-lg__rest,0.005478201323898652,0.00547818886116147,-0.0000031779979813234896,true,true
webgpu,apple-macos-26.5-2x-dark-standard,impulse__rrect-ml__inactive,0.0034224598930481277,0.003422454232349992,-0.0000014434780246617984,true,true
webgpu,apple-macos-26.5-2x-dark-standard,impulse__rrect-ml__rest,0.0034224598930481277,0.003422454232349992,-0.0000014434780246617984,true,true
webgpu,apple-macos-26.5-2x-dark-standard,impulse__rrect-sm__rest,0.008020050125313283,0.008020003326237202,-0.000011933764400761868,true,true
webgpu,apple-macos-26.5-2x-dark-standard,photo__capsule-button__inactive,0.46336221253983406,0.46328994631767273,-0.018427886651139758,true,true
webgpu,apple-macos-26.5-2x-dark-standard,photo__capsule-button__inactive-pressed,0.46336221253983406,0.4611881673336029,-0.554381527588945,false,true
webgpu,apple-macos-26.5-2x-dark-standard,photo__capsule-button__inactive-tint-orange,0.46336221253983406,0.46328994631767273,-0.018427886651139758,true,true
webgpu,apple-macos-26.5-2x-dark-standard,photo__capsule-button__pressed,0.46336221253983406,0.4611881673336029,-0.554381527588945,false,true
webgpu,apple-macos-26.5-2x-dark-standard,photo__capsule-button__rest,0.46336221253983406,0.46328994631767273,-0.018427886651139758,true,true
webgpu,apple-macos-26.5-2x-dark-standard,photo__capsule-button__rest-tint-orange,0.46336221253983406,0.46328994631767273,-0.018427886651139758,true,true
webgpu,apple-macos-26.5-2x-dark-standard,photo__rrect-lg__inactive,0.4416443888806835,0.44157448410987854,-0.017825716555271154,true,true
webgpu,apple-macos-26.5-2x-dark-standard,photo__rrect-lg__rest,0.4416443888806835,0.44157448410987854,-0.017825716555271154,true,true
webgpu,apple-macos-26.5-2x-dark-standard,photo__rrect-md__inactive,0.44794909244518266,0.4478791654109955,-0.01783139371773046,true,true
webgpu,apple-macos-26.5-2x-dark-standard,photo__rrect-md__rest,0.44794909244518266,0.4478791654109955,-0.01783139371773046,true,true
webgpu,apple-macos-26.5-2x-dark-standard,photo__rrect-ml__inactive,0.44419389378211177,0.44412413239479065,-0.01778915376688589,true,true
webgpu,apple-macos-26.5-2x-light-standard,checkerboard-32__capsule-button__rest,0.4999999999999999,0.5,2.8310687127941492e-14,true,true
webgpu,apple-macos-26.5-2x-light-standard,checkerboard-32__capsule-button__rest-tint-orange,0.4999999999999999,0.5,2.8310687127941492e-14,true,true
webgpu,apple-macos-26.5-2x-light-standard,checkerboard-32__rrect-lg__inactive,0.49999999999999983,0.4999999403953552,-0.000015199184375258579,true,true
webgpu,apple-macos-26.5-2x-light-standard,checkerboard-32__rrect-lg__rest,0.49999999999999983,0.4999999403953552,-0.000015199184375258579,true,true
webgpu,apple-macos-26.5-2x-light-standard,checkerboard-32__rrect-md__rest,0.4999999999999999,0.4999999403953552,-0.000015199184389413922,true,true
webgpu,apple-macos-26.5-2x-light-standard,checkerboard-32__rrect-ml__rest,0.4999999999999999,0.4999999701976776,-0.0000075995921805516176,true,true
webgpu,apple-macos-26.5-2x-light-standard,checkerboard-32__rrect-sm__rest,0.4999999999999999,0.5,2.8310687127941492e-14,true,true
webgpu,apple-macos-26.5-2x-light-standard,checkerboard-4__capsule-button__rest,0.4999999999999999,0.4999999701976776,-0.0000075995921805516176,true,true
webgpu,apple-macos-26.5-2x-light-standard,checkerboard-4__capsule-button__rest-tint-orange,0.4999999999999999,0.4999999701976776,-0.0000075995921805516176,true,true
webgpu,apple-macos-26.5-2x-light-standard,checkerboard-4__rrect-lg__rest,0.49999999999999994,0.4999999403953552,-0.000015199184403569266,true,true
webgpu,apple-macos-26.5-2x-light-standard,checkerboard-4__rrect-ml__rest,0.49999999999999994,0.4999999403953552,-0.000015199184403569266,true,true
webgpu,apple-macos-26.5-2x-light-standard,checkerboard-4__rrect-sm__rest,0.4999999999999999,0.49999991059303284,-0.000022798776598276227,true,true
webgpu,apple-macos-26.5-2x-light-standard,checkerboard-64__capsule-button__rest,0.5785905074994862,0.578590452671051,-0.000013981250956973668,true,true
webgpu,apple-macos-26.5-2x-light-standard,checkerboard-64__capsule-button__rest-tint-orange,0.5785905074994862,0.578590452671051,-0.000013981250956973668,true,true
webgpu,apple-macos-26.5-2x-light-standard,checkerboard-64__rrect-lg__inactive,0.5025336681123029,0.5025336146354675,-0.000013636593028110156,true,true
webgpu,apple-macos-26.5-2x-light-standard,checkerboard-64__rrect-lg__rest,0.5025336681123029,0.5025336146354675,-0.000013636593028110156,true,true
webgpu,apple-macos-26.5-2x-light-standard,checkerboard-64__rrect-md__inactive,0.4550146510388917,0.45501458644866943,-0.00001647050668185379,true,true
webgpu,apple-macos-26.5-2x-light-standard,checkerboard-64__rrect-md__rest,0.4550146510388917,0.45501458644866943,-0.00001647050668185379,true,true
webgpu,apple-macos-26.5-2x-light-standard,checkerboard-64__rrect-ml__rest,0.5099108734402851,0.5099108219146729,-0.000013139031116438105,true,true
webgpu,apple-macos-26.5-2x-light-standard,checkerboard-64__rrect-sm__rest,0.9999999999999998,0.9999997019767761,-0.00007599592203200167,true,true
webgpu,apple-macos-26.5-2x-light-standard,checkerboard-8__capsule-button__rest,0.4999999999999999,0.49999991059303284,-0.000022798776598276227,true,true
webgpu,apple-macos-26.5-2x-light-standard,checkerboard-8__capsule-button__rest-tint-orange,0.4999999999999999,0.49999991059303284,-0.000022798776598276227,true,true
webgpu,apple-macos-26.5-2x-light-standard,checkerboard-8__rrect-lg__inactive,0.49999999999999994,0.4999999403953552,-0.000015199184403569266,true,true
webgpu,apple-macos-26.5-2x-light-standard,checkerboard-8__rrect-lg__rest,0.49999999999999994,0.4999999403953552,-0.000015199184403569266,true,true
webgpu,apple-macos-26.5-2x-light-standard,checkerboard-8__rrect-md__inactive,0.4999999999999999,0.4999999403953552,-0.000015199184389413922,true,true
webgpu,apple-macos-26.5-2x-light-standard,checkerboard-8__rrect-md__rest,0.4999999999999999,0.4999999403953552,-0.000015199184389413922,true,true
webgpu,apple-macos-26.5-2x-light-standard,checkerboard-8__rrect-ml__rest,0.49999999999999994,0.4999999403953552,-0.000015199184403569266,true,true
webgpu,apple-macos-26.5-2x-light-standard,checkerboard-8__rrect-sm__rest,0.4999999999999999,0.4999999403953552,-0.000015199184389413922,true,true
webgpu,apple-macos-26.5-2x-light-standard,checkerboard-lc16__rrect-lg__rest,0.7000000000000001,0.6998931765556335,-0.02723997831346303,true,true
webgpu,apple-macos-26.5-2x-light-standard,checkerboard-lc16__rrect-ml__rest,0.7,0.6998947858810425,-0.026829600334156156,true,true
webgpu,apple-macos-26.5-2x-light-standard,checkerboard-lc16__rrect-sm__rest,0.7000000000000001,0.6998932957649231,-0.027209579944627582,true,true
webgpu,apple-macos-26.5-2x-light-standard,checkerboard__capsule-button__inactive,0.4999999999999999,0.5,2.8310687127941492e-14,true,true
webgpu,apple-macos-26.5-2x-light-standard,checkerboard__capsule-button__inactive-pressed,0.4999999999999999,0.5,2.8310687127941492e-14,false,true
webgpu,apple-macos-26.5-2x-light-standard,checkerboard__capsule-button__inactive-tint-blue,0.4999999999999999,0.5,2.8310687127941492e-14,true,true
webgpu,apple-macos-26.5-2x-light-standard,checkerboard__capsule-button__inactive-tint-orange,0.4999999999999999,0.5,2.8310687127941492e-14,true,true
webgpu,apple-macos-26.5-2x-light-standard,checkerboard__capsule-button__pressed,0.4999999999999999,0.5,2.8310687127941492e-14,false,true
webgpu,apple-macos-26.5-2x-light-standard,checkerboard__capsule-button__rest,0.4999999999999999,0.5,2.8310687127941492e-14,true,true
webgpu,apple-macos-26.5-2x-light-standard,checkerboard__capsule-button__rest-tint-blue,0.4999999999999999,0.5,2.8310687127941492e-14,true,true
webgpu,apple-macos-26.5-2x-light-standard,checkerboard__capsule-button__rest-tint-orange,0.4999999999999999,0.5,2.8310687127941492e-14,true,true
webgpu,apple-macos-26.5-2x-light-standard,checkerboard__glass-over-glass__inactive,0.4999999999999999,0.4999999403953552,-0.000015199184389413922,true,true
webgpu,apple-macos-26.5-2x-light-standard,checkerboard__glass-over-glass__rest,0.4999999999999999,0.4999999403953552,-0.000015199184389413922,true,true
webgpu,apple-macos-26.5-2x-light-standard,checkerboard__rrect-lg__inactive,0.49999999999999994,0.4999999701976776,-0.000007599592194706961,true,true
webgpu,apple-macos-26.5-2x-light-standard,checkerboard__rrect-lg__rest,0.49999999999999994,0.4999999701976776,-0.000007599592194706961,true,true
webgpu,apple-macos-26.5-2x-light-standard,checkerboard__rrect-md__inactive,0.4999999999999999,0.4999999701976776,-0.0000075995921805516176,true,true
webgpu,apple-macos-26.5-2x-light-standard,checkerboard__rrect-md__inactive-pressed,0.4999999999999999,0.4999999701976776,-0.0000075995921805516176,false,true
webgpu,apple-macos-26.5-2x-light-standard,checkerboard__rrect-md__pressed,0.4999999999999999,0.4999999701976776,-0.0000075995921805516176,false,true
webgpu,apple-macos-26.5-2x-light-standard,checkerboard__rrect-md__rest,0.4999999999999999,0.4999999701976776,-0.0000075995921805516176,true,true
webgpu,apple-macos-26.5-2x-light-standard,checkerboard__rrect-sm__inactive,0.4999999999999999,0.49999988079071045,-0.00003039836880713853,true,true
webgpu,apple-macos-26.5-2x-light-standard,checkerboard__rrect-sm__rest,0.4999999999999999,0.49999988079071045,-0.00003039836880713853,true,true
webgpu,apple-macos-26.5-2x-light-standard,checkerboard__toolbar-group__inactive,0.4999999999999999,0.4999999701976776,-0.0000075995921805516176,true,true
webgpu,apple-macos-26.5-2x-light-standard,checkerboard__toolbar-group__rest,0.4999999999999999,0.4999999701976776,-0.0000075995921805516176,true,true
webgpu,apple-macos-26.5-2x-light-standard,hc-text-28__rrect-lg__rest,0.7083599634786577,0.708359956741333,-0.000001718017798024718,true,true
webgpu,apple-macos-26.5-2x-light-standard,hc-text-28__rrect-sm__rest,0.6150375939849623,0.615037739276886,0.000037049440547165524,true,true
webgpu,apple-macos-26.5-2x-light-standard,hc-text-7__rrect-lg__rest,0.6820417712850946,0.6820417046546936,-0.000016990752248480234,true,true
webgpu,apple-macos-26.5-2x-light-standard,hc-text-7__rrect-sm__rest,0.6228070175438596,0.6228070259094238,0.0000021332188815392783,true,true
webgpu,apple-macos-26.5-2x-light-standard,hc-text__capsule-button__inactive,0.6029381549208956,0.6029384732246399,0.00008116745478403686,true,true
webgpu,apple-macos-26.5-2x-light-standard,hc-text__capsule-button__inactive-tint-orange,0.6029381549208956,0.6029384732246399,0.00008116745478403686,true,true
webgpu,apple-macos-26.5-2x-light-standard,hc-text__capsule-button__rest,0.6029381549208956,0.6029384732246399,0.00008116745478403686,true,true
webgpu,apple-macos-26.5-2x-light-standard,hc-text__capsule-button__rest-tint-orange,0.6029381549208956,0.6029384732246399,0.00008116745478403686,true,true
webgpu,apple-macos-26.5-2x-light-standard,hc-text__rrect-md__inactive,0.6064364677677143,0.6064367294311523,0.0000667241766971749,true,true
webgpu,apple-macos-26.5-2x-light-standard,hc-text__rrect-md__rest,0.6064364677677143,0.6064367294311523,0.0000667241766971749,true,true
webgpu,apple-macos-26.5-2x-light-standard,impulse__capsule-button__inactive,0.00328744606533799,0.0032874271273612976,-0.000004829184056581639,true,true
webgpu,apple-macos-26.5-2x-light-standard,impulse__capsule-button__inactive-tint-orange,0.00328744606533799,0.0032874271273612976,-0.000004829184056581639,true,true
webgpu,apple-macos-26.5-2x-light-standard,impulse__capsule-button__rest,0.00328744606533799,0.0032874271273612976,-0.000004829184056581639,true,true
webgpu,apple-macos-26.5-2x-light-standard,impulse__capsule-button__rest-tint-orange,0.00328744606533799,0.0032874271273612976,-0.000004829184056581639,true,true
webgpu,apple-macos-26.5-2x-light-standard,impulse__rrect-lg__inactive,0.005478201323898652,0.00547818886116147,-0.0000031779979813234896,true,true
webgpu,apple-macos-26.5-2x-light-standard,impulse__rrect-lg__rest,0.005478201323898652,0.00547818886116147,-0.0000031779979813234896,true,true
webgpu,apple-macos-26.5-2x-light-standard,impulse__rrect-md__inactive,0.0031965903036760782,0.0031965819653123617,-0.0000021262827477105256,true,true
webgpu,apple-macos-26.5-2x-light-standard,impulse__rrect-md__rest,0.0031965903036760782,0.0031965819653123617,-0.0000021262827477105256,true,true
webgpu,apple-macos-26.5-2x-light-standard,impulse__rrect-ml__inactive,0.0034224598930481277,0.003422454232349992,-0.0000014434780246617984,true,true
webgpu,apple-macos-26.5-2x-light-standard,impulse__rrect-ml__rest,0.0034224598930481277,0.003422454232349992,-0.0000014434780246617984,true,true
webgpu,apple-macos-26.5-2x-light-standard,impulse__rrect-sm__rest,0.008020050125313283,0.008020003326237202,-0.000011933764400761868,true,true
webgpu,apple-macos-26.5-2x-light-standard,photo__capsule-button__inactive,0.46336221253983406,0.46328994631767273,-0.018427886651139758,true,true
webgpu,apple-macos-26.5-2x-light-standard,photo__capsule-button__inactive-pressed,0.46336221253983406,0.4611881673336029,-0.554381527588945,false,true
webgpu,apple-macos-26.5-2x-light-standard,photo__capsule-button__inactive-tint-blue,0.46336221253983406,0.46328994631767273,-0.018427886651139758,true,true
webgpu,apple-macos-26.5-2x-light-standard,photo__capsule-button__inactive-tint-orange,0.46336221253983406,0.46328994631767273,-0.018427886651139758,true,true
webgpu,apple-macos-26.5-2x-light-standard,photo__capsule-button__inactive-tint-orange-half,0.46336221253983406,0.46328994631767273,-0.018427886651139758,true,true
webgpu,apple-macos-26.5-2x-light-standard,photo__capsule-button__pressed,0.46336221253983406,0.4611881673336029,-0.554381527588945,false,true
webgpu,apple-macos-26.5-2x-light-standard,photo__capsule-button__rest,0.46336221253983406,0.46328994631767273,-0.018427886651139758,true,true
webgpu,apple-macos-26.5-2x-light-standard,photo__capsule-button__rest-tint-blue,0.46336221253983406,0.46328994631767273,-0.018427886651139758,true,true
webgpu,apple-macos-26.5-2x-light-standard,photo__capsule-button__rest-tint-orange,0.46336221253983406,0.46328994631767273,-0.018427886651139758,true,true
webgpu,apple-macos-26.5-2x-light-standard,photo__capsule-button__rest-tint-orange-half,0.46336221253983406,0.46328994631767273,-0.018427886651139758,true,true
webgpu,apple-macos-26.5-2x-light-standard,photo__glass-over-glass__inactive,0.4416431983166167,0.4415738880634308,-0.017674114562405974,true,true
webgpu,apple-macos-26.5-2x-light-standard,photo__glass-over-glass__rest,0.4416431983166167,0.4415738880634308,-0.017674114562405974,true,true
webgpu,apple-macos-26.5-2x-light-standard,photo__rrect-lg__inactive,0.4416443888806835,0.44157448410987854,-0.017825716555271154,true,true
webgpu,apple-macos-26.5-2x-light-standard,photo__rrect-lg__inactive-tint-orange,0.4416443888806835,0.44157448410987854,-0.017825716555271154,true,true
webgpu,apple-macos-26.5-2x-light-standard,photo__rrect-lg__rest,0.4416443888806835,0.44157448410987854,-0.017825716555271154,true,true
webgpu,apple-macos-26.5-2x-light-standard,photo__rrect-lg__rest-tint-orange,0.4416443888806835,0.44157448410987854,-0.017825716555271154,true,true
webgpu,apple-macos-26.5-2x-light-standard,photo__rrect-md__inactive,0.44794909244518266,0.4478791654109955,-0.01783139371773046,true,true
webgpu,apple-macos-26.5-2x-light-standard,photo__rrect-md__inactive-pressed,0.44794909244518266,0.44894179701805115,0.2531396660814639,false,true
webgpu,apple-macos-26.5-2x-light-standard,photo__rrect-md__inactive-tint-orange,0.44794909244518266,0.4478791654109955,-0.01783139371773046,true,true
webgpu,apple-macos-26.5-2x-light-standard,photo__rrect-md__pressed,0.44794909244518266,0.44894179701805115,0.2531396660814639,false,true
webgpu,apple-macos-26.5-2x-light-standard,photo__rrect-md__rest,0.44794909244518266,0.4478791654109955,-0.01783139371773046,true,true
webgpu,apple-macos-26.5-2x-light-standard,photo__rrect-md__rest-tint-orange,0.44794909244518266,0.4478791654109955,-0.01783139371773046,true,true
webgpu,apple-macos-26.5-2x-light-standard,photo__rrect-ml__inactive,0.44419389378211177,0.44412413239479065,-0.01778915376688589,true,true
webgpu,apple-macos-26.5-2x-light-standard,photo__rrect-ml__rest,0.44419389378211177,0.44412413239479065,-0.01778915376688589,true,true
webgpu,apple-macos-26.5-2x-light-standard,photo__rrect-sm__inactive,0.42317741628581257,0.4231128990650177,-0.01645189130269148,true,true
webgpu,apple-macos-26.5-2x-light-standard,photo__rrect-sm__rest,0.42317741628581257,0.4231128990650177,-0.01645189130269148,true,true
webgpu,apple-macos-26.5-2x-light-standard,photo__toolbar-group__inactive,0.49151664726910677,0.49143954118092853,-0.019662052485450165,true,true
webgpu,apple-macos-26.5-2x-light-standard,photo__toolbar-group__rest,0.49151664726910677,0.49143954118092853,-0.019662052485450165,true,true
css,apple-macos-26.5-1x-dark-standard,checkerboard-32__capsule-button__rest,0.4999999999999999,0.5,2.8310687127941492e-14,true,true
css,apple-macos-26.5-1x-dark-standard,checkerboard-32__capsule-button__rest-tint-orange,0.4999999999999999,0.5,2.8310687127941492e-14,true,true
css,apple-macos-26.5-1x-dark-standard,checkerboard-32__rrect-lg__inactive,0.49999999999999994,0.5,1.4155343563970746e-14,true,true
css,apple-macos-26.5-1x-dark-standard,checkerboard-32__rrect-lg__rest,0.49999999999999994,0.5,1.4155343563970746e-14,true,true
css,apple-macos-26.5-1x-dark-standard,checkerboard-32__rrect-md__rest,0.4999999999999999,0.5,2.8310687127941492e-14,true,true
css,apple-macos-26.5-1x-dark-standard,checkerboard-32__rrect-ml__rest,0.4999999999999999,0.5,2.8310687127941492e-14,true,true
css,apple-macos-26.5-1x-dark-standard,checkerboard-32__rrect-sm__rest,0.4999999999999999,0.5,2.8310687127941492e-14,true,true
css,apple-macos-26.5-1x-dark-standard,checkerboard-4__capsule-button__rest,0.49999999999999983,0.5,4.246603069191224e-14,true,true
css,apple-macos-26.5-1x-dark-standard,checkerboard-4__capsule-button__rest-tint-orange,0.49999999999999983,0.5,4.246603069191224e-14,true,true
css,apple-macos-26.5-1x-dark-standard,checkerboard-4__rrect-lg__rest,0.49999999999999983,0.5,4.246603069191224e-14,true,true
css,apple-macos-26.5-1x-dark-standard,checkerboard-4__rrect-ml__rest,0.4999999999999999,0.5,2.8310687127941492e-14,true,true
css,apple-macos-26.5-1x-dark-standard,checkerboard-4__rrect-sm__rest,0.4999999999999999,0.5,2.8310687127941492e-14,true,true
css,apple-macos-26.5-1x-dark-standard,checkerboard-64__capsule-button__rest,0.5779967159277504,0.5779967159277504,0,true,true
css,apple-macos-26.5-1x-dark-standard,checkerboard-64__capsule-button__rest-tint-orange,0.5779967159277504,0.5779967159277504,0,true,true
css,apple-macos-26.5-1x-dark-standard,checkerboard-64__rrect-lg__inactive,0.502464853021727,0.5024648530217273,5.6621374255882984e-14,true,true
css,apple-macos-26.5-1x-dark-standard,checkerboard-64__rrect-lg__rest,0.502464853021727,0.5024648530217273,5.6621374255882984e-14,true,true
css,apple-macos-26.5-1x-dark-standard,checkerboard-64__rrect-md__inactive,0.45527156549520753,0.45527156549520764,2.8310687127941492e-14,true,true
css,apple-macos-26.5-1x-dark-standard,checkerboard-64__rrect-md__rest,0.45527156549520753,0.45527156549520764,2.8310687127941492e-14,true,true
css,apple-macos-26.5-1x-dark-standard,checkerboard-64__rrect-ml__rest,0.5099828864803193,0.5099828864803194,2.8310687127941492e-14,true,true
css,apple-macos-26.5-1x-dark-standard,checkerboard-64__rrect-sm__rest,0.9999999999999999,1,2.8310687127941492e-14,true,true
css,apple-macos-26.5-1x-dark-standard,checkerboard-8__capsule-button__rest,0.4999999999999999,0.5,2.8310687127941492e-14,true,true
css,apple-macos-26.5-1x-dark-standard,checkerboard-8__capsule-button__rest-tint-orange,0.4999999999999999,0.5,2.8310687127941492e-14,true,true
css,apple-macos-26.5-1x-dark-standard,checkerboard-8__rrect-lg__inactive,0.49999999999999994,0.5,1.4155343563970746e-14,true,true
css,apple-macos-26.5-1x-dark-standard,checkerboard-8__rrect-lg__rest,0.49999999999999994,0.5,1.4155343563970746e-14,true,true
css,apple-macos-26.5-1x-dark-standard,checkerboard-8__rrect-md__inactive,0.49999999999999994,0.5,1.4155343563970746e-14,true,true
css,apple-macos-26.5-1x-dark-standard,checkerboard-8__rrect-md__rest,0.49999999999999994,0.5,1.4155343563970746e-14,true,true
css,apple-macos-26.5-1x-dark-standard,checkerboard-8__rrect-ml__rest,0.49999999999999994,0.5,1.4155343563970746e-14,true,true
css,apple-macos-26.5-1x-dark-standard,checkerboard-8__rrect-sm__rest,0.4999999999999999,0.5,2.8310687127941492e-14,true,true
css,apple-macos-26.5-1x-dark-standard,checkerboard-lc16__rrect-lg__rest,0.7000000000000001,0.699999999999472,-1.3464562798048973e-10,true,true
css,apple-macos-26.5-1x-dark-standard,checkerboard-lc16__rrect-ml__rest,0.7000000000000001,0.6999999999998068,-4.928890628974614e-11,true,true
css,apple-macos-26.5-1x-dark-standard,checkerboard-lc16__rrect-sm__rest,0.7,0.7000000000000058,1.500466417780899e-12,true,true
css,apple-macos-26.5-1x-dark-standard,checkerboard__capsule-button__inactive,0.4999999999999999,0.5,2.8310687127941492e-14,true,true
css,apple-macos-26.5-1x-dark-standard,checkerboard__capsule-button__inactive-tint-orange,0.4999999999999999,0.5,2.8310687127941492e-14,true,true
css,apple-macos-26.5-1x-dark-standard,checkerboard__capsule-button__rest,0.4999999999999999,0.5,2.8310687127941492e-14,true,true
css,apple-macos-26.5-1x-dark-standard,checkerboard__capsule-button__rest-tint-orange,0.4999999999999999,0.5,2.8310687127941492e-14,true,true
css,apple-macos-26.5-1x-dark-standard,checkerboard__glass-over-glass__inactive,0.49999999999999994,0.5,1.4155343563970746e-14,true,true
css,apple-macos-26.5-1x-dark-standard,checkerboard__glass-over-glass__rest,0.49999999999999994,0.5,1.4155343563970746e-14,true,true
css,apple-macos-26.5-1x-dark-standard,checkerboard__rrect-md__inactive,0.4999999999999999,0.5,2.8310687127941492e-14,true,true
css,apple-macos-26.5-1x-dark-standard,checkerboard__rrect-md__rest,0.4999999999999999,0.5,2.8310687127941492e-14,true,true
css,apple-macos-26.5-1x-dark-standard,hc-text-28__rrect-lg__rest,0.7081887894832936,0.7081887894832938,5.6621374255882984e-14,true,true
css,apple-macos-26.5-1x-dark-standard,hc-text-28__rrect-sm__rest,0.6159999999999999,0.616,2.8310687127941492e-14,true,true
css,apple-macos-26.5-1x-dark-standard,hc-text-7__rrect-lg__rest,0.6817829103523825,0.6817829103523827,5.6621374255882984e-14,true,true
css,apple-macos-26.5-1x-dark-standard,hc-text-7__rrect-sm__rest,0.6229999999999999,0.623,2.8310687127941492e-14,true,true
css,apple-macos-26.5-1x-dark-standard,impulse__capsule-button__inactive,0.0032840722495894904,0.003284072249589479,-2.8753041614315578e-15,true,true
css,apple-macos-26.5-1x-dark-standard,impulse__capsule-button__rest,0.0032840722495894904,0.003284072249589479,-2.8753041614315578e-15,true,true
css,apple-macos-26.5-1x-dark-standard,impulse__rrect-lg__inactive,0.0054774511593938275,0.005477451159393822,-1.3270634591222574e-15,true,true
css,apple-macos-26.5-1x-dark-standard,impulse__rrect-lg__rest,0.0054774511593938275,0.005477451159393822,-1.3270634591222574e-15,true,true
css,apple-macos-26.5-1x-dark-standard,impulse__rrect-ml__inactive,0.003422703936109526,0.0034227039361095207,-1.3270634591222574e-15,true,true
css,apple-macos-26.5-1x-dark-standard,impulse__rrect-ml__rest,0.003422703936109526,0.0034227039361095207,-1.3270634591222574e-15,true,true
css,apple-macos-26.5-1x-dark-standard,impulse__rrect-sm__rest,0.007999999999999998,0.007999999999999972,-6.635317295611287e-15,true,true
css,apple-macos-26.5-1x-dark-standard,photo__capsule-button__inactive,0.46274873418332846,0.46274873418332674,-4.388156504830931e-13,true,true
css,apple-macos-26.5-1x-dark-standard,photo__capsule-button__inactive-pressed,0.46274873418332846,0.46138455652059357,-0.3478653039973967,false,true
css,apple-macos-26.5-1x-dark-standard,photo__capsule-button__inactive-tint-orange,0.46274873418332846,0.46274873418332674,-4.388156504830931e-13,true,true
css,apple-macos-26.5-1x-dark-standard,photo__capsule-button__pressed,0.46274873418332846,0.46138455652059357,-0.3478653039973967,false,true
css,apple-macos-26.5-1x-dark-standard,photo__capsule-button__rest,0.46274873418332846,0.46274873418332674,-4.388156504830931e-13,true,true
css,apple-macos-26.5-1x-dark-standard,photo__capsule-button__rest-tint-orange,0.46274873418332846,0.46274873418332674,-4.388156504830931e-13,true,true
css,apple-macos-26.5-1x-dark-standard,photo__rrect-lg__inactive,0.44151759493353665,0.44151759493353365,-7.643885524544203e-13,true,true
css,apple-macos-26.5-1x-dark-standard,photo__rrect-lg__rest,0.44151759493353665,0.44151759493353365,-7.643885524544203e-13,true,true
css,apple-macos-26.5-1x-dark-standard,photo__rrect-md__inactive,0.44739552256259263,0.44739552256259096,-4.246603069191224e-13,true,true
css,apple-macos-26.5-1x-dark-standard,photo__rrect-md__rest,0.44739552256259263,0.44739552256259096,-4.246603069191224e-13,true,true
css,apple-macos-26.5-1x-dark-standard,photo__rrect-ml__inactive,0.44394231566614095,0.44394231566614173,1.9817480989559044e-13,true,true
css,apple-macos-26.5-1x-light-increased-contrast,checkerboard__capsule-button__inactive,0.4999999999999999,0.5,2.8310687127941492e-14,true,true
css,apple-macos-26.5-1x-light-increased-contrast,checkerboard__capsule-button__inactive-tint-orange,0.4999999999999999,0.5,2.8310687127941492e-14,true,true
css,apple-macos-26.5-1x-light-increased-contrast,checkerboard__capsule-button__rest,0.4999999999999999,0.5,2.8310687127941492e-14,true,true
css,apple-macos-26.5-1x-light-increased-contrast,checkerboard__capsule-button__rest-tint-orange,0.4999999999999999,0.5,2.8310687127941492e-14,true,true
css,apple-macos-26.5-1x-light-increased-contrast,checkerboard__rrect-md__inactive,0.4999999999999999,0.5,2.8310687127941492e-14,true,true
css,apple-macos-26.5-1x-light-increased-contrast,checkerboard__rrect-md__rest,0.4999999999999999,0.5,2.8310687127941492e-14,true,true
css,apple-macos-26.5-1x-light-increased-contrast,hc-text__capsule-button__inactive,0.6026272577996714,0.6026272577996716,5.6621374255882984e-14,true,true
css,apple-macos-26.5-1x-light-increased-contrast,hc-text__capsule-button__rest,0.6026272577996714,0.6026272577996716,5.6621374255882984e-14,true,true
css,apple-macos-26.5-1x-light-increased-contrast,photo__capsule-button__inactive,0.46274873418332846,0.46274873418332674,-4.388156504830931e-13,true,true
css,apple-macos-26.5-1x-light-increased-contrast,photo__capsule-button__inactive-pressed,0.46274873418332846,0.46138455652059357,-0.3478653039973967,false,true
css,apple-macos-26.5-1x-light-increased-contrast,photo__capsule-button__inactive-tint-orange,0.46274873418332846,0.46274873418332674,-4.388156504830931e-13,true,true
css,apple-macos-26.5-1x-light-increased-contrast,photo__capsule-button__pressed,0.46274873418332846,0.46138455652059357,-0.3478653039973967,false,true
css,apple-macos-26.5-1x-light-increased-contrast,photo__capsule-button__rest,0.46274873418332846,0.46274873418332674,-4.388156504830931e-13,true,true
css,apple-macos-26.5-1x-light-increased-contrast,photo__capsule-button__rest-tint-orange,0.46274873418332846,0.46274873418332674,-4.388156504830931e-13,true,true
css,apple-macos-26.5-1x-light-increased-contrast,photo__rrect-lg__inactive,0.44151759493353665,0.44151759493353365,-7.643885524544203e-13,true,true
css,apple-macos-26.5-1x-light-increased-contrast,photo__rrect-lg__rest,0.44151759493353665,0.44151759493353365,-7.643885524544203e-13,true,true
css,apple-macos-26.5-1x-light-increased-contrast,photo__rrect-md__inactive,0.44739552256259263,0.44739552256259096,-4.246603069191224e-13,true,true
css,apple-macos-26.5-1x-light-increased-contrast,photo__rrect-md__rest,0.44739552256259263,0.44739552256259096,-4.246603069191224e-13,true,true
css,apple-macos-26.5-1x-light-increased-contrast,photo__toolbar-group__inactive,0.4906975334496801,0.4906975334496791,-2.5479618415147343e-13,true,true
css,apple-macos-26.5-1x-light-increased-contrast,photo__toolbar-group__rest,0.4906975334496801,0.4906975334496791,-2.5479618415147343e-13,true,true
css,apple-macos-26.5-1x-light-reduced-transparency,checkerboard__capsule-button__inactive,0.4999999999999999,0.5,2.8310687127941492e-14,true,true
css,apple-macos-26.5-1x-light-reduced-transparency,checkerboard__capsule-button__rest,0.4999999999999999,0.5,2.8310687127941492e-14,true,true
css,apple-macos-26.5-1x-light-reduced-transparency,checkerboard__rrect-md__inactive,0.4999999999999999,0.5,2.8310687127941492e-14,true,true
css,apple-macos-26.5-1x-light-reduced-transparency,checkerboard__rrect-md__rest,0.4999999999999999,0.5,2.8310687127941492e-14,true,true
css,apple-macos-26.5-1x-light-reduced-transparency,hc-text__capsule-button__inactive,0.6026272577996714,0.6026272577996716,5.6621374255882984e-14,true,true
css,apple-macos-26.5-1x-light-reduced-transparency,hc-text__capsule-button__rest,0.6026272577996714,0.6026272577996716,5.6621374255882984e-14,true,true
css,apple-macos-26.5-1x-light-reduced-transparency,photo__capsule-button__inactive,0.46274873418332846,0.46274873418332674,-4.388156504830931e-13,true,true
css,apple-macos-26.5-1x-light-reduced-transparency,photo__capsule-button__inactive-pressed,0.46274873418332846,0.46138455652059357,-0.3478653039973967,false,true
css,apple-macos-26.5-1x-light-reduced-transparency,photo__capsule-button__inactive-tint-orange,0.46274873418332846,0.46274873418332674,-4.388156504830931e-13,true,true
css,apple-macos-26.5-1x-light-reduced-transparency,photo__capsule-button__pressed,0.46274873418332846,0.46138455652059357,-0.3478653039973967,false,true
css,apple-macos-26.5-1x-light-reduced-transparency,photo__capsule-button__rest,0.46274873418332846,0.46274873418332674,-4.388156504830931e-13,true,true
css,apple-macos-26.5-1x-light-reduced-transparency,photo__capsule-button__rest-tint-orange,0.46274873418332846,0.46274873418332674,-4.388156504830931e-13,true,true
css,apple-macos-26.5-1x-light-reduced-transparency,photo__rrect-lg__inactive,0.44151759493353665,0.44151759493353365,-7.643885524544203e-13,true,true
css,apple-macos-26.5-1x-light-reduced-transparency,photo__rrect-lg__rest,0.44151759493353665,0.44151759493353365,-7.643885524544203e-13,true,true
css,apple-macos-26.5-1x-light-reduced-transparency,photo__rrect-md__inactive,0.44739552256259263,0.44739552256259096,-4.246603069191224e-13,true,true
css,apple-macos-26.5-1x-light-reduced-transparency,photo__rrect-md__rest,0.44739552256259263,0.44739552256259096,-4.246603069191224e-13,true,true
css,apple-macos-26.5-1x-light-reduced-transparency,photo__toolbar-group__inactive,0.4906975334496801,0.4906975334496791,-2.5479618415147343e-13,true,true
css,apple-macos-26.5-1x-light-reduced-transparency,photo__toolbar-group__rest,0.4906975334496801,0.4906975334496791,-2.5479618415147343e-13,true,true
css,apple-macos-26.5-1x-light-standard,checkerboard-32__capsule-button__rest,0.4999999999999999,0.5,2.8310687127941492e-14,true,true
css,apple-macos-26.5-1x-light-standard,checkerboard-32__capsule-button__rest-tint-orange,0.4999999999999999,0.5,2.8310687127941492e-14,true,true
css,apple-macos-26.5-1x-light-standard,checkerboard-32__rrect-lg__inactive,0.49999999999999994,0.5,1.4155343563970746e-14,true,true
css,apple-macos-26.5-1x-light-standard,checkerboard-32__rrect-lg__rest,0.49999999999999994,0.5,1.4155343563970746e-14,true,true
css,apple-macos-26.5-1x-light-standard,checkerboard-32__rrect-md__rest,0.4999999999999999,0.5,2.8310687127941492e-14,true,true
css,apple-macos-26.5-1x-light-standard,checkerboard-32__rrect-ml__rest,0.4999999999999999,0.5,2.8310687127941492e-14,true,true
css,apple-macos-26.5-1x-light-standard,checkerboard-32__rrect-sm__rest,0.4999999999999999,0.5,2.8310687127941492e-14,true,true
css,apple-macos-26.5-1x-light-standard,checkerboard-4__capsule-button__rest,0.49999999999999983,0.5,4.246603069191224e-14,true,true
css,apple-macos-26.5-1x-light-standard,checkerboard-4__capsule-button__rest-tint-orange,0.49999999999999983,0.5,4.246603069191224e-14,true,true
css,apple-macos-26.5-1x-light-standard,checkerboard-4__rrect-lg__rest,0.49999999999999983,0.5,4.246603069191224e-14,true,true
css,apple-macos-26.5-1x-light-standard,checkerboard-4__rrect-ml__rest,0.4999999999999999,0.5,2.8310687127941492e-14,true,true
css,apple-macos-26.5-1x-light-standard,checkerboard-4__rrect-sm__rest,0.4999999999999999,0.5,2.8310687127941492e-14,true,true
css,apple-macos-26.5-1x-light-standard,checkerboard-64__capsule-button__rest,0.5779967159277504,0.5779967159277504,0,true,true
css,apple-macos-26.5-1x-light-standard,checkerboard-64__capsule-button__rest-tint-orange,0.5779967159277504,0.5779967159277504,0,true,true
css,apple-macos-26.5-1x-light-standard,checkerboard-64__rrect-lg__inactive,0.502464853021727,0.5024648530217273,5.6621374255882984e-14,true,true
css,apple-macos-26.5-1x-light-standard,checkerboard-64__rrect-lg__rest,0.502464853021727,0.5024648530217273,5.6621374255882984e-14,true,true
css,apple-macos-26.5-1x-light-standard,checkerboard-64__rrect-md__inactive,0.45527156549520753,0.45527156549520764,2.8310687127941492e-14,true,true
css,apple-macos-26.5-1x-light-standard,checkerboard-64__rrect-md__rest,0.45527156549520753,0.45527156549520764,2.8310687127941492e-14,true,true
css,apple-macos-26.5-1x-light-standard,checkerboard-64__rrect-ml__rest,0.5099828864803193,0.5099828864803194,2.8310687127941492e-14,true,true
css,apple-macos-26.5-1x-light-standard,checkerboard-64__rrect-sm__rest,0.9999999999999999,1,2.8310687127941492e-14,true,true
css,apple-macos-26.5-1x-light-standard,checkerboard-8__capsule-button__rest,0.4999999999999999,0.5,2.8310687127941492e-14,true,true
css,apple-macos-26.5-1x-light-standard,checkerboard-8__capsule-button__rest-tint-orange,0.4999999999999999,0.5,2.8310687127941492e-14,true,true
css,apple-macos-26.5-1x-light-standard,checkerboard-8__rrect-lg__inactive,0.49999999999999994,0.5,1.4155343563970746e-14,true,true
css,apple-macos-26.5-1x-light-standard,checkerboard-8__rrect-lg__rest,0.49999999999999994,0.5,1.4155343563970746e-14,true,true
css,apple-macos-26.5-1x-light-standard,checkerboard-8__rrect-md__inactive,0.49999999999999994,0.5,1.4155343563970746e-14,true,true
css,apple-macos-26.5-1x-light-standard,checkerboard-8__rrect-md__rest,0.49999999999999994,0.5,1.4155343563970746e-14,true,true
css,apple-macos-26.5-1x-light-standard,checkerboard-8__rrect-ml__rest,0.49999999999999994,0.5,1.4155343563970746e-14,true,true
css,apple-macos-26.5-1x-light-standard,checkerboard-8__rrect-sm__rest,0.4999999999999999,0.5,2.8310687127941492e-14,true,true
css,apple-macos-26.5-1x-light-standard,checkerboard-lc16__rrect-lg__rest,0.7000000000000001,0.699999999999472,-1.3464562798048973e-10,true,true
css,apple-macos-26.5-1x-light-standard,checkerboard-lc16__rrect-ml__rest,0.7000000000000001,0.6999999999998068,-4.928890628974614e-11,true,true
css,apple-macos-26.5-1x-light-standard,checkerboard-lc16__rrect-sm__rest,0.7,0.7000000000000058,1.500466417780899e-12,true,true
css,apple-macos-26.5-1x-light-standard,checkerboard__capsule-button__inactive,0.4999999999999999,0.5,2.8310687127941492e-14,true,true
css,apple-macos-26.5-1x-light-standard,checkerboard__capsule-button__inactive-pressed,0.4999999999999999,0.5,2.8310687127941492e-14,false,true
css,apple-macos-26.5-1x-light-standard,checkerboard__capsule-button__inactive-tint-blue,0.4999999999999999,0.5,2.8310687127941492e-14,true,true
css,apple-macos-26.5-1x-light-standard,checkerboard__capsule-button__inactive-tint-orange,0.4999999999999999,0.5,2.8310687127941492e-14,true,true
css,apple-macos-26.5-1x-light-standard,checkerboard__capsule-button__pressed,0.4999999999999999,0.5,2.8310687127941492e-14,false,true
css,apple-macos-26.5-1x-light-standard,checkerboard__capsule-button__rest,0.4999999999999999,0.5,2.8310687127941492e-14,true,true
css,apple-macos-26.5-1x-light-standard,checkerboard__capsule-button__rest-tint-blue,0.4999999999999999,0.5,2.8310687127941492e-14,true,true
css,apple-macos-26.5-1x-light-standard,checkerboard__capsule-button__rest-tint-orange,0.4999999999999999,0.5,2.8310687127941492e-14,true,true
css,apple-macos-26.5-1x-light-standard,checkerboard__glass-over-glass__inactive,0.49999999999999994,0.5,1.4155343563970746e-14,true,true
css,apple-macos-26.5-1x-light-standard,checkerboard__glass-over-glass__rest,0.49999999999999994,0.5,1.4155343563970746e-14,true,true
css,apple-macos-26.5-1x-light-standard,checkerboard__rrect-lg__inactive,0.49999999999999994,0.5,1.4155343563970746e-14,true,true
css,apple-macos-26.5-1x-light-standard,checkerboard__rrect-lg__rest,0.49999999999999994,0.5,1.4155343563970746e-14,true,true
css,apple-macos-26.5-1x-light-standard,checkerboard__rrect-md__inactive,0.4999999999999999,0.5,2.8310687127941492e-14,true,true
css,apple-macos-26.5-1x-light-standard,checkerboard__rrect-md__inactive-pressed,0.4999999999999999,0.5,2.8310687127941492e-14,false,true
css,apple-macos-26.5-1x-light-standard,checkerboard__rrect-md__pressed,0.4999999999999999,0.5,2.8310687127941492e-14,false,true
css,apple-macos-26.5-1x-light-standard,checkerboard__rrect-md__rest,0.4999999999999999,0.5,2.8310687127941492e-14,true,true
css,apple-macos-26.5-1x-light-standard,checkerboard__rrect-sm__inactive,0.4999999999999999,0.5,2.8310687127941492e-14,true,true
css,apple-macos-26.5-1x-light-standard,checkerboard__rrect-sm__rest,0.4999999999999999,0.5,2.8310687127941492e-14,true,true
css,apple-macos-26.5-1x-light-standard,checkerboard__toolbar-group__inactive,0.4999999999999999,0.5,2.8310687127941492e-14,true,true
css,apple-macos-26.5-1x-light-standard,checkerboard__toolbar-group__rest,0.4999999999999999,0.5,2.8310687127941492e-14,true,true
css,apple-macos-26.5-1x-light-standard,hc-text-28__rrect-lg__rest,0.7081887894832936,0.7081887894832938,5.6621374255882984e-14,true,true
css,apple-macos-26.5-1x-light-standard,hc-text-28__rrect-sm__rest,0.6159999999999999,0.616,2.8310687127941492e-14,true,true
css,apple-macos-26.5-1x-light-standard,hc-text-7__rrect-lg__rest,0.6817829103523825,0.6817829103523827,5.6621374255882984e-14,true,true
css,apple-macos-26.5-1x-light-standard,hc-text-7__rrect-sm__rest,0.6229999999999999,0.623,2.8310687127941492e-14,true,true
css,apple-macos-26.5-1x-light-standard,hc-text__capsule-button__inactive,0.6026272577996714,0.6026272577996716,5.6621374255882984e-14,true,true
css,apple-macos-26.5-1x-light-standard,hc-text__capsule-button__inactive-tint-orange,0.6026272577996714,0.6026272577996716,5.6621374255882984e-14,true,true
css,apple-macos-26.5-1x-light-standard,hc-text__capsule-button__rest,0.6026272577996714,0.6026272577996716,5.6621374255882984e-14,true,true
css,apple-macos-26.5-1x-light-standard,hc-text__capsule-button__rest-tint-orange,0.6026272577996714,0.6026272577996716,5.6621374255882984e-14,true,true
css,apple-macos-26.5-1x-light-standard,hc-text__rrect-md__inactive,0.6060303514376996,0.6060303514376997,2.8310687127941492e-14,true,true
css,apple-macos-26.5-1x-light-standard,hc-text__rrect-md__rest,0.6060303514376996,0.6060303514376997,2.8310687127941492e-14,true,true
css,apple-macos-26.5-1x-light-standard,impulse__capsule-button__inactive,0.0032840722495894904,0.003284072249589479,-2.8753041614315578e-15,true,true
css,apple-macos-26.5-1x-light-standard,impulse__capsule-button__inactive-tint-orange,0.0032840722495894904,0.003284072249589479,-2.8753041614315578e-15,true,true
css,apple-macos-26.5-1x-light-standard,impulse__capsule-button__rest,0.0032840722495894904,0.003284072249589479,-2.8753041614315578e-15,true,true
css,apple-macos-26.5-1x-light-standard,impulse__capsule-button__rest-tint-orange,0.0032840722495894904,0.003284072249589479,-2.8753041614315578e-15,true,true
css,apple-macos-26.5-1x-light-standard,impulse__rrect-lg__inactive,0.0054774511593938275,0.005477451159393822,-1.3270634591222574e-15,true,true
css,apple-macos-26.5-1x-light-standard,impulse__rrect-lg__rest,0.0054774511593938275,0.005477451159393822,-1.3270634591222574e-15,true,true
css,apple-macos-26.5-1x-light-standard,impulse__rrect-md__inactive,0.0031948881789137375,0.0031948881789137266,-2.7647155398380363e-15,true,true
css,apple-macos-26.5-1x-light-standard,impulse__rrect-md__rest,0.0031948881789137375,0.0031948881789137266,-2.7647155398380363e-15,true,true
css,apple-macos-26.5-1x-light-standard,impulse__rrect-ml__inactive,0.003422703936109526,0.0034227039361095207,-1.3270634591222574e-15,true,true
css,apple-macos-26.5-1x-light-standard,impulse__rrect-ml__rest,0.003422703936109526,0.0034227039361095207,-1.3270634591222574e-15,true,true
css,apple-macos-26.5-1x-light-standard,impulse__rrect-sm__rest,0.007999999999999998,0.007999999999999972,-6.635317295611287e-15,true,true
css,apple-macos-26.5-1x-light-standard,photo__capsule-button__inactive,0.46274873418332846,0.46274873418332674,-4.388156504830931e-13,true,true
css,apple-macos-26.5-1x-light-standard,photo__capsule-button__inactive-pressed,0.46274873418332846,0.46138455652059357,-0.3478653039973967,false,true
css,apple-macos-26.5-1x-light-standard,photo__capsule-button__inactive-tint-blue,0.46274873418332846,0.46274873418332674,-4.388156504830931e-13,true,true
css,apple-macos-26.5-1x-light-standard,photo__capsule-button__inactive-tint-orange,0.46274873418332846,0.46274873418332674,-4.388156504830931e-13,true,true
css,apple-macos-26.5-1x-light-standard,photo__capsule-button__inactive-tint-orange-half,0.46274873418332846,0.46274873418332674,-4.388156504830931e-13,true,true
css,apple-macos-26.5-1x-light-standard,photo__capsule-button__pressed,0.46274873418332846,0.46138455652059357,-0.3478653039973967,false,true
css,apple-macos-26.5-1x-light-standard,photo__capsule-button__rest,0.46274873418332846,0.46274873418332674,-4.388156504830931e-13,true,true
css,apple-macos-26.5-1x-light-standard,photo__capsule-button__rest-tint-blue,0.46274873418332846,0.46274873418332674,-4.388156504830931e-13,true,true
css,apple-macos-26.5-1x-light-standard,photo__capsule-button__rest-tint-orange,0.46274873418332846,0.46274873418332674,-4.388156504830931e-13,true,true
css,apple-macos-26.5-1x-light-standard,photo__capsule-button__rest-tint-orange-half,0.46274873418332846,0.46274873418332674,-4.388156504830931e-13,true,true
css,apple-macos-26.5-1x-light-standard,photo__glass-over-glass__inactive,0.4413855273463122,0.44138552734631226,1.4155343563970746e-14,true,true
css,apple-macos-26.5-1x-light-standard,photo__glass-over-glass__rest,0.4413855273463122,0.44138552734631226,1.4155343563970746e-14,true,true
css,apple-macos-26.5-1x-light-standard,photo__rrect-lg__inactive,0.44151759493353665,0.44151759493353365,-7.643885524544203e-13,true,true
css,apple-macos-26.5-1x-light-standard,photo__rrect-lg__inactive-tint-orange,0.44151759493353665,0.44151759493353365,-7.643885524544203e-13,true,true
css,apple-macos-26.5-1x-light-standard,photo__rrect-lg__rest,0.44151759493353665,0.44151759493353365,-7.643885524544203e-13,true,true
css,apple-macos-26.5-1x-light-standard,photo__rrect-lg__rest-tint-orange,0.44151759493353665,0.44151759493353365,-7.643885524544203e-13,true,true
css,apple-macos-26.5-1x-light-standard,photo__rrect-md__inactive,0.44739552256259263,0.44739552256259096,-4.246603069191224e-13,true,true
css,apple-macos-26.5-1x-light-standard,photo__rrect-md__inactive-pressed,0.44739552256259263,0.4484215622535503,0.26164012119420293,false,true
css,apple-macos-26.5-1x-light-standard,photo__rrect-md__inactive-tint-orange,0.44739552256259263,0.44739552256259096,-4.246603069191224e-13,true,true
css,apple-macos-26.5-1x-light-standard,photo__rrect-md__pressed,0.44739552256259263,0.4484215622535503,0.26164012119420293,false,true
css,apple-macos-26.5-1x-light-standard,photo__rrect-md__rest,0.44739552256259263,0.44739552256259096,-4.246603069191224e-13,true,true
css,apple-macos-26.5-1x-light-standard,photo__rrect-md__rest-tint-orange,0.44739552256259263,0.44739552256259096,-4.246603069191224e-13,true,true
css,apple-macos-26.5-1x-light-standard,photo__rrect-ml__inactive,0.44394231566614095,0.44394231566614173,1.9817480989559044e-13,true,true
css,apple-macos-26.5-1x-light-standard,photo__rrect-ml__rest,0.44394231566614095,0.44394231566614173,1.9817480989559044e-13,true,true
css,apple-macos-26.5-1x-light-standard,photo__rrect-sm__inactive,0.42298461607843135,0.42298461607843124,-2.8310687127941492e-14,true,true
css,apple-macos-26.5-1x-light-standard,photo__rrect-sm__rest,0.42298461607843135,0.42298461607843124,-2.8310687127941492e-14,true,true
css,apple-macos-26.5-1x-light-standard,photo__toolbar-group__inactive,0.4906975334496801,0.4906975334496791,-2.5479618415147343e-13,true,true
css,apple-macos-26.5-1x-light-standard,photo__toolbar-group__rest,0.4906975334496801,0.4906975334496791,-2.5479618415147343e-13,true,true
css,apple-macos-26.5-2x-dark-standard,checkerboard-32__capsule-button__rest,0.4999999999999999,0.5,2.8310687127941492e-14,true,true
css,apple-macos-26.5-2x-dark-standard,checkerboard-32__capsule-button__rest-tint-orange,0.4999999999999999,0.5,2.8310687127941492e-14,true,true
css,apple-macos-26.5-2x-dark-standard,checkerboard-32__rrect-lg__inactive,0.49999999999999983,0.5,4.246603069191224e-14,true,true
css,apple-macos-26.5-2x-dark-standard,checkerboard-32__rrect-lg__rest,0.49999999999999983,0.5,4.246603069191224e-14,true,true
css,apple-macos-26.5-2x-dark-standard,checkerboard-32__rrect-md__rest,0.4999999999999999,0.5,2.8310687127941492e-14,true,true
css,apple-macos-26.5-2x-dark-standard,checkerboard-32__rrect-ml__rest,0.4999999999999999,0.5,2.8310687127941492e-14,true,true
css,apple-macos-26.5-2x-dark-standard,checkerboard-32__rrect-sm__rest,0.4999999999999999,0.5,2.8310687127941492e-14,true,true
css,apple-macos-26.5-2x-dark-standard,checkerboard-4__capsule-button__rest,0.4999999999999999,0.5,2.8310687127941492e-14,true,true
css,apple-macos-26.5-2x-dark-standard,checkerboard-4__capsule-button__rest-tint-orange,0.4999999999999999,0.5,2.8310687127941492e-14,true,true
css,apple-macos-26.5-2x-dark-standard,checkerboard-4__rrect-lg__rest,0.49999999999999994,0.5,1.4155343563970746e-14,true,true
css,apple-macos-26.5-2x-dark-standard,checkerboard-4__rrect-ml__rest,0.49999999999999994,0.5,1.4155343563970746e-14,true,true
css,apple-macos-26.5-2x-dark-standard,checkerboard-4__rrect-sm__rest,0.4999999999999999,0.5,2.8310687127941492e-14,true,true
css,apple-macos-26.5-2x-dark-standard,checkerboard-64__capsule-button__rest,0.5785905074994862,0.5785905074994864,5.6621374255882984e-14,true,true
css,apple-macos-26.5-2x-dark-standard,checkerboard-64__capsule-button__rest-tint-orange,0.5785905074994862,0.5785905074994864,5.6621374255882984e-14,true,true
css,apple-macos-26.5-2x-dark-standard,checkerboard-64__rrect-lg__inactive,0.5025336681123029,0.5025336681123032,5.6621374255882984e-14,true,true
css,apple-macos-26.5-2x-dark-standard,checkerboard-64__rrect-lg__rest,0.5025336681123029,0.5025336681123032,5.6621374255882984e-14,true,true
css,apple-macos-26.5-2x-dark-standard,checkerboard-64__rrect-md__inactive,0.4550146510388917,0.4550146510388918,2.8310687127941492e-14,true,true
css,apple-macos-26.5-2x-dark-standard,checkerboard-64__rrect-md__rest,0.4550146510388917,0.4550146510388918,2.8310687127941492e-14,true,true
css,apple-macos-26.5-2x-dark-standard,checkerboard-64__rrect-ml__rest,0.5099108734402851,0.5099108734402852,2.8310687127941492e-14,true,true
css,apple-macos-26.5-2x-dark-standard,checkerboard-64__rrect-sm__rest,0.9999999999999998,1,5.6621374255882984e-14,true,true
css,apple-macos-26.5-2x-dark-standard,checkerboard-8__capsule-button__rest-tint-orange,0.4999999999999999,0.5,2.8310687127941492e-14,true,true
css,apple-macos-26.5-2x-dark-standard,checkerboard-8__rrect-lg__inactive,0.49999999999999994,0.5,1.4155343563970746e-14,true,true
css,apple-macos-26.5-2x-dark-standard,checkerboard-8__rrect-lg__rest,0.49999999999999994,0.5,1.4155343563970746e-14,true,true
css,apple-macos-26.5-2x-dark-standard,checkerboard-8__rrect-md__inactive,0.4999999999999999,0.5,2.8310687127941492e-14,true,true
css,apple-macos-26.5-2x-dark-standard,checkerboard-8__rrect-md__rest,0.4999999999999999,0.5,2.8310687127941492e-14,true,true
css,apple-macos-26.5-2x-dark-standard,checkerboard-8__rrect-ml__rest,0.49999999999999994,0.5,1.4155343563970746e-14,true,true
css,apple-macos-26.5-2x-dark-standard,checkerboard-8__rrect-sm__rest,0.4999999999999999,0.5,2.8310687127941492e-14,true,true
css,apple-macos-26.5-2x-dark-standard,checkerboard-lc16__rrect-lg__rest,0.7000000000000001,0.6999999999986855,-3.352268462819552e-10,true,true
css,apple-macos-26.5-2x-dark-standard,checkerboard-lc16__rrect-ml__rest,0.7,0.699999999999589,-1.048061637476394e-10,true,true
css,apple-macos-26.5-2x-dark-standard,checkerboard-lc16__rrect-sm__rest,0.7000000000000001,0.7000000000000683,1.7411072583684017e-11,true,true
css,apple-macos-26.5-2x-dark-standard,checkerboard__capsule-button__inactive,0.4999999999999999,0.5,2.8310687127941492e-14,true,true
css,apple-macos-26.5-2x-dark-standard,checkerboard__capsule-button__inactive-tint-orange,0.4999999999999999,0.5,2.8310687127941492e-14,true,true
css,apple-macos-26.5-2x-dark-standard,checkerboard__capsule-button__rest,0.4999999999999999,0.5,2.8310687127941492e-14,true,true
css,apple-macos-26.5-2x-dark-standard,checkerboard__capsule-button__rest-tint-orange,0.4999999999999999,0.5,2.8310687127941492e-14,true,true
css,apple-macos-26.5-2x-dark-standard,checkerboard__glass-over-glass__inactive,0.4999999999999999,0.5,2.8310687127941492e-14,true,true
css,apple-macos-26.5-2x-dark-standard,checkerboard__glass-over-glass__rest,0.4999999999999999,0.5,2.8310687127941492e-14,true,true
css,apple-macos-26.5-2x-dark-standard,checkerboard__rrect-md__inactive,0.4999999999999999,0.5,2.8310687127941492e-14,true,true
css,apple-macos-26.5-2x-dark-standard,checkerboard__rrect-md__rest,0.4999999999999999,0.5,2.8310687127941492e-14,true,true
css,apple-macos-26.5-2x-dark-standard,hc-text-28__rrect-lg__rest,0.7083599634786577,0.7083599634786578,2.8310687127941492e-14,true,true
css,apple-macos-26.5-2x-dark-standard,hc-text-28__rrect-sm__rest,0.6150375939849623,0.6150375939849624,2.8310687127941492e-14,true,true
css,apple-macos-26.5-2x-dark-standard,hc-text-7__rrect-lg__rest,0.6820417712850946,0.6820417712850947,2.8310687127941492e-14,true,true
css,apple-macos-26.5-2x-dark-standard,hc-text-7__rrect-sm__rest,0.6228070175438596,0.6228070175438597,2.8310687127941492e-14,true,true
css,apple-macos-26.5-2x-dark-standard,impulse__capsule-button__inactive,0.00328744606533799,0.003287446065337979,-2.8753041614315578e-15,true,true
css,apple-macos-26.5-2x-dark-standard,impulse__capsule-button__rest,0.00328744606533799,0.003287446065337979,-2.8753041614315578e-15,true,true
css,apple-macos-26.5-2x-dark-standard,impulse__rrect-lg__inactive,0.005478201323898652,0.005478201323898653,2.211772431870429e-16,true,true
css,apple-macos-26.5-2x-dark-standard,impulse__rrect-lg__rest,0.005478201323898652,0.005478201323898653,2.211772431870429e-16,true,true
css,apple-macos-26.5-2x-dark-standard,impulse__rrect-ml__inactive,0.0034224598930481277,0.003422459893048128,1.1058862159352145e-16,true,true
css,apple-macos-26.5-2x-dark-standard,impulse__rrect-ml__rest,0.0034224598930481277,0.003422459893048128,1.1058862159352145e-16,true,true
css,apple-macos-26.5-2x-dark-standard,impulse__rrect-sm__rest,0.008020050125313283,0.008020050125313255,-7.077671781985373e-15,true,true
css,apple-macos-26.5-2x-dark-standard,photo__capsule-button__inactive,0.46336221253983406,0.4633622125398313,-7.077671781985373e-13,true,true
css,apple-macos-26.5-2x-dark-standard,photo__capsule-button__inactive-pressed,0.46336221253983406,0.4626059486729704,-0.19284728605023616,false,true
css,apple-macos-26.5-2x-dark-standard,photo__capsule-button__inactive-tint-orange,0.46336221253983406,0.4633622125398313,-7.077671781985373e-13,true,true
css,apple-macos-26.5-2x-dark-standard,photo__capsule-button__pressed,0.46336221253983406,0.4626059486729704,-0.19284728605023616,false,true
css,apple-macos-26.5-2x-dark-standard,photo__capsule-button__rest,0.46336221253983406,0.4633622125398313,-7.077671781985373e-13,true,true
css,apple-macos-26.5-2x-dark-standard,photo__capsule-button__rest-tint-orange,0.46336221253983406,0.4633622125398313,-7.077671781985373e-13,true,true
css,apple-macos-26.5-2x-dark-standard,photo__rrect-lg__inactive,0.4416443888806835,0.44164438888067514,-2.1374568781595826e-12,true,true
css,apple-macos-26.5-2x-dark-standard,photo__rrect-lg__rest,0.4416443888806835,0.44164438888067514,-2.1374568781595826e-12,true,true
css,apple-macos-26.5-2x-dark-standard,photo__rrect-md__inactive,0.44794909244518266,0.44794909244518766,1.2739809207573671e-12,true,true
css,apple-macos-26.5-2x-dark-standard,photo__rrect-md__rest,0.44794909244518266,0.44794909244518766,1.2739809207573671e-12,true,true
css,apple-macos-26.5-2x-dark-standard,photo__rrect-ml__inactive,0.44419389378211177,0.4441938937821124,1.557087792036782e-13,true,true
css,apple-macos-26.5-2x-light-standard,checkerboard-32__capsule-button__rest,0.4999999999999999,0.5,2.8310687127941492e-14,true,true
css,apple-macos-26.5-2x-light-standard,checkerboard-32__capsule-button__rest-tint-orange,0.4999999999999999,0.5,2.8310687127941492e-14,true,true
css,apple-macos-26.5-2x-light-standard,checkerboard-32__rrect-lg__inactive,0.49999999999999983,0.5,4.246603069191224e-14,true,true
css,apple-macos-26.5-2x-light-standard,checkerboard-32__rrect-lg__rest,0.49999999999999983,0.5,4.246603069191224e-14,true,true
css,apple-macos-26.5-2x-light-standard,checkerboard-32__rrect-md__rest,0.4999999999999999,0.5,2.8310687127941492e-14,true,true
css,apple-macos-26.5-2x-light-standard,checkerboard-32__rrect-ml__rest,0.4999999999999999,0.5,2.8310687127941492e-14,true,true
css,apple-macos-26.5-2x-light-standard,checkerboard-32__rrect-sm__rest,0.4999999999999999,0.5,2.8310687127941492e-14,true,true
css,apple-macos-26.5-2x-light-standard,checkerboard-4__capsule-button__rest,0.4999999999999999,0.5,2.8310687127941492e-14,true,true
css,apple-macos-26.5-2x-light-standard,checkerboard-4__capsule-button__rest-tint-orange,0.4999999999999999,0.5,2.8310687127941492e-14,true,true
css,apple-macos-26.5-2x-light-standard,checkerboard-4__rrect-lg__rest,0.49999999999999994,0.5,1.4155343563970746e-14,true,true
css,apple-macos-26.5-2x-light-standard,checkerboard-4__rrect-ml__rest,0.49999999999999994,0.5,1.4155343563970746e-14,true,true
css,apple-macos-26.5-2x-light-standard,checkerboard-4__rrect-sm__rest,0.4999999999999999,0.5,2.8310687127941492e-14,true,true
css,apple-macos-26.5-2x-light-standard,checkerboard-64__capsule-button__rest,0.5785905074994862,0.5785905074994864,5.6621374255882984e-14,true,true
css,apple-macos-26.5-2x-light-standard,checkerboard-64__capsule-button__rest-tint-orange,0.5785905074994862,0.5785905074994864,5.6621374255882984e-14,true,true
css,apple-macos-26.5-2x-light-standard,checkerboard-64__rrect-lg__inactive,0.5025336681123029,0.5025336681123032,5.6621374255882984e-14,true,true
css,apple-macos-26.5-2x-light-standard,checkerboard-64__rrect-lg__rest,0.5025336681123029,0.5025336681123032,5.6621374255882984e-14,true,true
css,apple-macos-26.5-2x-light-standard,checkerboard-64__rrect-md__inactive,0.4550146510388917,0.4550146510388918,2.8310687127941492e-14,true,true
css,apple-macos-26.5-2x-light-standard,checkerboard-64__rrect-md__rest,0.4550146510388917,0.4550146510388918,2.8310687127941492e-14,true,true
css,apple-macos-26.5-2x-light-standard,checkerboard-64__rrect-ml__rest,0.5099108734402851,0.5099108734402852,2.8310687127941492e-14,true,true
css,apple-macos-26.5-2x-light-standard,checkerboard-64__rrect-sm__rest,0.9999999999999998,1,5.6621374255882984e-14,true,true
css,apple-macos-26.5-2x-light-standard,checkerboard-8__capsule-button__rest,0.4999999999999999,0.5,2.8310687127941492e-14,true,true
css,apple-macos-26.5-2x-light-standard,checkerboard-8__capsule-button__rest-tint-orange,0.4999999999999999,0.5,2.8310687127941492e-14,true,true
css,apple-macos-26.5-2x-light-standard,checkerboard-8__rrect-lg__inactive,0.49999999999999994,0.5,1.4155343563970746e-14,true,true
css,apple-macos-26.5-2x-light-standard,checkerboard-8__rrect-lg__rest,0.49999999999999994,0.5,1.4155343563970746e-14,true,true
css,apple-macos-26.5-2x-light-standard,checkerboard-8__rrect-md__inactive,0.4999999999999999,0.5,2.8310687127941492e-14,true,true
css,apple-macos-26.5-2x-light-standard,checkerboard-8__rrect-md__rest,0.4999999999999999,0.5,2.8310687127941492e-14,true,true
css,apple-macos-26.5-2x-light-standard,checkerboard-8__rrect-ml__rest,0.49999999999999994,0.5,1.4155343563970746e-14,true,true
css,apple-macos-26.5-2x-light-standard,checkerboard-8__rrect-sm__rest,0.4999999999999999,0.5,2.8310687127941492e-14,true,true
css,apple-macos-26.5-2x-light-standard,checkerboard-lc16__rrect-lg__rest,0.7000000000000001,0.6999999999986855,-3.352268462819552e-10,true,true
css,apple-macos-26.5-2x-light-standard,checkerboard-lc16__rrect-ml__rest,0.7,0.699999999999589,-1.048061637476394e-10,true,true
css,apple-macos-26.5-2x-light-standard,checkerboard-lc16__rrect-sm__rest,0.7000000000000001,0.7000000000000683,1.7411072583684017e-11,true,true
css,apple-macos-26.5-2x-light-standard,checkerboard__capsule-button__inactive,0.4999999999999999,0.5,2.8310687127941492e-14,true,true
css,apple-macos-26.5-2x-light-standard,checkerboard__capsule-button__inactive-pressed,0.4999999999999999,0.5,2.8310687127941492e-14,false,true
css,apple-macos-26.5-2x-light-standard,checkerboard__capsule-button__inactive-tint-blue,0.4999999999999999,0.5,2.8310687127941492e-14,true,true
css,apple-macos-26.5-2x-light-standard,checkerboard__capsule-button__inactive-tint-orange,0.4999999999999999,0.5,2.8310687127941492e-14,true,true
css,apple-macos-26.5-2x-light-standard,checkerboard__capsule-button__pressed,0.4999999999999999,0.5,2.8310687127941492e-14,false,true
css,apple-macos-26.5-2x-light-standard,checkerboard__capsule-button__rest,0.4999999999999999,0.5,2.8310687127941492e-14,true,true
css,apple-macos-26.5-2x-light-standard,checkerboard__capsule-button__rest-tint-blue,0.4999999999999999,0.5,2.8310687127941492e-14,true,true
css,apple-macos-26.5-2x-light-standard,checkerboard__capsule-button__rest-tint-orange,0.4999999999999999,0.5,2.8310687127941492e-14,true,true
css,apple-macos-26.5-2x-light-standard,checkerboard__glass-over-glass__inactive,0.4999999999999999,0.5,2.8310687127941492e-14,true,true
css,apple-macos-26.5-2x-light-standard,checkerboard__glass-over-glass__rest,0.4999999999999999,0.5,2.8310687127941492e-14,true,true
css,apple-macos-26.5-2x-light-standard,checkerboard__rrect-lg__inactive,0.49999999999999994,0.5,1.4155343563970746e-14,true,true
css,apple-macos-26.5-2x-light-standard,checkerboard__rrect-lg__rest,0.49999999999999994,0.5,1.4155343563970746e-14,true,true
css,apple-macos-26.5-2x-light-standard,checkerboard__rrect-md__inactive,0.4999999999999999,0.5,2.8310687127941492e-14,true,true
css,apple-macos-26.5-2x-light-standard,checkerboard__rrect-md__inactive-pressed,0.4999999999999999,0.5,2.8310687127941492e-14,false,true
css,apple-macos-26.5-2x-light-standard,checkerboard__rrect-md__pressed,0.4999999999999999,0.5,2.8310687127941492e-14,false,true
css,apple-macos-26.5-2x-light-standard,checkerboard__rrect-md__rest,0.4999999999999999,0.5,2.8310687127941492e-14,true,true
css,apple-macos-26.5-2x-light-standard,checkerboard__rrect-sm__inactive,0.4999999999999999,0.5,2.8310687127941492e-14,true,true
css,apple-macos-26.5-2x-light-standard,checkerboard__rrect-sm__rest,0.4999999999999999,0.5,2.8310687127941492e-14,true,true
css,apple-macos-26.5-2x-light-standard,checkerboard__toolbar-group__inactive,0.4999999999999999,0.5,2.8310687127941492e-14,true,true
css,apple-macos-26.5-2x-light-standard,checkerboard__toolbar-group__rest,0.4999999999999999,0.5,2.8310687127941492e-14,true,true
css,apple-macos-26.5-2x-light-standard,hc-text-28__rrect-lg__rest,0.7083599634786577,0.7083599634786578,2.8310687127941492e-14,true,true
css,apple-macos-26.5-2x-light-standard,hc-text-28__rrect-sm__rest,0.6150375939849623,0.6150375939849624,2.8310687127941492e-14,true,true
css,apple-macos-26.5-2x-light-standard,hc-text-7__rrect-lg__rest,0.6820417712850946,0.6820417712850947,2.8310687127941492e-14,true,true
css,apple-macos-26.5-2x-light-standard,hc-text-7__rrect-sm__rest,0.6228070175438596,0.6228070175438597,2.8310687127941492e-14,true,true
css,apple-macos-26.5-2x-light-standard,hc-text__capsule-button__inactive,0.6029381549208956,0.6029381549208959,5.6621374255882984e-14,true,true
css,apple-macos-26.5-2x-light-standard,hc-text__capsule-button__inactive-tint-orange,0.6029381549208956,0.6029381549208959,5.6621374255882984e-14,true,true
css,apple-macos-26.5-2x-light-standard,hc-text__capsule-button__rest,0.6029381549208956,0.6029381549208959,5.6621374255882984e-14,true,true
css,apple-macos-26.5-2x-light-standard,hc-text__capsule-button__rest-tint-orange,0.6029381549208956,0.6029381549208959,5.6621374255882984e-14,true,true
css,apple-macos-26.5-2x-light-standard,hc-text__rrect-md__inactive,0.6064364677677143,0.6064364677677144,2.8310687127941492e-14,true,true
css,apple-macos-26.5-2x-light-standard,hc-text__rrect-md__rest,0.6064364677677143,0.6064364677677144,2.8310687127941492e-14,true,true
css,apple-macos-26.5-2x-light-standard,impulse__capsule-button__inactive,0.00328744606533799,0.003287446065337979,-2.8753041614315578e-15,true,true
css,apple-macos-26.5-2x-light-standard,impulse__capsule-button__inactive-tint-orange,0.00328744606533799,0.003287446065337979,-2.8753041614315578e-15,true,true
css,apple-macos-26.5-2x-light-standard,impulse__capsule-button__rest,0.00328744606533799,0.003287446065337979,-2.8753041614315578e-15,true,true
css,apple-macos-26.5-2x-light-standard,impulse__capsule-button__rest-tint-orange,0.00328744606533799,0.003287446065337979,-2.8753041614315578e-15,true,true
css,apple-macos-26.5-2x-light-standard,impulse__rrect-lg__inactive,0.005478201323898652,0.005478201323898653,2.211772431870429e-16,true,true
css,apple-macos-26.5-2x-light-standard,impulse__rrect-lg__rest,0.005478201323898652,0.005478201323898653,2.211772431870429e-16,true,true
css,apple-macos-26.5-2x-light-standard,impulse__rrect-md__inactive,0.0031965903036760782,0.0031965903036760674,-2.7647155398380363e-15,true,true
css,apple-macos-26.5-2x-light-standard,impulse__rrect-md__rest,0.0031965903036760782,0.0031965903036760674,-2.7647155398380363e-15,true,true
css,apple-macos-26.5-2x-light-standard,impulse__rrect-ml__inactive,0.0034224598930481277,0.003422459893048128,1.1058862159352145e-16,true,true
css,apple-macos-26.5-2x-light-standard,impulse__rrect-ml__rest,0.0034224598930481277,0.003422459893048128,1.1058862159352145e-16,true,true
css,apple-macos-26.5-2x-light-standard,impulse__rrect-sm__rest,0.008020050125313283,0.008020050125313255,-7.077671781985373e-15,true,true
css,apple-macos-26.5-2x-light-standard,photo__capsule-button__inactive,0.46336221253983406,0.4633622125398313,-7.077671781985373e-13,true,true
css,apple-macos-26.5-2x-light-standard,photo__capsule-button__inactive-pressed,0.46336221253983406,0.4626059486729704,-0.19284728605023616,false,true
css,apple-macos-26.5-2x-light-standard,photo__capsule-button__inactive-tint-blue,0.46336221253983406,0.4633622125398313,-7.077671781985373e-13,true,true
css,apple-macos-26.5-2x-light-standard,photo__capsule-button__inactive-tint-orange,0.46336221253983406,0.4633622125398313,-7.077671781985373e-13,true,true
css,apple-macos-26.5-2x-light-standard,photo__capsule-button__inactive-tint-orange-half,0.46336221253983406,0.4633622125398313,-7.077671781985373e-13,true,true
css,apple-macos-26.5-2x-light-standard,photo__capsule-button__pressed,0.46336221253983406,0.4626059486729704,-0.19284728605023616,false,true
css,apple-macos-26.5-2x-light-standard,photo__capsule-button__rest,0.46336221253983406,0.4633622125398313,-7.077671781985373e-13,true,true
css,apple-macos-26.5-2x-light-standard,photo__capsule-button__rest-tint-blue,0.46336221253983406,0.4633622125398313,-7.077671781985373e-13,true,true
css,apple-macos-26.5-2x-light-standard,photo__capsule-button__rest-tint-orange,0.46336221253983406,0.4633622125398313,-7.077671781985373e-13,true,true
css,apple-macos-26.5-2x-light-standard,photo__capsule-button__rest-tint-orange-half,0.46336221253983406,0.4633622125398313,-7.077671781985373e-13,true,true
css,apple-macos-26.5-2x-light-standard,photo__glass-over-glass__inactive,0.4416431983166167,0.4416431983166171,9.908740494779522e-14,true,true
css,apple-macos-26.5-2x-light-standard,photo__glass-over-glass__rest,0.4416431983166167,0.4416431983166171,9.908740494779522e-14,true,true
css,apple-macos-26.5-2x-light-standard,photo__rrect-lg__inactive,0.4416443888806835,0.44164438888067514,-2.1374568781595826e-12,true,true
css,apple-macos-26.5-2x-light-standard,photo__rrect-lg__inactive-tint-orange,0.4416443888806835,0.44164438888067514,-2.1374568781595826e-12,true,true
css,apple-macos-26.5-2x-light-standard,photo__rrect-lg__rest,0.4416443888806835,0.44164438888067514,-2.1374568781595826e-12,true,true
css,apple-macos-26.5-2x-light-standard,photo__rrect-lg__rest-tint-orange,0.4416443888806835,0.44164438888067514,-2.1374568781595826e-12,true,true
css,apple-macos-26.5-2x-light-standard,photo__rrect-md__inactive,0.44794909244518266,0.44794909244518766,1.2739809207573671e-12,true,true
css,apple-macos-26.5-2x-light-standard,photo__rrect-md__inactive-pressed,0.44794909244518266,0.448286813511084,0.08611887180484501,false,true
css,apple-macos-26.5-2x-light-standard,photo__rrect-md__inactive-tint-orange,0.44794909244518266,0.44794909244518766,1.2739809207573671e-12,true,true
css,apple-macos-26.5-2x-light-standard,photo__rrect-md__pressed,0.44794909244518266,0.448286813511084,0.08611887180484501,false,true
css,apple-macos-26.5-2x-light-standard,photo__rrect-md__rest,0.44794909244518266,0.44794909244518766,1.2739809207573671e-12,true,true
css,apple-macos-26.5-2x-light-standard,photo__rrect-md__rest-tint-orange,0.44794909244518266,0.44794909244518766,1.2739809207573671e-12,true,true
css,apple-macos-26.5-2x-light-standard,photo__rrect-ml__inactive,0.44419389378211177,0.4441938937821124,1.557087792036782e-13,true,true
css,apple-macos-26.5-2x-light-standard,photo__rrect-ml__rest,0.44419389378211177,0.4441938937821124,1.557087792036782e-13,true,true
css,apple-macos-26.5-2x-light-standard,photo__rrect-sm__inactive,0.42317741628581257,0.42317741628581057,-5.095923683029469e-13,true,true
css,apple-macos-26.5-2x-light-standard,photo__rrect-sm__rest,0.42317741628581257,0.42317741628581057,-5.095923683029469e-13,true,true
css,apple-macos-26.5-2x-light-standard,photo__toolbar-group__inactive,0.49151664726910677,0.4915166472691035,-8.35165270274274e-13,true,true
css,apple-macos-26.5-2x-light-standard,photo__toolbar-group__rest,0.49151664726910677,0.4915166472691035,-8.35165270274274e-13,true,true
